facility_id,facility_name,state,county,is_texas,is_houston_area,hospital_ownership,measure_id,measure_name,domain,higher_is_better,score,denominator,period_start,period_end,national_avg,state_avg,national_pct_rank
670102,"AD HOSPITAL EAST, LLC",TX,HARRIS,True,True,Proprietary,H_HSP_RATING_9_10,"Patients who gave their hospital a rating of 9 or 10 on a scale from 0 (lowest) to 10 (highest) — Patients who gave a rating of ""9"" or ""10"" (high)",hcahps,True,60.0,71.0,2024-10-01,2025-09-30,71.74905039250443,73.51851851851852,0.0876393110435664
450152,ADVENTHEALTH CENTRAL TEXAS,TX,BELL,True,False,Voluntary non-profit - Church,H_HSP_RATING_9_10,"Patients who gave their hospital a rating of 9 or 10 on a scale from 0 (lowest) to 10 (highest) — Patients who gave a rating of ""9"" or ""10"" (high)",hcahps,True,76.0,492.0,2024-10-01,2025-09-30,71.74905039250443,73.51851851851852,0.661347517730496
451323,ADVENTHEALTH ROLLINS BROOK,TX,LAMPASAS,True,False,Voluntary non-profit - Church,H_HSP_RATING_9_10,"Patients who gave their hospital a rating of 9 or 10 on a scale from 0 (lowest) to 10 (highest) — Patients who gave a rating of ""9"" or ""10"" (high)",hcahps,True,90.0,44.0,2024-10-01,2025-09-30,71.74905039250443,73.51851851851852,0.970871327254306
670134,ALTUS LUMBERTON HOSPITAL,TX,HARDIN,True,False,Proprietary,H_HSP_RATING_9_10,"Patients who gave their hospital a rating of 9 or 10 on a scale from 0 (lowest) to 10 (highest) — Patients who gave a rating of ""9"" or ""10"" (high)",hcahps,True,91.0,51.0,2024-10-01,2025-09-30,71.74905039250443,73.51851851851852,0.980243161094225
670056,ASCENSION  SETON HAYS,TX,HAYS,True,False,Voluntary non-profit - Private,H_HSP_RATING_9_10,"Patients who gave their hospital a rating of 9 or 10 on a scale from 0 (lowest) to 10 (highest) — Patients who gave a rating of ""9"" or ""10"" (high)",hcahps,True,67.0,504.0,2024-10-01,2025-09-30,71.74905039250443,73.51851851851852,0.28419452887538
450042,ASCENSION PROVIDENCE,TX,MC LENNAN,True,False,Voluntary non-profit - Private,H_HSP_RATING_9_10,"Patients who gave their hospital a rating of 9 or 10 on a scale from 0 (lowest) to 10 (highest) — Patients who gave a rating of ""9"" or ""10"" (high)",hcahps,True,70.0,375.0,2024-10-01,2025-09-30,71.74905039250443,73.51851851851852,0.401975683890578
450865,ASCENSION SETON  SOUTHWEST,TX,HAYS,True,False,Voluntary non-profit - Private,H_HSP_RATING_9_10,"Patients who gave their hospital a rating of 9 or 10 on a scale from 0 (lowest) to 10 (highest) — Patients who gave a rating of ""9"" or ""10"" (high)",hcahps,True,83.0,66.0,2024-10-01,2025-09-30,71.74905039250443,73.51851851851852,0.873353596757852
670043,ASCENSION SETON CEDAR PARK,TX,WILLIAMSON,True,False,Voluntary non-profit - Private,H_HSP_RATING_9_10,"Patients who gave their hospital a rating of 9 or 10 on a scale from 0 (lowest) to 10 (highest) — Patients who gave a rating of ""9"" or ""10"" (high)",hcahps,True,63.0,401.0,2024-10-01,2025-09-30,71.74905039250443,73.51851851851852,0.156281661600811
450056,ASCENSION SETON MEDICAL CENTER AUSTIN,TX,TRAVIS,True,False,Voluntary non-profit - Private,H_HSP_RATING_9_10,"Patients who gave their hospital a rating of 9 or 10 on a scale from 0 (lowest) to 10 (highest) — Patients who gave a rating of ""9"" or ""10"" (high)",hcahps,True,65.0,447.0,2024-10-01,2025-09-30,71.74905039250443,73.51851851851852,0.21225937183384
450867,ASCENSION SETON NORTHWEST,TX,TRAVIS,True,False,Voluntary non-profit - Private,H_HSP_RATING_9_10,"Patients who gave their hospital a rating of 9 or 10 on a scale from 0 (lowest) to 10 (highest) — Patients who gave a rating of ""9"" or ""10"" (high)",hcahps,True,71.0,524.0,2024-10-01,2025-09-30,71.74905039250443,73.51851851851852,0.446555217831814
670041,ASCENSION SETON WILLIAMSON,TX,WILLIAMSON,True,False,Voluntary non-profit - Private,H_HSP_RATING_9_10,"Patients who gave their hospital a rating of 9 or 10 on a scale from 0 (lowest) to 10 (highest) — Patients who gave a rating of ""9"" or ""10"" (high)",hcahps,True,70.0,459.0,2024-10-01,2025-09-30,71.74905039250443,73.51851851851852,0.401975683890578
450346,BAPTIST BEAUMONT HOSPITAL,TX,JEFFERSON,True,False,Voluntary non-profit - Private,H_HSP_RATING_9_10,"Patients who gave their hospital a rating of 9 or 10 on a scale from 0 (lowest) to 10 (highest) — Patients who gave a rating of ""9"" or ""10"" (high)",hcahps,True,69.0,1200.0,2024-10-01,2025-09-30,71.74905039250443,73.51851851851852,0.36144883485309
450058,BAPTIST MEDICAL CENTER,TX,BEXAR,True,False,Proprietary,H_HSP_RATING_9_10,"Patients who gave their hospital a rating of 9 or 10 on a scale from 0 (lowest) to 10 (highest) — Patients who gave a rating of ""9"" or ""10"" (high)",hcahps,True,66.0,3690.0,2024-10-01,2025-09-30,71.74905039250443,73.51851851851852,0.245440729483283
670078,BAPTIST NEIGHBORHOOD HOSPITAL THOUSAND OAKS,TX,BEXAR,True,False,Proprietary,H_HSP_RATING_9_10,"Patients who gave their hospital a rating of 9 or 10 on a scale from 0 (lowest) to 10 (highest) — Patients who gave a rating of ""9"" or ""10"" (high)",hcahps,True,82.0,274.0,2024-10-01,2025-09-30,71.74905039250443,73.51851851851852,0.849797365754813
450883,BAYLOR MEDICAL CENTER AT TROPHY CLUB,TX,DENTON,True,False,Proprietary,H_HSP_RATING_9_10,"Patients who gave their hospital a rating of 9 or 10 on a scale from 0 (lowest) to 10 (highest) — Patients who gave a rating of ""9"" or ""10"" (high)",hcahps,True,67.0,112.0,2024-10-01,2025-09-30,71.74905039250443,73.51851851851852,0.28419452887538
450885,BAYLOR SCOTT &  WHITE MEDICAL CENTER - CENTENNIAL,TX,COLLIN,True,False,Voluntary non-profit - Private,H_HSP_RATING_9_10,"Patients who gave their hospital a rating of 9 or 10 on a scale from 0 (lowest) to 10 (highest) — Patients who gave a rating of ""9"" or ""10"" (high)",hcahps,True,78.0,482.0,2024-10-01,2025-09-30,71.74905039250443,73.51851851851852,0.735562310030395
670062,BAYLOR SCOTT & WHITE EMERGENCY HOSPITAL,TX,DENTON,True,False,Proprietary,H_HSP_RATING_9_10,"Patients who gave their hospital a rating of 9 or 10 on a scale from 0 (lowest) to 10 (highest) — Patients who gave a rating of ""9"" or ""10"" (high)",hcahps,True,73.0,91.0,2024-10-01,2025-09-30,71.74905039250443,73.51851851851852,0.538247213779129
450851,BAYLOR SCOTT & WHITE HEART & VASCULAR HOSPITAL - DALLAS,TX,DALLAS,True,False,Proprietary,H_HSP_RATING_9_10,"Patients who gave their hospital a rating of 9 or 10 on a scale from 0 (lowest) to 10 (highest) — Patients who gave a rating of ""9"" or ""10"" (high)",hcahps,True,84.0,647.0,2024-10-01,2025-09-30,71.74905039250443,73.51851851851852,0.894883485309017
450563,BAYLOR SCOTT & WHITE MEDICAL CENTER  GRAPEVINE,TX,TARRANT,True,False,Voluntary non-profit - Private,H_HSP_RATING_9_10,"Patients who gave their hospital a rating of 9 or 10 on a scale from 0 (lowest) to 10 (highest) — Patients who gave a rating of ""9"" or ""10"" (high)",hcahps,True,77.0,1448.0,2024-10-01,2025-09-30,71.74905039250443,73.51851851851852,0.696048632218845
670131,BAYLOR SCOTT & WHITE MEDICAL CENTER - BUDA,TX,HAYS,True,False,Voluntary non-profit - Private,H_HSP_RATING_9_10,"Patients who gave their hospital a rating of 9 or 10 on a scale from 0 (lowest) to 10 (highest) — Patients who gave a rating of ""9"" or ""10"" (high)",hcahps,True,91.0,57.0,2024-10-01,2025-09-30,71.74905039250443,73.51851851851852,0.980243161094225
450853,BAYLOR SCOTT & WHITE MEDICAL CENTER - FRISCO,TX,DENTON,True,False,Proprietary,H_HSP_RATING_9_10,"Patients who gave their hospital a rating of 9 or 10 on a scale from 0 (lowest) to 10 (highest) — Patients who gave a rating of ""9"" or ""10"" (high)",hcahps,True,79.0,247.0,2024-10-01,2025-09-30,71.74905039250443,73.51851851851852,0.770010131712259
670108,BAYLOR SCOTT & WHITE MEDICAL CENTER - MARBLE FALLS,TX,BURNET,True,False,Voluntary non-profit - Private,H_HSP_RATING_9_10,"Patients who gave their hospital a rating of 9 or 10 on a scale from 0 (lowest) to 10 (highest) — Patients who gave a rating of ""9"" or ""10"" (high)",hcahps,True,77.0,483.0,2024-10-01,2025-09-30,71.74905039250443,73.51851851851852,0.696048632218845
670034,BAYLOR SCOTT & WHITE MEDICAL CENTER - ROUND ROCK,TX,WILLIAMSON,True,False,Voluntary non-profit - Private,H_HSP_RATING_9_10,"Patients who gave their hospital a rating of 9 or 10 on a scale from 0 (lowest) to 10 (highest) — Patients who gave a rating of ""9"" or ""10"" (high)",hcahps,True,76.0,1793.0,2024-10-01,2025-09-30,71.74905039250443,73.51851851851852,0.661347517730496
450054,BAYLOR SCOTT & WHITE MEDICAL CENTER - TEMPLE,TX,BELL,True,False,Voluntary non-profit - Private,H_HSP_RATING_9_10,"Patients who gave their hospital a rating of 9 or 10 on a scale from 0 (lowest) to 10 (highest) — Patients who gave a rating of ""9"" or ""10"" (high)",hcahps,True,74.0,2016.0,2024-10-01,2025-09-30,71.74905039250443,73.51851851851852,0.581306990881459
451374,BAYLOR SCOTT & WHITE MEDICAL CENTER -TAYLOR,TX,WILLIAMSON,True,False,Voluntary non-profit - Private,H_HSP_RATING_9_10,"Patients who gave their hospital a rating of 9 or 10 on a scale from 0 (lowest) to 10 (highest) — Patients who gave a rating of ""9"" or ""10"" (high)",hcahps,True,73.0,55.0,2024-10-01,2025-09-30,71.74905039250443,73.51851851851852,0.538247213779129
450079,BAYLOR SCOTT & WHITE MEDICAL CENTER AT IRVING,TX,DALLAS,True,False,Voluntary non-profit - Private,H_HSP_RATING_9_10,"Patients who gave their hospital a rating of 9 or 10 on a scale from 0 (lowest) to 10 (highest) — Patients who gave a rating of ""9"" or ""10"" (high)",hcahps,True,75.0,821.0,2024-10-01,2025-09-30,71.74905039250443,73.51851851851852,0.617021276595745
450101,BAYLOR SCOTT & WHITE MEDICAL CENTER HILLCREST,TX,MC LENNAN,True,False,Voluntary non-profit - Private,H_HSP_RATING_9_10,"Patients who gave their hospital a rating of 9 or 10 on a scale from 0 (lowest) to 10 (highest) — Patients who gave a rating of ""9"" or ""10"" (high)",hcahps,True,78.0,1536.0,2024-10-01,2025-09-30,71.74905039250443,73.51851851851852,0.735562310030395
670128,BAYLOR SCOTT & WHITE MEDICAL CENTER PFLUGERVILLE,TX,TRAVIS,True,False,Voluntary non-profit - Private,H_HSP_RATING_9_10,"Patients who gave their hospital a rating of 9 or 10 on a scale from 0 (lowest) to 10 (highest) — Patients who gave a rating of ""9"" or ""10"" (high)",hcahps,True,78.0,162.0,2024-10-01,2025-09-30,71.74905039250443,73.51851851851852,0.735562310030395
450890,BAYLOR SCOTT & WHITE MEDICAL CENTER PLANO,TX,COLLIN,True,False,Voluntary non-profit - Other,H_HSP_RATING_9_10,"Patients who gave their hospital a rating of 9 or 10 on a scale from 0 (lowest) to 10 (highest) — Patients who gave a rating of ""9"" or ""10"" (high)",hcahps,True,81.0,786.0,2024-10-01,2025-09-30,71.74905039250443,73.51851851851852,0.824214792299899
670136,BAYLOR SCOTT & WHITE MEDICAL CENTER- AUSTIN,TX,TRAVIS,True,False,Voluntary non-profit - Private,H_HSP_RATING_9_10,"Patients who gave their hospital a rating of 9 or 10 on a scale from 0 (lowest) to 10 (highest) — Patients who gave a rating of ""9"" or ""10"" (high)",hcahps,True,81.0,67.0,2024-10-01,2025-09-30,71.74905039250443,73.51851851851852,0.824214792299899
670088,BAYLOR SCOTT & WHITE MEDICAL CENTER- COLLEGE STATI,TX,BRAZOS,True,False,Voluntary non-profit - Private,H_HSP_RATING_9_10,"Patients who gave their hospital a rating of 9 or 10 on a scale from 0 (lowest) to 10 (highest) — Patients who gave a rating of ""9"" or ""10"" (high)",hcahps,True,80.0,1151.0,2024-10-01,2025-09-30,71.74905039250443,73.51851851851852,0.798885511651469
450372,BAYLOR SCOTT & WHITE MEDICAL CENTER- WAXAHACHIE,TX,ELLIS,True,False,Voluntary non-profit - Private,H_HSP_RATING_9_10,"Patients who gave their hospital a rating of 9 or 10 on a scale from 0 (lowest) to 10 (highest) — Patients who gave a rating of ""9"" or ""10"" (high)",hcahps,True,75.0,589.0,2024-10-01,2025-09-30,71.74905039250443,73.51851851851852,0.617021276595745
450864,BAYLOR SCOTT & WHITE TEXAS SPINE & JOINT HOSPITAL,TX,SMITH,True,False,Physician,H_HSP_RATING_9_10,"Patients who gave their hospital a rating of 9 or 10 on a scale from 0 (lowest) to 10 (highest) — Patients who gave a rating of ""9"" or ""10"" (high)",hcahps,True,81.0,404.0,2024-10-01,2025-09-30,71.74905039250443,73.51851851851852,0.824214792299899
670025,BAYLOR SCOTT & WHITE THE HEART HOSPITAL PLANO,TX,COLLIN,True,False,Physician,H_HSP_RATING_9_10,"Patients who gave their hospital a rating of 9 or 10 on a scale from 0 (lowest) to 10 (highest) — Patients who gave a rating of ""9"" or ""10"" (high)",hcahps,True,87.0,2065.0,2024-10-01,2025-09-30,71.74905039250443,73.51851851851852,0.939969604863222
670082,BAYLOR SCOTT AND WHITE  MEDICAL CENTER  MCKINNEY,TX,COLLIN,True,False,Voluntary non-profit - Private,H_HSP_RATING_9_10,"Patients who gave their hospital a rating of 9 or 10 on a scale from 0 (lowest) to 10 (highest) — Patients who gave a rating of ""9"" or ""10"" (high)",hcahps,True,79.0,1263.0,2024-10-01,2025-09-30,71.74905039250443,73.51851851851852,0.770010131712259
450137,BAYLOR SCOTT AND WHITE ALL SAINTS MEDICAL CENTER,TX,TARRANT,True,False,Voluntary non-profit - Private,H_HSP_RATING_9_10,"Patients who gave their hospital a rating of 9 or 10 on a scale from 0 (lowest) to 10 (highest) — Patients who gave a rating of ""9"" or ""10"" (high)",hcahps,True,74.0,1160.0,2024-10-01,2025-09-30,71.74905039250443,73.51851851851852,0.581306990881459
670107,BAYLOR SCOTT AND WHITE EMERGENCY HOSPITAL,TX,JOHNSON,True,False,Proprietary,H_HSP_RATING_9_10,"Patients who gave their hospital a rating of 9 or 10 on a scale from 0 (lowest) to 10 (highest) — Patients who gave a rating of ""9"" or ""10"" (high)",hcahps,True,75.0,49.0,2024-10-01,2025-09-30,71.74905039250443,73.51851851851852,0.617021276595745
450742,BAYLOR SCOTT AND WHITE MEDICAL CENTER LAKE POINTE,TX,DALLAS,True,False,Voluntary non-profit - Private,H_HSP_RATING_9_10,"Patients who gave their hospital a rating of 9 or 10 on a scale from 0 (lowest) to 10 (highest) — Patients who gave a rating of ""9"" or ""10"" (high)",hcahps,True,72.0,688.0,2024-10-01,2025-09-30,71.74905039250443,73.51851851851852,0.494174265450861
670060,BAYLOR SCOTT AND WHITE MEDICAL CENTER SUNNYVALE,TX,DALLAS,True,False,Proprietary,H_HSP_RATING_9_10,"Patients who gave their hospital a rating of 9 or 10 on a scale from 0 (lowest) to 10 (highest) — Patients who gave a rating of ""9"" or ""10"" (high)",hcahps,True,55.0,388.0,2024-10-01,2025-09-30,71.74905039250443,73.51851851851852,0.0326747720364742
450422,BAYLOR SCOTT AND WHITE MEDICAL CENTER UPTOWN,TX,DALLAS,True,False,Proprietary,H_HSP_RATING_9_10,"Patients who gave their hospital a rating of 9 or 10 on a scale from 0 (lowest) to 10 (highest) — Patients who gave a rating of ""9"" or ""10"" (high)",hcahps,True,73.0,77.0,2024-10-01,2025-09-30,71.74905039250443,73.51851851851852,0.538247213779129
670067,BAYLOR SCOTT AND WHITE ORTHOPEDIC AND SPINE HOSPI,TX,TARRANT,True,False,Proprietary,H_HSP_RATING_9_10,"Patients who gave their hospital a rating of 9 or 10 on a scale from 0 (lowest) to 10 (highest) — Patients who gave a rating of ""9"" or ""10"" (high)",hcahps,True,82.0,347.0,2024-10-01,2025-09-30,71.74905039250443,73.51851851851852,0.849797365754813
670076,BAYLOR SCOTT AND WHITE SURGICAL HOSPITAL AT SHERMA,TX,GRAYSON,True,False,Physician,H_HSP_RATING_9_10,"Patients who gave their hospital a rating of 9 or 10 on a scale from 0 (lowest) to 10 (highest) — Patients who gave a rating of ""9"" or ""10"" (high)",hcahps,True,82.0,92.0,2024-10-01,2025-09-30,71.74905039250443,73.51851851851852,0.849797365754813
450880,BAYLOR SCOTT AND WHITE SURGICAL HOSPITAL FORTWORTH,TX,TARRANT,True,False,Physician,H_HSP_RATING_9_10,"Patients who gave their hospital a rating of 9 or 10 on a scale from 0 (lowest) to 10 (highest) — Patients who gave a rating of ""9"" or ""10"" (high)",hcahps,True,75.0,296.0,2024-10-01,2025-09-30,71.74905039250443,73.51851851851852,0.617021276595745
450193,Baylor St Lukes Medical Center,TX,HARRIS,True,True,Voluntary non-profit - Church,H_HSP_RATING_9_10,"Patients who gave their hospital a rating of 9 or 10 on a scale from 0 (lowest) to 10 (highest) — Patients who gave a rating of ""9"" or ""10"" (high)",hcahps,True,70.0,518.0,2024-10-01,2025-09-30,71.74905039250443,73.51851851851852,0.401975683890578
450874,BAYLOR SURGICAL HOSPITAL AT LAS COLINAS,TX,DALLAS,True,False,Proprietary,H_HSP_RATING_9_10,"Patients who gave their hospital a rating of 9 or 10 on a scale from 0 (lowest) to 10 (highest) — Patients who gave a rating of ""9"" or ""10"" (high)",hcahps,True,77.0,191.0,2024-10-01,2025-09-30,71.74905039250443,73.51851851851852,0.696048632218845
450021,BAYLOR UNIVERSITY MEDICAL CENTER,TX,DALLAS,True,False,Voluntary non-profit - Private,H_HSP_RATING_9_10,"Patients who gave their hospital a rating of 9 or 10 on a scale from 0 (lowest) to 10 (highest) — Patients who gave a rating of ""9"" or ""10"" (high)",hcahps,True,71.0,2542.0,2024-10-01,2025-09-30,71.74905039250443,73.51851851851852,0.446555217831814
451378,BIG BEND REGIONAL MEDICAL CENTER,TX,BREWSTER,True,False,Proprietary,H_HSP_RATING_9_10,"Patients who gave their hospital a rating of 9 or 10 on a scale from 0 (lowest) to 10 (highest) — Patients who gave a rating of ""9"" or ""10"" (high)",hcahps,True,64.0,102.0,2024-10-01,2025-09-30,71.74905039250443,73.51851851851852,0.181357649442756
45069F,Brooke Army Medical Center (FT Sam Houston),TX,BEXAR,True,False,Department of Defense,H_HSP_RATING_9_10,"Patients who gave their hospital a rating of 9 or 10 on a scale from 0 (lowest) to 10 (highest) — Patients who gave a rating of ""9"" or ""10"" (high)",hcahps,True,85.0,3271.0,2024-10-01,2025-09-30,71.74905039250443,73.51851851851852,0.911600810536981
450399,BROWNFIELD REGIONAL MEDICAL CENTER,TX,TERRY,True,False,Government - Hospital District or Authority,H_HSP_RATING_9_10,"Patients who gave their hospital a rating of 9 or 10 on a scale from 0 (lowest) to 10 (highest) — Patients who gave a rating of ""9"" or ""10"" (high)",hcahps,True,73.0,40.0,2024-10-01,2025-09-30,71.74905039250443,73.51851851851852,0.538247213779129
450231,BSA HOSPITAL,TX,POTTER,True,False,Proprietary,H_HSP_RATING_9_10,"Patients who gave their hospital a rating of 9 or 10 on a scale from 0 (lowest) to 10 (highest) — Patients who gave a rating of ""9"" or ""10"" (high)",hcahps,True,73.0,1676.0,2024-10-01,2025-09-30,71.74905039250443,73.51851851851852,0.538247213779129
450730,CARROLLTON REGIONAL MEDICAL CENTER,TX,DENTON,True,False,Proprietary,H_HSP_RATING_9_10,"Patients who gave their hospital a rating of 9 or 10 on a scale from 0 (lowest) to 10 (highest) — Patients who gave a rating of ""9"" or ""10"" (high)",hcahps,True,61.0,249.0,2024-10-01,2025-09-30,71.74905039250443,73.51851851851852,0.108156028368794
450011,CHI ST JOSEPH HEALTH REGIONAL HOSPITAL,TX,BRAZOS,True,False,Voluntary non-profit - Private,H_HSP_RATING_9_10,"Patients who gave their hospital a rating of 9 or 10 on a scale from 0 (lowest) to 10 (highest) — Patients who gave a rating of ""9"" or ""10"" (high)",hcahps,True,66.0,1193.0,2024-10-01,2025-09-30,71.74905039250443,73.51851851851852,0.245440729483283
450072,CHI ST LUKE'S HEALTH BRAZOSPORT,TX,BRAZORIA,True,True,Voluntary non-profit - Private,H_HSP_RATING_9_10,"Patients who gave their hospital a rating of 9 or 10 on a scale from 0 (lowest) to 10 (highest) — Patients who gave a rating of ""9"" or ""10"" (high)",hcahps,True,68.0,477.0,2024-10-01,2025-09-30,71.74905039250443,73.51851851851852,0.322441742654509
450395,CHI ST LUKES HEALTH MEMORIAL LIVINGSTON,TX,POLK,True,False,Voluntary non-profit - Private,H_HSP_RATING_9_10,"Patients who gave their hospital a rating of 9 or 10 on a scale from 0 (lowest) to 10 (highest) — Patients who gave a rating of ""9"" or ""10"" (high)",hcahps,True,75.0,146.0,2024-10-01,2025-09-30,71.74905039250443,73.51851851851852,0.617021276595745
450211,CHI ST LUKES HEALTH MEMORIAL LUFKIN,TX,ANGELINA,True,False,Voluntary non-profit - Private,H_HSP_RATING_9_10,"Patients who gave their hospital a rating of 9 or 10 on a scale from 0 (lowest) to 10 (highest) — Patients who gave a rating of ""9"" or ""10"" (high)",hcahps,True,71.0,521.0,2024-10-01,2025-09-30,71.74905039250443,73.51851851851852,0.446555217831814
670059,CHI ST LUKES LAKESIDE HOSPITAL,TX,MONTGOMERY,True,True,Voluntary non-profit - Other,H_HSP_RATING_9_10,"Patients who gave their hospital a rating of 9 or 10 on a scale from 0 (lowest) to 10 (highest) — Patients who gave a rating of ""9"" or ""10"" (high)",hcahps,True,83.0,159.0,2024-10-01,2025-09-30,71.74905039250443,73.51851851851852,0.873353596757852
450369,CHILDRESS REGIONAL MEDICAL CENTER,TX,CHILDRESS,True,False,Government - Hospital District or Authority,H_HSP_RATING_9_10,"Patients who gave their hospital a rating of 9 or 10 on a scale from 0 (lowest) to 10 (highest) — Patients who gave a rating of ""9"" or ""10"" (high)",hcahps,True,96.0,78.0,2024-10-01,2025-09-30,71.74905039250443,73.51851851851852,0.997467071935157
450032,CHRISTUS GOOD SHEPHERD MEDICAL CENTER,TX,GREGG,True,False,Voluntary non-profit - Private,H_HSP_RATING_9_10,"Patients who gave their hospital a rating of 9 or 10 on a scale from 0 (lowest) to 10 (highest) — Patients who gave a rating of ""9"" or ""10"" (high)",hcahps,True,74.0,503.0,2024-10-01,2025-09-30,71.74905039250443,73.51851851851852,0.581306990881459
450573,CHRISTUS JASPER MEMORIAL HOSPITAL,TX,JASPER,True,False,Voluntary non-profit - Private,H_HSP_RATING_9_10,"Patients who gave their hospital a rating of 9 or 10 on a scale from 0 (lowest) to 10 (highest) — Patients who gave a rating of ""9"" or ""10"" (high)",hcahps,True,72.0,57.0,2024-10-01,2025-09-30,71.74905039250443,73.51851851851852,0.494174265450861
450102,CHRISTUS MOTHER FRANCES HOSPITAL,TX,SMITH,True,False,Voluntary non-profit - Private,H_HSP_RATING_9_10,"Patients who gave their hospital a rating of 9 or 10 on a scale from 0 (lowest) to 10 (highest) — Patients who gave a rating of ""9"" or ""10"" (high)",hcahps,True,72.0,561.0,2024-10-01,2025-09-30,71.74905039250443,73.51851851851852,0.494174265450861
450236,CHRISTUS MOTHER FRANCES HOSPITAL SULPHUR SPRINGS,TX,HOPKINS,True,False,Voluntary non-profit - Private,H_HSP_RATING_9_10,"Patients who gave their hospital a rating of 9 or 10 on a scale from 0 (lowest) to 10 (highest) — Patients who gave a rating of ""9"" or ""10"" (high)",hcahps,True,82.0,402.0,2024-10-01,2025-09-30,71.74905039250443,73.51851851851852,0.849797365754813
451319,CHRISTUS MOTHER FRANCES HOSPITAL- JACKSONVILLE,TX,CHEROKEE,True,False,Voluntary non-profit - Private,H_HSP_RATING_9_10,"Patients who gave their hospital a rating of 9 or 10 on a scale from 0 (lowest) to 10 (highest) — Patients who gave a rating of ""9"" or ""10"" (high)",hcahps,True,90.0,122.0,2024-10-01,2025-09-30,71.74905039250443,73.51851851851852,0.970871327254306
450272,CHRISTUS SANTA ROSA HOSPITAL-SAN MARCOS,TX,HAYS,True,False,Voluntary non-profit - Church,H_HSP_RATING_9_10,"Patients who gave their hospital a rating of 9 or 10 on a scale from 0 (lowest) to 10 (highest) — Patients who gave a rating of ""9"" or ""10"" (high)",hcahps,True,71.0,848.0,2024-10-01,2025-09-30,71.74905039250443,73.51851851851852,0.446555217831814
450237,CHRISTUS SANTA ROSA MEDICAL CENTER,TX,BEXAR,True,False,Voluntary non-profit - Private,H_HSP_RATING_9_10,"Patients who gave their hospital a rating of 9 or 10 on a scale from 0 (lowest) to 10 (highest) — Patients who gave a rating of ""9"" or ""10"" (high)",hcahps,True,72.0,485.0,2024-10-01,2025-09-30,71.74905039250443,73.51851851851852,0.494174265450861
450034,CHRISTUS SOUTHEAST TEXAS- ST ELIZABETH,TX,JEFFERSON,True,False,Voluntary non-profit - Private,H_HSP_RATING_9_10,"Patients who gave their hospital a rating of 9 or 10 on a scale from 0 (lowest) to 10 (highest) — Patients who gave a rating of ""9"" or ""10"" (high)",hcahps,True,65.0,455.0,2024-10-01,2025-09-30,71.74905039250443,73.51851851851852,0.21225937183384
450828,CHRISTUS SPOHN HOSPITAL ALICE,TX,JIM WELLS,True,False,Voluntary non-profit - Private,H_HSP_RATING_9_10,"Patients who gave their hospital a rating of 9 or 10 on a scale from 0 (lowest) to 10 (highest) — Patients who gave a rating of ""9"" or ""10"" (high)",hcahps,True,77.0,184.0,2024-10-01,2025-09-30,71.74905039250443,73.51851851851852,0.696048632218845
450082,CHRISTUS SPOHN HOSPITAL BEEVILLE,TX,BEE,True,False,Voluntary non-profit - Private,H_HSP_RATING_9_10,"Patients who gave their hospital a rating of 9 or 10 on a scale from 0 (lowest) to 10 (highest) — Patients who gave a rating of ""9"" or ""10"" (high)",hcahps,True,59.0,142.0,2024-10-01,2025-09-30,71.74905039250443,73.51851851851852,0.0704154002026342
450046,CHRISTUS SPOHN HOSPITAL CORPUS CHRISTI,TX,NUECES,True,False,Voluntary non-profit - Private,H_HSP_RATING_9_10,"Patients who gave their hospital a rating of 9 or 10 on a scale from 0 (lowest) to 10 (highest) — Patients who gave a rating of ""9"" or ""10"" (high)",hcahps,True,72.0,474.0,2024-10-01,2025-09-30,71.74905039250443,73.51851851851852,0.494174265450861
450163,CHRISTUS SPOHN HOSPITAL KLEBERG,TX,KLEBERG,True,False,Voluntary non-profit - Private,H_HSP_RATING_9_10,"Patients who gave their hospital a rating of 9 or 10 on a scale from 0 (lowest) to 10 (highest) — Patients who gave a rating of ""9"" or ""10"" (high)",hcahps,True,71.0,189.0,2024-10-01,2025-09-30,71.74905039250443,73.51851851851852,0.446555217831814
450801,CHRISTUS ST MICHAEL HEALTH SYSTEM,TX,BOWIE,True,False,Voluntary non-profit - Private,H_HSP_RATING_9_10,"Patients who gave their hospital a rating of 9 or 10 on a scale from 0 (lowest) to 10 (highest) — Patients who gave a rating of ""9"" or ""10"" (high)",hcahps,True,71.0,587.0,2024-10-01,2025-09-30,71.74905039250443,73.51851851851852,0.446555217831814
450023,CITIZENS MEDICAL CENTER,TX,VICTORIA,True,False,Voluntary non-profit - Other,H_HSP_RATING_9_10,"Patients who gave their hospital a rating of 9 or 10 on a scale from 0 (lowest) to 10 (highest) — Patients who gave a rating of ""9"" or ""10"" (high)",hcahps,True,73.0,964.0,2024-10-01,2025-09-30,71.74905039250443,73.51851851851852,0.538247213779129
451384,COGDELL MEMORIAL HOSPITAL,TX,SCURRY,True,False,Government - Hospital District or Authority,H_HSP_RATING_9_10,"Patients who gave their hospital a rating of 9 or 10 on a scale from 0 (lowest) to 10 (highest) — Patients who gave a rating of ""9"" or ""10"" (high)",hcahps,True,79.0,81.0,2024-10-01,2025-09-30,71.74905039250443,73.51851851851852,0.770010131712259
451347,COLEMAN COUNTY MEDICAL CENTER COMPANY,TX,COLEMAN,True,False,Proprietary,H_HSP_RATING_9_10,"Patients who gave their hospital a rating of 9 or 10 on a scale from 0 (lowest) to 10 (highest) — Patients who gave a rating of ""9"" or ""10"" (high)",hcahps,True,93.0,61.0,2024-10-01,2025-09-30,71.74905039250443,73.51851851851852,0.98936170212766
450370,COLUMBUS COMMUNITY HOSPITAL,TX,COLORADO,True,False,Voluntary non-profit - Private,H_HSP_RATING_9_10,"Patients who gave their hospital a rating of 9 or 10 on a scale from 0 (lowest) to 10 (highest) — Patients who gave a rating of ""9"" or ""10"" (high)",hcahps,True,67.0,119.0,2024-10-01,2025-09-30,71.74905039250443,73.51851851851852,0.28419452887538
451382,COMANCHE COUNTY MEDICAL CENTER,TX,COMANCHE,True,False,Voluntary non-profit - Private,H_HSP_RATING_9_10,"Patients who gave their hospital a rating of 9 or 10 on a scale from 0 (lowest) to 10 (highest) — Patients who gave a rating of ""9"" or ""10"" (high)",hcahps,True,67.0,57.0,2024-10-01,2025-09-30,71.74905039250443,73.51851851851852,0.28419452887538
450108,CONNALLY MEMORIAL MEDICAL CENTER,TX,WILSON,True,False,Government - Hospital District or Authority,H_HSP_RATING_9_10,"Patients who gave their hospital a rating of 9 or 10 on a scale from 0 (lowest) to 10 (highest) — Patients who gave a rating of ""9"" or ""10"" (high)",hcahps,True,90.0,75.0,2024-10-01,2025-09-30,71.74905039250443,73.51851851851852,0.970871327254306
451331,COON MEMORIAL HOSPITAL,TX,DALLAM,True,False,Government - Hospital District or Authority,H_HSP_RATING_9_10,"Patients who gave their hospital a rating of 9 or 10 on a scale from 0 (lowest) to 10 (highest) — Patients who gave a rating of ""9"" or ""10"" (high)",hcahps,True,75.0,49.0,2024-10-01,2025-09-30,71.74905039250443,73.51851851851852,0.617021276595745
450788,"CORPUS CHRISTI MEDICAL CENTER,THE",TX,NUECES,True,False,Voluntary non-profit - Other,H_HSP_RATING_9_10,"Patients who gave their hospital a rating of 9 or 10 on a scale from 0 (lowest) to 10 (highest) — Patients who gave a rating of ""9"" or ""10"" (high)",hcahps,True,65.0,1399.0,2024-10-01,2025-09-30,71.74905039250443,73.51851851851852,0.21225937183384
451379,CORYELL MEMORIAL HOSPITAL,TX,CORYELL,True,False,Government - Hospital District or Authority,H_HSP_RATING_9_10,"Patients who gave their hospital a rating of 9 or 10 on a scale from 0 (lowest) to 10 (highest) — Patients who gave a rating of ""9"" or ""10"" (high)",hcahps,True,81.0,133.0,2024-10-01,2025-09-30,71.74905039250443,73.51851851851852,0.824214792299899
450755,COVENANT HOSPITAL LEVELLAND,TX,HOCKLEY,True,False,Voluntary non-profit - Private,H_HSP_RATING_9_10,"Patients who gave their hospital a rating of 9 or 10 on a scale from 0 (lowest) to 10 (highest) — Patients who gave a rating of ""9"" or ""10"" (high)",hcahps,True,75.0,46.0,2024-10-01,2025-09-30,71.74905039250443,73.51851851851852,0.617021276595745
450539,COVENANT HOSPITAL PLAINVIEW,TX,HALE,True,False,Voluntary non-profit - Private,H_HSP_RATING_9_10,"Patients who gave their hospital a rating of 9 or 10 on a scale from 0 (lowest) to 10 (highest) — Patients who gave a rating of ""9"" or ""10"" (high)",hcahps,True,71.0,144.0,2024-10-01,2025-09-30,71.74905039250443,73.51851851851852,0.446555217831814
450040,COVENANT MEDICAL CENTER,TX,LUBBOCK,True,False,Voluntary non-profit - Private,H_HSP_RATING_9_10,"Patients who gave their hospital a rating of 9 or 10 on a scale from 0 (lowest) to 10 (highest) — Patients who gave a rating of ""9"" or ""10"" (high)",hcahps,True,70.0,868.0,2024-10-01,2025-09-30,71.74905039250443,73.51851851851852,0.401975683890578
670090,CRESCENT MEDICAL CENTER LANCASTER,TX,DALLAS,True,False,Proprietary,H_HSP_RATING_9_10,"Patients who gave their hospital a rating of 9 or 10 on a scale from 0 (lowest) to 10 (highest) — Patients who gave a rating of ""9"" or ""10"" (high)",hcahps,True,62.0,37.0,2024-10-01,2025-09-30,71.74905039250443,73.51851851851852,0.132218844984802
450597,CUERO REGIONAL HOSPITAL,TX,DE WITT,True,False,Government - Hospital District or Authority,H_HSP_RATING_9_10,"Patients who gave their hospital a rating of 9 or 10 on a scale from 0 (lowest) to 10 (highest) — Patients who gave a rating of ""9"" or ""10"" (high)",hcahps,True,74.0,32.0,2024-10-01,2025-09-30,71.74905039250443,73.51851851851852,0.581306990881459
450379,DALLAS MEDICAL CENTER,TX,DALLAS,True,False,Proprietary,H_HSP_RATING_9_10,"Patients who gave their hospital a rating of 9 or 10 on a scale from 0 (lowest) to 10 (highest) — Patients who gave a rating of ""9"" or ""10"" (high)",hcahps,True,60.0,214.0,2024-10-01,2025-09-30,71.74905039250443,73.51851851851852,0.0876393110435664
450688,DALLAS REGIONAL MEDICAL CENTER,TX,DALLAS,True,False,Proprietary,H_HSP_RATING_9_10,"Patients who gave their hospital a rating of 9 or 10 on a scale from 0 (lowest) to 10 (highest) — Patients who gave a rating of ""9"" or ""10"" (high)",hcahps,True,64.0,464.0,2024-10-01,2025-09-30,71.74905039250443,73.51851851851852,0.181357649442756
45066F,DALLAS VA MEDICAL CENTER (VA NORTH TEXAS HEALTHCARE SYSTEM),TX,DALLAS,True,False,Veterans Health Administration,H_HSP_RATING_9_10,"Patients who gave their hospital a rating of 9 or 10 on a scale from 0 (lowest) to 10 (highest) — Patients who gave a rating of ""9"" or ""10"" (high)",hcahps,True,66.0,496.0,2024-10-01,2025-09-30,71.74905039250443,73.51851851851852,0.245440729483283
45070F,Darnall AMC (FT Cavazos),TX,BELL,True,False,Department of Defense,H_HSP_RATING_9_10,"Patients who gave their hospital a rating of 9 or 10 on a scale from 0 (lowest) to 10 (highest) — Patients who gave a rating of ""9"" or ""10"" (high)",hcahps,True,77.0,698.0,2024-10-01,2025-09-30,71.74905039250443,73.51851851851852,0.696048632218845
450147,DE TAR HOSPITAL NAVARRO,TX,VICTORIA,True,False,Proprietary,H_HSP_RATING_9_10,"Patients who gave their hospital a rating of 9 or 10 on a scale from 0 (lowest) to 10 (highest) — Patients who gave a rating of ""9"" or ""10"" (high)",hcahps,True,65.0,443.0,2024-10-01,2025-09-30,71.74905039250443,73.51851851851852,0.21225937183384
450124,DELL SETON  MED CENTER AT THE UNIVERSITY OF TX,TX,TRAVIS,True,False,Voluntary non-profit - Private,H_HSP_RATING_9_10,"Patients who gave their hospital a rating of 9 or 10 on a scale from 0 (lowest) to 10 (highest) — Patients who gave a rating of ""9"" or ""10"" (high)",hcahps,True,78.0,431.0,2024-10-01,2025-09-30,71.74905039250443,73.51851851851852,0.735562310030395
450643,DOCTORS HOSPITAL OF LAREDO,TX,WEBB,True,False,Proprietary,H_HSP_RATING_9_10,"Patients who gave their hospital a rating of 9 or 10 on a scale from 0 (lowest) to 10 (highest) — Patients who gave a rating of ""9"" or ""10"" (high)",hcahps,True,67.0,452.0,2024-10-01,2025-09-30,71.74905039250443,73.51851851851852,0.28419452887538
450869,DOCTORS HOSPTAL AT RENAISSANCE,TX,HIDALGO,True,False,Physician,H_HSP_RATING_9_10,"Patients who gave their hospital a rating of 9 or 10 on a scale from 0 (lowest) to 10 (highest) — Patients who gave a rating of ""9"" or ""10"" (high)",hcahps,True,69.0,3413.0,2024-10-01,2025-09-30,71.74905039250443,73.51851851851852,0.36144883485309
450694,EL CAMPO MEMORIAL HOSPITAL,TX,WHARTON,True,False,Voluntary non-profit - Other,H_HSP_RATING_9_10,"Patients who gave their hospital a rating of 9 or 10 on a scale from 0 (lowest) to 10 (highest) — Patients who gave a rating of ""9"" or ""10"" (high)",hcahps,True,53.0,123.0,2024-10-01,2025-09-30,71.74905039250443,73.51851851851852,0.022289766970618
451343,ELECTRA MEMORIAL HOSPITAL,TX,WICHITA,True,False,Government - Hospital District or Authority,H_HSP_RATING_9_10,"Patients who gave their hospital a rating of 9 or 10 on a scale from 0 (lowest) to 10 (highest) — Patients who gave a rating of ""9"" or ""10"" (high)",hcahps,True,95.0,63.0,2024-10-01,2025-09-30,71.74905039250443,73.51851851851852,0.995187436676798
450833,ENNIS REGIONAL MEDICAL CENTER,TX,ELLIS,True,False,Proprietary,H_HSP_RATING_9_10,"Patients who gave their hospital a rating of 9 or 10 on a scale from 0 (lowest) to 10 (highest) — Patients who gave a rating of ""9"" or ""10"" (high)",hcahps,True,78.0,38.0,2024-10-01,2025-09-30,71.74905039250443,73.51851851851852,0.735562310030395
450241,FAITH COMMUNITY HOSPITAL,TX,JACK,True,False,Government - Hospital District or Authority,H_HSP_RATING_9_10,"Patients who gave their hospital a rating of 9 or 10 on a scale from 0 (lowest) to 10 (highest) — Patients who gave a rating of ""9"" or ""10"" (high)",hcahps,True,75.0,37.0,2024-10-01,2025-09-30,71.74905039250443,73.51851851851852,0.617021276595745
450092,FORT DUNCAN MEDICAL CENTER,TX,MAVERICK,True,False,Proprietary,H_HSP_RATING_9_10,"Patients who gave their hospital a rating of 9 or 10 on a scale from 0 (lowest) to 10 (highest) — Patients who gave a rating of ""9"" or ""10"" (high)",hcahps,True,59.0,143.0,2024-10-01,2025-09-30,71.74905039250443,73.51851851851852,0.0704154002026342
670054,FOUNDATION SURGICAL HOSPITAL OF SAN ANTONIO,TX,BEXAR,True,False,Proprietary,H_HSP_RATING_9_10,"Patients who gave their hospital a rating of 9 or 10 on a scale from 0 (lowest) to 10 (highest) — Patients who gave a rating of ""9"" or ""10"" (high)",hcahps,True,80.0,70.0,2024-10-01,2025-09-30,71.74905039250443,73.51851851851852,0.798885511651469
451391,FRIO REGIONAL HOSPITAL,TX,FRIO,True,False,Voluntary non-profit - Private,H_HSP_RATING_9_10,"Patients who gave their hospital a rating of 9 or 10 on a scale from 0 (lowest) to 10 (highest) — Patients who gave a rating of ""9"" or ""10"" (high)",hcahps,True,78.0,43.0,2024-10-01,2025-09-30,71.74905039250443,73.51851851851852,0.735562310030395
450451,GLEN ROSE MEDICAL CENTER,TX,SOMERVELL,True,False,Government - Hospital District or Authority,H_HSP_RATING_9_10,"Patients who gave their hospital a rating of 9 or 10 on a scale from 0 (lowest) to 10 (highest) — Patients who gave a rating of ""9"" or ""10"" (high)",hcahps,True,89.0,39.0,2024-10-01,2025-09-30,71.74905039250443,73.51851851851852,0.962006079027356
451369,GOLDEN PLAINS COMMUNITY HOSPITAL,TX,HUTCHINSON,True,False,Proprietary,H_HSP_RATING_9_10,"Patients who gave their hospital a rating of 9 or 10 on a scale from 0 (lowest) to 10 (highest) — Patients who gave a rating of ""9"" or ""10"" (high)",hcahps,True,74.0,34.0,2024-10-01,2025-09-30,71.74905039250443,73.51851851851852,0.581306990881459
450162,GRACE SURGICAL HOSPITAL,TX,LUBBOCK,True,False,Voluntary non-profit - Private,H_HSP_RATING_9_10,"Patients who gave their hospital a rating of 9 or 10 on a scale from 0 (lowest) to 10 (highest) — Patients who gave a rating of ""9"" or ""10"" (high)",hcahps,True,87.0,70.0,2024-10-01,2025-09-30,71.74905039250443,73.51851851851852,0.939969604863222
671300,GRAHAM REGIONAL MEDICAL CENTER,TX,YOUNG,True,False,Government - Hospital District or Authority,H_HSP_RATING_9_10,"Patients who gave their hospital a rating of 9 or 10 on a scale from 0 (lowest) to 10 (highest) — Patients who gave a rating of ""9"" or ""10"" (high)",hcahps,True,87.0,42.0,2024-10-01,2025-09-30,71.74905039250443,73.51851851851852,0.939969604863222
450104,GUADALUPE REGIONAL MEDICAL CENTER,TX,GUADALUPE,True,False,Government - Local,H_HSP_RATING_9_10,"Patients who gave their hospital a rating of 9 or 10 on a scale from 0 (lowest) to 10 (highest) — Patients who gave a rating of ""9"" or ""10"" (high)",hcahps,True,84.0,296.0,2024-10-01,2025-09-30,71.74905039250443,73.51851851851852,0.894883485309017
451392,HAMILTON GENERAL HOSPITAL,TX,HAMILTON,True,False,Government - Hospital District or Authority,H_HSP_RATING_9_10,"Patients who gave their hospital a rating of 9 or 10 on a scale from 0 (lowest) to 10 (highest) — Patients who gave a rating of ""9"" or ""10"" (high)",hcahps,True,87.0,97.0,2024-10-01,2025-09-30,71.74905039250443,73.51851851851852,0.939969604863222
451354,HAMILTON HOSPITAL,TX,YOUNG,True,False,Government - Hospital District or Authority,H_HSP_RATING_9_10,"Patients who gave their hospital a rating of 9 or 10 on a scale from 0 (lowest) to 10 (highest) — Patients who gave a rating of ""9"" or ""10"" (high)",hcahps,True,85.0,35.0,2024-10-01,2025-09-30,71.74905039250443,73.51851851851852,0.911600810536981
450855,HARLINGEN MEDICAL CENTER,TX,CAMERON,True,False,Proprietary,H_HSP_RATING_9_10,"Patients who gave their hospital a rating of 9 or 10 on a scale from 0 (lowest) to 10 (highest) — Patients who gave a rating of ""9"" or ""10"" (high)",hcahps,True,73.0,400.0,2024-10-01,2025-09-30,71.74905039250443,73.51851851851852,0.538247213779129
450289,HARRIS HEALTH,TX,HARRIS,True,True,Government - Hospital District or Authority,H_HSP_RATING_9_10,"Patients who gave their hospital a rating of 9 or 10 on a scale from 0 (lowest) to 10 (highest) — Patients who gave a rating of ""9"" or ""10"" (high)",hcahps,True,71.0,530.0,2024-10-01,2025-09-30,71.74905039250443,73.51851851851852,0.446555217831814
450617,HCA HOUSTON HEALTHCARE CLEAR LAKE,TX,HARRIS,True,True,Proprietary,H_HSP_RATING_9_10,"Patients who gave their hospital a rating of 9 or 10 on a scale from 0 (lowest) to 10 (highest) — Patients who gave a rating of ""9"" or ""10"" (high)",hcahps,True,63.0,1085.0,2024-10-01,2025-09-30,71.74905039250443,73.51851851851852,0.156281661600811
450222,HCA HOUSTON HEALTHCARE CONROE,TX,MONTGOMERY,True,True,Proprietary,H_HSP_RATING_9_10,"Patients who gave their hospital a rating of 9 or 10 on a scale from 0 (lowest) to 10 (highest) — Patients who gave a rating of ""9"" or ""10"" (high)",hcahps,True,61.0,554.0,2024-10-01,2025-09-30,71.74905039250443,73.51851851851852,0.108156028368794
450775,HCA HOUSTON HEALTHCARE KINGWOOD,TX,HARRIS,True,True,Proprietary,H_HSP_RATING_9_10,"Patients who gave their hospital a rating of 9 or 10 on a scale from 0 (lowest) to 10 (highest) — Patients who gave a rating of ""9"" or ""10"" (high)",hcahps,True,57.0,1187.0,2024-10-01,2025-09-30,71.74905039250443,73.51851851851852,0.0460992907801418
450659,HCA HOUSTON HEALTHCARE MEDICAL CENTER,TX,HARRIS,True,True,Proprietary,H_HSP_RATING_9_10,"Patients who gave their hospital a rating of 9 or 10 on a scale from 0 (lowest) to 10 (highest) — Patients who gave a rating of ""9"" or ""10"" (high)",hcahps,True,66.0,778.0,2024-10-01,2025-09-30,71.74905039250443,73.51851851851852,0.245440729483283
450638,HCA HOUSTON HEALTHCARE NORTHWEST,TX,HARRIS,True,True,Proprietary,H_HSP_RATING_9_10,"Patients who gave their hospital a rating of 9 or 10 on a scale from 0 (lowest) to 10 (highest) — Patients who gave a rating of ""9"" or ""10"" (high)",hcahps,True,62.0,816.0,2024-10-01,2025-09-30,71.74905039250443,73.51851851851852,0.132218844984802
670106,HCA HOUSTON HEALTHCARE PEARLAND,TX,BRAZORIA,True,True,Proprietary,H_HSP_RATING_9_10,"Patients who gave their hospital a rating of 9 or 10 on a scale from 0 (lowest) to 10 (highest) — Patients who gave a rating of ""9"" or ""10"" (high)",hcahps,True,65.0,323.0,2024-10-01,2025-09-30,71.74905039250443,73.51851851851852,0.21225937183384
450097,HCA HOUSTON HEALTHCARE SOUTHEAST,TX,HARRIS,True,True,Proprietary,H_HSP_RATING_9_10,"Patients who gave their hospital a rating of 9 or 10 on a scale from 0 (lowest) to 10 (highest) — Patients who gave a rating of ""9"" or ""10"" (high)",hcahps,True,67.0,708.0,2024-10-01,2025-09-30,71.74905039250443,73.51851851851852,0.28419452887538
450670,HCA HOUSTON HEALTHCARE TOMBALL,TX,HARRIS,True,True,Proprietary,H_HSP_RATING_9_10,"Patients who gave their hospital a rating of 9 or 10 on a scale from 0 (lowest) to 10 (highest) — Patients who gave a rating of ""9"" or ""10"" (high)",hcahps,True,65.0,642.0,2024-10-01,2025-09-30,71.74905039250443,73.51851851851852,0.21225937183384
450644,HCA HOUSTON HEALTHCARE WEST,TX,HARRIS,True,True,Proprietary,H_HSP_RATING_9_10,"Patients who gave their hospital a rating of 9 or 10 on a scale from 0 (lowest) to 10 (highest) — Patients who gave a rating of ""9"" or ""10"" (high)",hcahps,True,59.0,714.0,2024-10-01,2025-09-30,71.74905039250443,73.51851851851852,0.0704154002026342
450229,HENDRICK MEDICAL CENTER,TX,TAYLOR,True,False,Voluntary non-profit - Private,H_HSP_RATING_9_10,"Patients who gave their hospital a rating of 9 or 10 on a scale from 0 (lowest) to 10 (highest) — Patients who gave a rating of ""9"" or ""10"" (high)",hcahps,True,63.0,359.0,2024-10-01,2025-09-30,71.74905039250443,73.51851851851852,0.156281661600811
450587,HENDRICK MEDICAL CENTER BROWNWOOD,TX,BROWN,True,False,Voluntary non-profit - Private,H_HSP_RATING_9_10,"Patients who gave their hospital a rating of 9 or 10 on a scale from 0 (lowest) to 10 (highest) — Patients who gave a rating of ""9"" or ""10"" (high)",hcahps,True,57.0,392.0,2024-10-01,2025-09-30,71.74905039250443,73.51851851851852,0.0460992907801418
450155,HEREFORD REGIONAL MEDICAL CENTER,TX,DEAF SMITH,True,False,Government - Hospital District or Authority,H_HSP_RATING_9_10,"Patients who gave their hospital a rating of 9 or 10 on a scale from 0 (lowest) to 10 (highest) — Patients who gave a rating of ""9"" or ""10"" (high)",hcahps,True,83.0,32.0,2024-10-01,2025-09-30,71.74905039250443,73.51851851851852,0.873353596757852
450604,HILL COUNTRY MEMORIAL HOSPITAL,TX,GILLESPIE,True,False,Proprietary,H_HSP_RATING_9_10,"Patients who gave their hospital a rating of 9 or 10 on a scale from 0 (lowest) to 10 (highest) — Patients who gave a rating of ""9"" or ""10"" (high)",hcahps,True,74.0,420.0,2024-10-01,2025-09-30,71.74905039250443,73.51851851851852,0.581306990881459
451395,HILL REGIONAL HOSPITAL,TX,HILL,True,False,Voluntary non-profit - Private,H_HSP_RATING_9_10,"Patients who gave their hospital a rating of 9 or 10 on a scale from 0 (lowest) to 10 (highest) — Patients who gave a rating of ""9"" or ""10"" (high)",hcahps,True,66.0,103.0,2024-10-01,2025-09-30,71.74905039250443,73.51851851851852,0.245440729483283
450424,HOUSTON METHODIST BAYTOWN HOSPITAL,TX,HARRIS,True,True,Voluntary non-profit - Private,H_HSP_RATING_9_10,"Patients who gave their hospital a rating of 9 or 10 on a scale from 0 (lowest) to 10 (highest) — Patients who gave a rating of ""9"" or ""10"" (high)",hcahps,True,79.0,1585.0,2024-10-01,2025-09-30,71.74905039250443,73.51851851851852,0.770010131712259
450709,HOUSTON METHODIST CLEAR LAKE HOSPITAL,TX,HARRIS,True,True,Voluntary non-profit - Private,H_HSP_RATING_9_10,"Patients who gave their hospital a rating of 9 or 10 on a scale from 0 (lowest) to 10 (highest) — Patients who gave a rating of ""9"" or ""10"" (high)",hcahps,True,82.0,1198.0,2024-10-01,2025-09-30,71.74905039250443,73.51851851851852,0.849797365754813
450358,HOUSTON METHODIST HOSPITAL,TX,HARRIS,True,True,Voluntary non-profit - Private,H_HSP_RATING_9_10,"Patients who gave their hospital a rating of 9 or 10 on a scale from 0 (lowest) to 10 (highest) — Patients who gave a rating of ""9"" or ""10"" (high)",hcahps,True,79.0,7035.0,2024-10-01,2025-09-30,71.74905039250443,73.51851851851852,0.770010131712259
450820,HOUSTON METHODIST SUGARLAND HOSPITAL,TX,FORT BEND,True,True,Voluntary non-profit - Private,H_HSP_RATING_9_10,"Patients who gave their hospital a rating of 9 or 10 on a scale from 0 (lowest) to 10 (highest) — Patients who gave a rating of ""9"" or ""10"" (high)",hcahps,True,78.0,3134.0,2024-10-01,2025-09-30,71.74905039250443,73.51851851851852,0.735562310030395
670122,HOUSTON METHODIST THE WOODLANDS HOSPITAL,TX,MONTGOMERY,True,True,Voluntary non-profit - Private,H_HSP_RATING_9_10,"Patients who gave their hospital a rating of 9 or 10 on a scale from 0 (lowest) to 10 (highest) — Patients who gave a rating of ""9"" or ""10"" (high)",hcahps,True,82.0,3184.0,2024-10-01,2025-09-30,71.74905039250443,73.51851851851852,0.849797365754813
670077,HOUSTON METHODIST WEST HOSPITAL,TX,HARRIS,True,True,Voluntary non-profit - Private,H_HSP_RATING_9_10,"Patients who gave their hospital a rating of 9 or 10 on a scale from 0 (lowest) to 10 (highest) — Patients who gave a rating of ""9"" or ""10"" (high)",hcahps,True,80.0,2208.0,2024-10-01,2025-09-30,71.74905039250443,73.51851851851852,0.798885511651469
450844,HOUSTON METHODIST WILLOWBROOK HOSPITAL,TX,HARRIS,True,True,Voluntary non-profit - Private,H_HSP_RATING_9_10,"Patients who gave their hospital a rating of 9 or 10 on a scale from 0 (lowest) to 10 (highest) — Patients who gave a rating of ""9"" or ""10"" (high)",hcahps,True,79.0,2797.0,2024-10-01,2025-09-30,71.74905039250443,73.51851851851852,0.770010131712259
45074F,HOUSTON VA MEDICAL CENTER,TX,HARRIS,True,True,Veterans Health Administration,H_HSP_RATING_9_10,"Patients who gave their hospital a rating of 9 or 10 on a scale from 0 (lowest) to 10 (highest) — Patients who gave a rating of ""9"" or ""10"" (high)",hcahps,True,74.0,545.0,2024-10-01,2025-09-30,71.74905039250443,73.51851851851852,0.581306990881459
450352,HUNT REGIONAL MEDICAL CENTER,TX,HUNT,True,False,Government - Hospital District or Authority,H_HSP_RATING_9_10,"Patients who gave their hospital a rating of 9 or 10 on a scale from 0 (lowest) to 10 (highest) — Patients who gave a rating of ""9"" or ""10"" (high)",hcahps,True,62.0,686.0,2024-10-01,2025-09-30,71.74905039250443,73.51851851851852,0.132218844984802
450347,HUNTSVILLE MEMORIAL HOSPITAL,TX,WALKER,True,False,Voluntary non-profit - Private,H_HSP_RATING_9_10,"Patients who gave their hospital a rating of 9 or 10 on a scale from 0 (lowest) to 10 (highest) — Patients who gave a rating of ""9"" or ""10"" (high)",hcahps,True,64.0,314.0,2024-10-01,2025-09-30,71.74905039250443,73.51851851851852,0.181357649442756
450039,JPS HEALTH NETWORK,TX,TARRANT,True,False,Government - Hospital District or Authority,H_HSP_RATING_9_10,"Patients who gave their hospital a rating of 9 or 10 on a scale from 0 (lowest) to 10 (highest) — Patients who gave a rating of ""9"" or ""10"" (high)",hcahps,True,69.0,2442.0,2024-10-01,2025-09-30,71.74905039250443,73.51851851851852,0.36144883485309
450128,KNAPP MEDICAL CENTER,TX,HIDALGO,True,False,Voluntary non-profit - Private,H_HSP_RATING_9_10,"Patients who gave their hospital a rating of 9 or 10 on a scale from 0 (lowest) to 10 (highest) — Patients who gave a rating of ""9"" or ""10"" (high)",hcahps,True,63.0,418.0,2024-10-01,2025-09-30,71.74905039250443,73.51851851851852,0.156281661600811
450596,LAKE GRANBURY MEDICAL CENTER,TX,HOOD,True,False,Proprietary,H_HSP_RATING_9_10,"Patients who gave their hospital a rating of 9 or 10 on a scale from 0 (lowest) to 10 (highest) — Patients who gave a rating of ""9"" or ""10"" (high)",hcahps,True,57.0,449.0,2024-10-01,2025-09-30,71.74905039250443,73.51851851851852,0.0460992907801418
450698,LAMB HEALTHCARE CENTER,TX,LAMB,True,False,Government - Local,H_HSP_RATING_9_10,"Patients who gave their hospital a rating of 9 or 10 on a scale from 0 (lowest) to 10 (highest) — Patients who gave a rating of ""9"" or ""10"" (high)",hcahps,True,70.0,44.0,2024-10-01,2025-09-30,71.74905039250443,73.51851851851852,0.401975683890578
450029,LAREDO MEDICAL CENTER,TX,WEBB,True,False,Proprietary,H_HSP_RATING_9_10,"Patients who gave their hospital a rating of 9 or 10 on a scale from 0 (lowest) to 10 (highest) — Patients who gave a rating of ""9"" or ""10"" (high)",hcahps,True,58.0,386.0,2024-10-01,2025-09-30,71.74905039250443,73.51851851851852,0.0557244174265451
450107,LAS PALMAS MEDICAL CENTER A CAMPUS OF LPDS HEALTHC,TX,EL PASO,True,False,Proprietary,H_HSP_RATING_9_10,"Patients who gave their hospital a rating of 9 or 10 on a scale from 0 (lowest) to 10 (highest) — Patients who gave a rating of ""9"" or ""10"" (high)",hcahps,True,64.0,1372.0,2024-10-01,2025-09-30,71.74905039250443,73.51851851851852,0.181357649442756
670112,LEGENT ORTHOPEDIC + SPINE,TX,BEXAR,True,False,Proprietary,H_HSP_RATING_9_10,"Patients who gave their hospital a rating of 9 or 10 on a scale from 0 (lowest) to 10 (highest) — Patients who gave a rating of ""9"" or ""10"" (high)",hcahps,True,84.0,119.0,2024-10-01,2025-09-30,71.74905039250443,73.51851851851852,0.894883485309017
670265,LEGENT ORTHOPEDIC HOSPITAL,TX,TARRANT,True,False,Proprietary,H_HSP_RATING_9_10,"Patients who gave their hospital a rating of 9 or 10 on a scale from 0 (lowest) to 10 (highest) — Patients who gave a rating of ""9"" or ""10"" (high)",hcahps,True,67.0,122.0,2024-10-01,2025-09-30,71.74905039250443,73.51851851851852,0.28419452887538
670322,LEGENT SURGICAL HOSPITAL PLANO,TX,COLLIN,True,False,Proprietary,H_HSP_RATING_9_10,"Patients who gave their hospital a rating of 9 or 10 on a scale from 0 (lowest) to 10 (highest) — Patients who gave a rating of ""9"" or ""10"" (high)",hcahps,True,72.0,36.0,2024-10-01,2025-09-30,71.74905039250443,73.51851851851852,0.494174265450861
450702,LONGVIEW REGIONAL MEDICAL CENTER,TX,GREGG,True,False,Proprietary,H_HSP_RATING_9_10,"Patients who gave their hospital a rating of 9 or 10 on a scale from 0 (lowest) to 10 (highest) — Patients who gave a rating of ""9"" or ""10"" (high)",hcahps,True,70.0,719.0,2024-10-01,2025-09-30,71.74905039250443,73.51851851851852,0.401975683890578
450876,LUBBOCK HEART HOSPITAL LP,TX,LUBBOCK,True,False,Government - Hospital District or Authority,H_HSP_RATING_9_10,"Patients who gave their hospital a rating of 9 or 10 on a scale from 0 (lowest) to 10 (highest) — Patients who gave a rating of ""9"" or ""10"" (high)",hcahps,True,80.0,339.0,2024-10-01,2025-09-30,71.74905039250443,73.51851851851852,0.798885511651469
451351,LYNN COUNTY HOSPITAL DISTRICT,TX,LYNN,True,False,Government - Hospital District or Authority,H_HSP_RATING_9_10,"Patients who gave their hospital a rating of 9 or 10 on a scale from 0 (lowest) to 10 (highest) — Patients who gave a rating of ""9"" or ""10"" (high)",hcahps,True,85.0,80.0,2024-10-01,2025-09-30,71.74905039250443,73.51851851851852,0.911600810536981
451333,MARTIN COUNTY HOSPITAL DISTRICT,TX,MARTIN,True,False,Government - Hospital District or Authority,H_HSP_RATING_9_10,"Patients who gave their hospital a rating of 9 or 10 on a scale from 0 (lowest) to 10 (highest) — Patients who gave a rating of ""9"" or ""10"" (high)",hcahps,True,93.0,38.0,2024-10-01,2025-09-30,71.74905039250443,73.51851851851852,0.98936170212766
450465,MATAGORDA REGIONAL MEDICAL CENTER,TX,MATAGORDA,True,False,Government - Hospital District or Authority,H_HSP_RATING_9_10,"Patients who gave their hospital a rating of 9 or 10 on a scale from 0 (lowest) to 10 (highest) — Patients who gave a rating of ""9"" or ""10"" (high)",hcahps,True,75.0,145.0,2024-10-01,2025-09-30,71.74905039250443,73.51851851851852,0.617021276595745
450132,MEDICAL CENTER HOSPITAL,TX,ECTOR,True,False,Government - Hospital District or Authority,H_HSP_RATING_9_10,"Patients who gave their hospital a rating of 9 or 10 on a scale from 0 (lowest) to 10 (highest) — Patients who gave a rating of ""9"" or ""10"" (high)",hcahps,True,69.0,2131.0,2024-10-01,2025-09-30,71.74905039250443,73.51851851851852,0.36144883485309
450403,MEDICAL CENTER OF MCKINNEY,TX,COLLIN,True,False,Proprietary,H_HSP_RATING_9_10,"Patients who gave their hospital a rating of 9 or 10 on a scale from 0 (lowest) to 10 (highest) — Patients who gave a rating of ""9"" or ""10"" (high)",hcahps,True,67.0,688.0,2024-10-01,2025-09-30,71.74905039250443,73.51851851851852,0.28419452887538
670103,MEDICAL CITY ALLIANCE,TX,TARRANT,True,False,Voluntary non-profit - Private,H_HSP_RATING_9_10,"Patients who gave their hospital a rating of 9 or 10 on a scale from 0 (lowest) to 10 (highest) — Patients who gave a rating of ""9"" or ""10"" (high)",hcahps,True,71.0,669.0,2024-10-01,2025-09-30,71.74905039250443,73.51851851851852,0.446555217831814
450675,MEDICAL CITY ARLINGTON,TX,TARRANT,True,False,Proprietary,H_HSP_RATING_9_10,"Patients who gave their hospital a rating of 9 or 10 on a scale from 0 (lowest) to 10 (highest) — Patients who gave a rating of ""9"" or ""10"" (high)",hcahps,True,59.0,810.0,2024-10-01,2025-09-30,71.74905039250443,73.51851851851852,0.0704154002026342
450647,MEDICAL CITY DALLAS HOSPITAL,TX,DALLAS,True,False,Proprietary,H_HSP_RATING_9_10,"Patients who gave their hospital a rating of 9 or 10 on a scale from 0 (lowest) to 10 (highest) — Patients who gave a rating of ""9"" or ""10"" (high)",hcahps,True,65.0,1291.0,2024-10-01,2025-09-30,71.74905039250443,73.51851851851852,0.21225937183384
450634,MEDICAL CITY DENTON,TX,DENTON,True,False,Proprietary,H_HSP_RATING_9_10,"Patients who gave their hospital a rating of 9 or 10 on a scale from 0 (lowest) to 10 (highest) — Patients who gave a rating of ""9"" or ""10"" (high)",hcahps,True,65.0,1338.0,2024-10-01,2025-09-30,71.74905039250443,73.51851851851852,0.21225937183384
450672,MEDICAL CITY FORT WORTH,TX,TARRANT,True,False,Proprietary,H_HSP_RATING_9_10,"Patients who gave their hospital a rating of 9 or 10 on a scale from 0 (lowest) to 10 (highest) — Patients who gave a rating of ""9"" or ""10"" (high)",hcahps,True,69.0,719.0,2024-10-01,2025-09-30,71.74905039250443,73.51851851851852,0.36144883485309
450822,MEDICAL CITY LAS COLINAS,TX,DALLAS,True,False,Proprietary,H_HSP_RATING_9_10,"Patients who gave their hospital a rating of 9 or 10 on a scale from 0 (lowest) to 10 (highest) — Patients who gave a rating of ""9"" or ""10"" (high)",hcahps,True,66.0,531.0,2024-10-01,2025-09-30,71.74905039250443,73.51851851851852,0.245440729483283
450669,MEDICAL CITY LEWISVILLE,TX,DENTON,True,False,Voluntary non-profit - Private,H_HSP_RATING_9_10,"Patients who gave their hospital a rating of 9 or 10 on a scale from 0 (lowest) to 10 (highest) — Patients who gave a rating of ""9"" or ""10"" (high)",hcahps,True,70.0,564.0,2024-10-01,2025-09-30,71.74905039250443,73.51851851851852,0.401975683890578
450087,MEDICAL CITY NORTH HILLS,TX,TARRANT,True,False,Proprietary,H_HSP_RATING_9_10,"Patients who gave their hospital a rating of 9 or 10 on a scale from 0 (lowest) to 10 (highest) — Patients who gave a rating of ""9"" or ""10"" (high)",hcahps,True,71.0,540.0,2024-10-01,2025-09-30,71.74905039250443,73.51851851851852,0.446555217831814
450651,MEDICAL CITY PLANO,TX,COLLIN,True,False,Proprietary,H_HSP_RATING_9_10,"Patients who gave their hospital a rating of 9 or 10 on a scale from 0 (lowest) to 10 (highest) — Patients who gave a rating of ""9"" or ""10"" (high)",hcahps,True,65.0,1436.0,2024-10-01,2025-09-30,71.74905039250443,73.51851851851852,0.21225937183384
450203,MEDICAL CITY WEATHERFORD,TX,PARKER,True,False,Proprietary,H_HSP_RATING_9_10,"Patients who gave their hospital a rating of 9 or 10 on a scale from 0 (lowest) to 10 (highest) — Patients who gave a rating of ""9"" or ""10"" (high)",hcahps,True,69.0,700.0,2024-10-01,2025-09-30,71.74905039250443,73.51851851851852,0.36144883485309
451330,MEDINA REGIONAL HOSPITAL,TX,MEDINA,True,False,Government - Hospital District or Authority,H_HSP_RATING_9_10,"Patients who gave their hospital a rating of 9 or 10 on a scale from 0 (lowest) to 10 (highest) — Patients who gave a rating of ""9"" or ""10"" (high)",hcahps,True,83.0,62.0,2024-10-01,2025-09-30,71.74905039250443,73.51851851851852,0.873353596757852
450068,MEMORIAL HERMANN - TEXAS MEDICAL CENTER,TX,HARRIS,True,True,Voluntary non-profit - Private,H_HSP_RATING_9_10,"Patients who gave their hospital a rating of 9 or 10 on a scale from 0 (lowest) to 10 (highest) — Patients who gave a rating of ""9"" or ""10"" (high)",hcahps,True,72.0,2509.0,2024-10-01,2025-09-30,71.74905039250443,73.51851851851852,0.494174265450861
450184,MEMORIAL HERMANN HOSPITAL SYSTEM,TX,HARRIS,True,True,Voluntary non-profit - Private,H_HSP_RATING_9_10,"Patients who gave their hospital a rating of 9 or 10 on a scale from 0 (lowest) to 10 (highest) — Patients who gave a rating of ""9"" or ""10"" (high)",hcahps,True,72.0,2132.0,2024-10-01,2025-09-30,71.74905039250443,73.51851851851852,0.494174265450861
670008,MEMORIAL HERMANN HOUSTON PHYSICIANS HOSPITAL,TX,HARRIS,True,True,Physician,H_HSP_RATING_9_10,"Patients who gave their hospital a rating of 9 or 10 on a scale from 0 (lowest) to 10 (highest) — Patients who gave a rating of ""9"" or ""10"" (high)",hcahps,True,83.0,192.0,2024-10-01,2025-09-30,71.74905039250443,73.51851851851852,0.873353596757852
450847,MEMORIAL HERMANN KATY HOSPITAL,TX,FORT BEND,True,True,Voluntary non-profit - Private,H_HSP_RATING_9_10,"Patients who gave their hospital a rating of 9 or 10 on a scale from 0 (lowest) to 10 (highest) — Patients who gave a rating of ""9"" or ""10"" (high)",hcahps,True,67.0,784.0,2024-10-01,2025-09-30,71.74905039250443,73.51851851851852,0.28419452887538
450610,MEMORIAL HERMANN MEMORIAL CITY HOSPITAL,TX,HARRIS,True,True,Voluntary non-profit - Private,H_HSP_RATING_9_10,"Patients who gave their hospital a rating of 9 or 10 on a scale from 0 (lowest) to 10 (highest) — Patients who gave a rating of ""9"" or ""10"" (high)",hcahps,True,70.0,902.0,2024-10-01,2025-09-30,71.74905039250443,73.51851851851852,0.401975683890578
450684,MEMORIAL HERMANN NORTHEAST HOSPITAL,TX,HARRIS,True,True,Voluntary non-profit - Private,H_HSP_RATING_9_10,"Patients who gave their hospital a rating of 9 or 10 on a scale from 0 (lowest) to 10 (highest) — Patients who gave a rating of ""9"" or ""10"" (high)",hcahps,True,71.0,619.0,2024-10-01,2025-09-30,71.74905039250443,73.51851851851852,0.446555217831814
450848,MEMORIAL HERMANN SUGAR LAND HOSPITAL,TX,FORT BEND,True,True,Voluntary non-profit - Private,H_HSP_RATING_9_10,"Patients who gave their hospital a rating of 9 or 10 on a scale from 0 (lowest) to 10 (highest) — Patients who gave a rating of ""9"" or ""10"" (high)",hcahps,True,70.0,851.0,2024-10-01,2025-09-30,71.74905039250443,73.51851851851852,0.401975683890578
670005,MEMORIAL HERMANN SURGICAL HOSPITAL KINGWOOD,TX,HARRIS,True,True,Proprietary,H_HSP_RATING_9_10,"Patients who gave their hospital a rating of 9 or 10 on a scale from 0 (lowest) to 10 (highest) — Patients who gave a rating of ""9"" or ""10"" (high)",hcahps,True,72.0,30.0,2024-10-01,2025-09-30,71.74905039250443,73.51851851851852,0.494174265450861
451386,MEMORIAL HOSPITAL,TX,MOORE,True,False,Government - Hospital District or Authority,H_HSP_RATING_9_10,"Patients who gave their hospital a rating of 9 or 10 on a scale from 0 (lowest) to 10 (highest) — Patients who gave a rating of ""9"" or ""10"" (high)",hcahps,True,84.0,48.0,2024-10-01,2025-09-30,71.74905039250443,73.51851851851852,0.894883485309017
450235,MEMORIAL HOSPITAL,TX,GONZALES,True,False,Government - Hospital District or Authority,H_HSP_RATING_9_10,"Patients who gave their hospital a rating of 9 or 10 on a scale from 0 (lowest) to 10 (highest) — Patients who gave a rating of ""9"" or ""10"" (high)",hcahps,True,77.0,40.0,2024-10-01,2025-09-30,71.74905039250443,73.51851851851852,0.696048632218845
451356,MEMORIAL MEDICAL CENTER,TX,CALHOUN,True,False,Government - Local,H_HSP_RATING_9_10,"Patients who gave their hospital a rating of 9 or 10 on a scale from 0 (lowest) to 10 (highest) — Patients who gave a rating of ""9"" or ""10"" (high)",hcahps,True,77.0,59.0,2024-10-01,2025-09-30,71.74905039250443,73.51851851851852,0.696048632218845
450723,METHODIST CHARLTON MEDICAL CENTER,TX,DALLAS,True,False,Voluntary non-profit - Private,H_HSP_RATING_9_10,"Patients who gave their hospital a rating of 9 or 10 on a scale from 0 (lowest) to 10 (highest) — Patients who gave a rating of ""9"" or ""10"" (high)",hcahps,True,72.0,861.0,2024-10-01,2025-09-30,71.74905039250443,73.51851851851852,0.494174265450861
450051,METHODIST DALLAS MEDICAL CENTER,TX,DALLAS,True,False,Voluntary non-profit - Other,H_HSP_RATING_9_10,"Patients who gave their hospital a rating of 9 or 10 on a scale from 0 (lowest) to 10 (highest) — Patients who gave a rating of ""9"" or ""10"" (high)",hcahps,True,75.0,1126.0,2024-10-01,2025-09-30,71.74905039250443,73.51851851851852,0.617021276595745
450388,METHODIST HOSPITAL,TX,BEXAR,True,False,Proprietary,H_HSP_RATING_9_10,"Patients who gave their hospital a rating of 9 or 10 on a scale from 0 (lowest) to 10 (highest) — Patients who gave a rating of ""9"" or ""10"" (high)",hcahps,True,69.0,4150.0,2024-10-01,2025-09-30,71.74905039250443,73.51851851851852,0.36144883485309
670055,METHODIST HOSPITAL  STONE OAK,TX,BEXAR,True,False,Proprietary,H_HSP_RATING_9_10,"Patients who gave their hospital a rating of 9 or 10 on a scale from 0 (lowest) to 10 (highest) — Patients who gave a rating of ""9"" or ""10"" (high)",hcahps,True,70.0,682.0,2024-10-01,2025-09-30,71.74905039250443,73.51851851851852,0.401975683890578
450165,METHODIST HOSPITAL ATASCOSA,TX,ATASCOSA,True,False,Proprietary,H_HSP_RATING_9_10,"Patients who gave their hospital a rating of 9 or 10 on a scale from 0 (lowest) to 10 (highest) — Patients who gave a rating of ""9"" or ""10"" (high)",hcahps,True,69.0,139.0,2024-10-01,2025-09-30,71.74905039250443,73.51851851851852,0.36144883485309
670073,METHODIST HOSPITAL FOR SURGERY,TX,DALLAS,True,False,Proprietary,H_HSP_RATING_9_10,"Patients who gave their hospital a rating of 9 or 10 on a scale from 0 (lowest) to 10 (highest) — Patients who gave a rating of ""9"" or ""10"" (high)",hcahps,True,84.0,392.0,2024-10-01,2025-09-30,71.74905039250443,73.51851851851852,0.894883485309017
670023,METHODIST MANSFIELD MEDICAL CENTER,TX,TARRANT,True,False,Voluntary non-profit - Private,H_HSP_RATING_9_10,"Patients who gave their hospital a rating of 9 or 10 on a scale from 0 (lowest) to 10 (highest) — Patients who gave a rating of ""9"" or ""10"" (high)",hcahps,True,80.0,1371.0,2024-10-01,2025-09-30,71.74905039250443,73.51851851851852,0.798885511651469
670069,METHODIST MCKINNEY HOSPITAL,TX,COLLIN,True,False,Physician,H_HSP_RATING_9_10,"Patients who gave their hospital a rating of 9 or 10 on a scale from 0 (lowest) to 10 (highest) — Patients who gave a rating of ""9"" or ""10"" (high)",hcahps,True,87.0,98.0,2024-10-01,2025-09-30,71.74905039250443,73.51851851851852,0.939969604863222
670300,METHODIST MIDLOTHIAN MEDICAL CENTER,TX,ELLIS,True,False,Voluntary non-profit - Private,H_HSP_RATING_9_10,"Patients who gave their hospital a rating of 9 or 10 on a scale from 0 (lowest) to 10 (highest) — Patients who gave a rating of ""9"" or ""10"" (high)",hcahps,True,83.0,382.0,2024-10-01,2025-09-30,71.74905039250443,73.51851851851852,0.873353596757852
450537,METHODIST RICHARDSON MEDICAL CENTER,TX,COLLIN,True,False,Voluntary non-profit - Private,H_HSP_RATING_9_10,"Patients who gave their hospital a rating of 9 or 10 on a scale from 0 (lowest) to 10 (highest) — Patients who gave a rating of ""9"" or ""10"" (high)",hcahps,True,79.0,1275.0,2024-10-01,2025-09-30,71.74905039250443,73.51851851851852,0.770010131712259
670132,METHODIST SOUTHLAKE MEDICAL CENTER,TX,TARRANT,True,False,Proprietary,H_HSP_RATING_9_10,"Patients who gave their hospital a rating of 9 or 10 on a scale from 0 (lowest) to 10 (highest) — Patients who gave a rating of ""9"" or ""10"" (high)",hcahps,True,90.0,111.0,2024-10-01,2025-09-30,71.74905039250443,73.51851851851852,0.970871327254306
450133,MIDLAND MEMORIAL HOSPITAL,TX,MIDLAND,True,False,Government - Hospital District or Authority,H_HSP_RATING_9_10,"Patients who gave their hospital a rating of 9 or 10 on a scale from 0 (lowest) to 10 (highest) — Patients who gave a rating of ""9"" or ""10"" (high)",hcahps,True,62.0,783.0,2024-10-01,2025-09-30,71.74905039250443,73.51851851851852,0.132218844984802
450176,MISSION REGIONAL MEDICAL CENTER,TX,HIDALGO,True,False,Voluntary non-profit - Private,H_HSP_RATING_9_10,"Patients who gave their hospital a rating of 9 or 10 on a scale from 0 (lowest) to 10 (highest) — Patients who gave a rating of ""9"" or ""10"" (high)",hcahps,True,67.0,531.0,2024-10-01,2025-09-30,71.74905039250443,73.51851851851852,0.28419452887538
451342,MITCHELL COUNTY HOSPITAL DISTRICT,TX,MITCHELL,True,False,Government - Hospital District or Authority,H_HSP_RATING_9_10,"Patients who gave their hospital a rating of 9 or 10 on a scale from 0 (lowest) to 10 (highest) — Patients who gave a rating of ""9"" or ""10"" (high)",hcahps,True,80.0,44.0,2024-10-01,2025-09-30,71.74905039250443,73.51851851851852,0.798885511651469
450656,NACOGDOCHES MEDICAL CENTER,TX,NACOGDOCHES,True,False,Voluntary non-profit - Other,H_HSP_RATING_9_10,"Patients who gave their hospital a rating of 9 or 10 on a scale from 0 (lowest) to 10 (highest) — Patients who gave a rating of ""9"" or ""10"" (high)",hcahps,True,73.0,629.0,2024-10-01,2025-09-30,71.74905039250443,73.51851851851852,0.538247213779129
450508,NACOGDOCHES MEMORIAL HOSPITAL,TX,NACOGDOCHES,True,False,Proprietary,H_HSP_RATING_9_10,"Patients who gave their hospital a rating of 9 or 10 on a scale from 0 (lowest) to 10 (highest) — Patients who gave a rating of ""9"" or ""10"" (high)",hcahps,True,71.0,142.0,2024-10-01,2025-09-30,71.74905039250443,73.51851851851852,0.446555217831814
450447,NAVARRO REGIONAL HOSPITAL,TX,NAVARRO,True,False,Government - Hospital District or Authority,H_HSP_RATING_9_10,"Patients who gave their hospital a rating of 9 or 10 on a scale from 0 (lowest) to 10 (highest) — Patients who gave a rating of ""9"" or ""10"" (high)",hcahps,True,61.0,213.0,2024-10-01,2025-09-30,71.74905039250443,73.51851851851852,0.108156028368794
450641,NOCONA GENERAL HOSPITAL,TX,MONTAGUE,True,False,Government - Hospital District or Authority,H_HSP_RATING_9_10,"Patients who gave their hospital a rating of 9 or 10 on a scale from 0 (lowest) to 10 (highest) — Patients who gave a rating of ""9"" or ""10"" (high)",hcahps,True,78.0,56.0,2024-10-01,2025-09-30,71.74905039250443,73.51851851851852,0.735562310030395
450809,NORTH AUSTIN MEDICAL CENTER,TX,TRAVIS,True,False,Proprietary,H_HSP_RATING_9_10,"Patients who gave their hospital a rating of 9 or 10 on a scale from 0 (lowest) to 10 (highest) — Patients who gave a rating of ""9"" or ""10"" (high)",hcahps,True,66.0,1005.0,2024-10-01,2025-09-30,71.74905039250443,73.51851851851852,0.245440729483283
670049,NORTH CENTRAL SURGICAL CENTER LLP,TX,DALLAS,True,False,Voluntary non-profit - Other,H_HSP_RATING_9_10,"Patients who gave their hospital a rating of 9 or 10 on a scale from 0 (lowest) to 10 (highest) — Patients who gave a rating of ""9"" or ""10"" (high)",hcahps,True,77.0,361.0,2024-10-01,2025-09-30,71.74905039250443,73.51851851851852,0.696048632218845
451315,NORTH RUNNELS HOSPITAL,TX,RUNNELS,True,False,Government - Hospital District or Authority,H_HSP_RATING_9_10,"Patients who gave their hospital a rating of 9 or 10 on a scale from 0 (lowest) to 10 (highest) — Patients who gave a rating of ""9"" or ""10"" (high)",hcahps,True,87.0,56.0,2024-10-01,2025-09-30,71.74905039250443,73.51851851851852,0.939969604863222
450090,NORTH TEXAS MEDICAL CENTER,TX,COOKE,True,False,Voluntary non-profit - Private,H_HSP_RATING_9_10,"Patients who gave their hospital a rating of 9 or 10 on a scale from 0 (lowest) to 10 (highest) — Patients who gave a rating of ""9"" or ""10"" (high)",hcahps,True,71.0,300.0,2024-10-01,2025-09-30,71.74905039250443,73.51851851851852,0.446555217831814
450808,NORTHWEST HILLS SURGICAL HOSPITAL,TX,TRAVIS,True,False,Voluntary non-profit - Private,H_HSP_RATING_9_10,"Patients who gave their hospital a rating of 9 or 10 on a scale from 0 (lowest) to 10 (highest) — Patients who gave a rating of ""9"" or ""10"" (high)",hcahps,True,81.0,69.0,2024-10-01,2025-09-30,71.74905039250443,73.51851851851852,0.824214792299899
450209,NORTHWEST TEXAS HOSPITAL,TX,POTTER,True,False,Voluntary non-profit - Private,H_HSP_RATING_9_10,"Patients who gave their hospital a rating of 9 or 10 on a scale from 0 (lowest) to 10 (highest) — Patients who gave a rating of ""9"" or ""10"" (high)",hcahps,True,65.0,671.0,2024-10-01,2025-09-30,71.74905039250443,73.51851851851852,0.21225937183384
450330,OAKBEND MEDICAL CENTER,TX,FORT BEND,True,True,Government - Hospital District or Authority,H_HSP_RATING_9_10,"Patients who gave their hospital a rating of 9 or 10 on a scale from 0 (lowest) to 10 (highest) — Patients who gave a rating of ""9"" or ""10"" (high)",hcahps,True,60.0,227.0,2024-10-01,2025-09-30,71.74905039250443,73.51851851851852,0.0876393110435664
451359,OCHILTREE GENERAL HOSPITAL,TX,OCHILTREE,True,False,Government - Hospital District or Authority,H_HSP_RATING_9_10,"Patients who gave their hospital a rating of 9 or 10 on a scale from 0 (lowest) to 10 (highest) — Patients who gave a rating of ""9"" or ""10"" (high)",hcahps,True,85.0,35.0,2024-10-01,2025-09-30,71.74905039250443,73.51851851851852,0.911600810536981
450661,ODESSA REGIONAL MEDICAL CENTER,TX,ECTOR,True,False,Proprietary,H_HSP_RATING_9_10,"Patients who gave their hospital a rating of 9 or 10 on a scale from 0 (lowest) to 10 (highest) — Patients who gave a rating of ""9"" or ""10"" (high)",hcahps,True,61.0,304.0,2024-10-01,2025-09-30,71.74905039250443,73.51851851851852,0.108156028368794
450747,PALESTINE REGIONAL MEDICAL CENTER,TX,ANDERSON,True,False,Proprietary,H_HSP_RATING_9_10,"Patients who gave their hospital a rating of 9 or 10 on a scale from 0 (lowest) to 10 (highest) — Patients who gave a rating of ""9"" or ""10"" (high)",hcahps,True,61.0,217.0,2024-10-01,2025-09-30,71.74905039250443,73.51851851851852,0.108156028368794
450565,PALO PINTO GENERAL HOSPITAL,TX,PALO PINTO,True,False,Government - Hospital District or Authority,H_HSP_RATING_9_10,"Patients who gave their hospital a rating of 9 or 10 on a scale from 0 (lowest) to 10 (highest) — Patients who gave a rating of ""9"" or ""10"" (high)",hcahps,True,68.0,127.0,2024-10-01,2025-09-30,71.74905039250443,73.51851851851852,0.322441742654509
450196,PARIS REGIONAL MEDICAL CENTER,TX,LAMAR,True,False,Proprietary,H_HSP_RATING_9_10,"Patients who gave their hospital a rating of 9 or 10 on a scale from 0 (lowest) to 10 (highest) — Patients who gave a rating of ""9"" or ""10"" (high)",hcahps,True,56.0,1114.0,2024-10-01,2025-09-30,71.74905039250443,73.51851851851852,0.0395136778115502
450015,PARKLAND HEALTH & HOSPITAL SYSTEM,TX,DALLAS,True,False,Government - Hospital District or Authority,H_HSP_RATING_9_10,"Patients who gave their hospital a rating of 9 or 10 on a scale from 0 (lowest) to 10 (highest) — Patients who gave a rating of ""9"" or ""10"" (high)",hcahps,True,70.0,1989.0,2024-10-01,2025-09-30,71.74905039250443,73.51851851851852,0.401975683890578
450400,PARKVIEW REGIONAL HOSPITAL,TX,LIMESTONE,True,False,Proprietary,H_HSP_RATING_9_10,"Patients who gave their hospital a rating of 9 or 10 on a scale from 0 (lowest) to 10 (highest) — Patients who gave a rating of ""9"" or ""10"" (high)",hcahps,True,89.0,70.0,2024-10-01,2025-09-30,71.74905039250443,73.51851851851852,0.962006079027356
450144,PERMIAN REGIONAL MEDICAL CENTER ANDREWS COUNTY HO,TX,ANDREWS,True,False,Government - Hospital District or Authority,H_HSP_RATING_9_10,"Patients who gave their hospital a rating of 9 or 10 on a scale from 0 (lowest) to 10 (highest) — Patients who gave a rating of ""9"" or ""10"" (high)",hcahps,True,86.0,89.0,2024-10-01,2025-09-30,71.74905039250443,73.51851851851852,0.925531914893617
450007,PETERSON REGIONAL MEDICAL CENTER,TX,KERR,True,False,Voluntary non-profit - Private,H_HSP_RATING_9_10,"Patients who gave their hospital a rating of 9 or 10 on a scale from 0 (lowest) to 10 (highest) — Patients who gave a rating of ""9"" or ""10"" (high)",hcahps,True,80.0,779.0,2024-10-01,2025-09-30,71.74905039250443,73.51851851851852,0.798885511651469
450834,"PHYSICIANS CENTRE,THE",TX,BRAZOS,True,False,Proprietary,H_HSP_RATING_9_10,"Patients who gave their hospital a rating of 9 or 10 on a scale from 0 (lowest) to 10 (highest) — Patients who gave a rating of ""9"" or ""10"" (high)",hcahps,True,84.0,199.0,2024-10-01,2025-09-30,71.74905039250443,73.51851851851852,0.894883485309017
450875,QUAIL CREEK SURGICAL HOSPITAL,TX,POTTER,True,False,Proprietary,H_HSP_RATING_9_10,"Patients who gave their hospital a rating of 9 or 10 on a scale from 0 (lowest) to 10 (highest) — Patients who gave a rating of ""9"" or ""10"" (high)",hcahps,True,90.0,260.0,2024-10-01,2025-09-30,71.74905039250443,73.51851851851852,0.970871327254306
451377,REEVES REGIONAL HEALTH,TX,REEVES,True,False,Government - Hospital District or Authority,H_HSP_RATING_9_10,"Patients who gave their hospital a rating of 9 or 10 on a scale from 0 (lowest) to 10 (highest) — Patients who gave a rating of ""9"" or ""10"" (high)",hcahps,True,84.0,71.0,2024-10-01,2025-09-30,71.74905039250443,73.51851851851852,0.894883485309017
670098,RESOLUTE HEALTH HOSPITAL,TX,COMAL,True,False,Proprietary,H_HSP_RATING_9_10,"Patients who gave their hospital a rating of 9 or 10 on a scale from 0 (lowest) to 10 (highest) — Patients who gave a rating of ""9"" or ""10"" (high)",hcahps,True,74.0,784.0,2024-10-01,2025-09-30,71.74905039250443,73.51851851851852,0.581306990881459
450711,RIO GRANDE REGIONAL HOSPITAL,TX,HIDALGO,True,False,Proprietary,H_HSP_RATING_9_10,"Patients who gave their hospital a rating of 9 or 10 on a scale from 0 (lowest) to 10 (highest) — Patients who gave a rating of ""9"" or ""10"" (high)",hcahps,True,66.0,527.0,2024-10-01,2025-09-30,71.74905039250443,73.51851851851852,0.245440729483283
450055,ROLLING PLAINS MEMORIAL HOSPITAL,TX,NOLAN,True,False,Government - Hospital District or Authority,H_HSP_RATING_9_10,"Patients who gave their hospital a rating of 9 or 10 on a scale from 0 (lowest) to 10 (highest) — Patients who gave a rating of ""9"" or ""10"" (high)",hcahps,True,86.0,118.0,2024-10-01,2025-09-30,71.74905039250443,73.51851851851852,0.925531914893617
450718,ROUND ROCK MEDICAL CENTER,TX,WILLIAMSON,True,False,Proprietary,H_HSP_RATING_9_10,"Patients who gave their hospital a rating of 9 or 10 on a scale from 0 (lowest) to 10 (highest) — Patients who gave a rating of ""9"" or ""10"" (high)",hcahps,True,71.0,902.0,2024-10-01,2025-09-30,71.74905039250443,73.51851851851852,0.446555217831814
45090F,SAN ANTONIO VA MEDICAL CENTER (VA SOUTH TEXAS HEALTHCARE SYSTEM),TX,BEXAR,True,False,Veterans Health Administration,H_HSP_RATING_9_10,"Patients who gave their hospital a rating of 9 or 10 on a scale from 0 (lowest) to 10 (highest) — Patients who gave a rating of ""9"" or ""10"" (high)",hcahps,True,81.0,621.0,2024-10-01,2025-09-30,71.74905039250443,73.51851851851852,0.824214792299899
450653,SCENIC MOUNTAIN MEDICAL CENTER,TX,HOWARD,True,False,Proprietary,H_HSP_RATING_9_10,"Patients who gave their hospital a rating of 9 or 10 on a scale from 0 (lowest) to 10 (highest) — Patients who gave a rating of ""9"" or ""10"" (high)",hcahps,True,53.0,50.0,2024-10-01,2025-09-30,71.74905039250443,73.51851851851852,0.022289766970618
670080,SETON MEDICAL CENTER HARKER HEIGHTS,TX,BELL,True,False,Proprietary,H_HSP_RATING_9_10,"Patients who gave their hospital a rating of 9 or 10 on a scale from 0 (lowest) to 10 (highest) — Patients who gave a rating of ""9"" or ""10"" (high)",hcahps,True,71.0,455.0,2024-10-01,2025-09-30,71.74905039250443,73.51851851851852,0.446555217831814
451399,SEYMOUR HOSPITAL,TX,BAYLOR,True,False,Government - Hospital District or Authority,H_HSP_RATING_9_10,"Patients who gave their hospital a rating of 9 or 10 on a scale from 0 (lowest) to 10 (highest) — Patients who gave a rating of ""9"" or ""10"" (high)",hcahps,True,82.0,32.0,2024-10-01,2025-09-30,71.74905039250443,73.51851851851852,0.849797365754813
450571,SHANNON MEDICAL CENTER,TX,TOM GREEN,True,False,Voluntary non-profit - Private,H_HSP_RATING_9_10,"Patients who gave their hospital a rating of 9 or 10 on a scale from 0 (lowest) to 10 (highest) — Patients who gave a rating of ""9"" or ""10"" (high)",hcahps,True,68.0,483.0,2024-10-01,2025-09-30,71.74905039250443,73.51851851851852,0.322441742654509
450668,SIERRA MEDICAL CENTER,TX,EL PASO,True,False,Proprietary,H_HSP_RATING_9_10,"Patients who gave their hospital a rating of 9 or 10 on a scale from 0 (lowest) to 10 (highest) — Patients who gave a rating of ""9"" or ""10"" (high)",hcahps,True,63.0,1319.0,2024-10-01,2025-09-30,71.74905039250443,73.51851851851852,0.156281661600811
450119,SOUTH TEXAS HEALTH SYSTEM,TX,HIDALGO,True,False,Proprietary,H_HSP_RATING_9_10,"Patients who gave their hospital a rating of 9 or 10 on a scale from 0 (lowest) to 10 (highest) — Patients who gave a rating of ""9"" or ""10"" (high)",hcahps,True,67.0,1529.0,2024-10-01,2025-09-30,71.74905039250443,73.51851851851852,0.28419452887538
450856,SOUTH TEXAS SPINE AND SURGICAL HOSPITAL,TX,BEXAR,True,False,Physician,H_HSP_RATING_9_10,"Patients who gave their hospital a rating of 9 or 10 on a scale from 0 (lowest) to 10 (highest) — Patients who gave a rating of ""9"" or ""10"" (high)",hcahps,True,83.0,291.0,2024-10-01,2025-09-30,71.74905039250443,73.51851851851852,0.873353596757852
450431,ST DAVID'S MEDICAL CENTER,TX,TRAVIS,True,False,Proprietary,H_HSP_RATING_9_10,"Patients who gave their hospital a rating of 9 or 10 on a scale from 0 (lowest) to 10 (highest) — Patients who gave a rating of ""9"" or ""10"" (high)",hcahps,True,73.0,1827.0,2024-10-01,2025-09-30,71.74905039250443,73.51851851851852,0.538247213779129
450713,ST DAVID'S SOUTH AUSTIN MEDICAL CENTER,TX,TRAVIS,True,False,Proprietary,H_HSP_RATING_9_10,"Patients who gave their hospital a rating of 9 or 10 on a scale from 0 (lowest) to 10 (highest) — Patients who gave a rating of ""9"" or ""10"" (high)",hcahps,True,66.0,574.0,2024-10-01,2025-09-30,71.74905039250443,73.51851851851852,0.245440729483283
450035,ST JOSEPH MEDICAL CENTER,TX,HARRIS,True,True,Physician,H_HSP_RATING_9_10,"Patients who gave their hospital a rating of 9 or 10 on a scale from 0 (lowest) to 10 (highest) — Patients who gave a rating of ""9"" or ""10"" (high)",hcahps,True,58.0,267.0,2024-10-01,2025-09-30,71.74905039250443,73.51851851851852,0.0557244174265451
670075,ST LUKE'S HOSPITAL AT THE VINTAGE,TX,HARRIS,True,True,Voluntary non-profit - Private,H_HSP_RATING_9_10,"Patients who gave their hospital a rating of 9 or 10 on a scale from 0 (lowest) to 10 (highest) — Patients who gave a rating of ""9"" or ""10"" (high)",hcahps,True,79.0,432.0,2024-10-01,2025-09-30,71.74905039250443,73.51851851851852,0.770010131712259
670031,ST LUKE'S PATIENTS MEDICAL CENTER,TX,HARRIS,True,True,Proprietary,H_HSP_RATING_9_10,"Patients who gave their hospital a rating of 9 or 10 on a scale from 0 (lowest) to 10 (highest) — Patients who gave a rating of ""9"" or ""10"" (high)",hcahps,True,69.0,389.0,2024-10-01,2025-09-30,71.74905039250443,73.51851851851852,0.36144883485309
670053,ST LUKE'S SUGAR LAND HOSPITAL,TX,FORT BEND,True,True,Voluntary non-profit - Private,H_HSP_RATING_9_10,"Patients who gave their hospital a rating of 9 or 10 on a scale from 0 (lowest) to 10 (highest) — Patients who gave a rating of ""9"" or ""10"" (high)",hcahps,True,65.0,317.0,2024-10-01,2025-09-30,71.74905039250443,73.51851851851852,0.21225937183384
450862,ST LUKE'S THE WOODLANDS HOSPITAL,TX,MONTGOMERY,True,True,Voluntary non-profit - Private,H_HSP_RATING_9_10,"Patients who gave their hospital a rating of 9 or 10 on a scale from 0 (lowest) to 10 (highest) — Patients who gave a rating of ""9"" or ""10"" (high)",hcahps,True,78.0,452.0,2024-10-01,2025-09-30,71.74905039250443,73.51851851851852,0.735562310030395
450654,STARR COUNTY MEMORIAL HOSPITAL,TX,STARR,True,False,Government - Hospital District or Authority,H_HSP_RATING_9_10,"Patients who gave their hospital a rating of 9 or 10 on a scale from 0 (lowest) to 10 (highest) — Patients who gave a rating of ""9"" or ""10"" (high)",hcahps,True,67.0,62.0,2024-10-01,2025-09-30,71.74905039250443,73.51851851851852,0.28419452887538
450860,SUGAR LAND SURGICAL HOSPITAL LLP,TX,FORT BEND,True,True,Physician,H_HSP_RATING_9_10,"Patients who gave their hospital a rating of 9 or 10 on a scale from 0 (lowest) to 10 (highest) — Patients who gave a rating of ""9"" or ""10"" (high)",hcahps,True,88.0,35.0,2024-10-01,2025-09-30,71.74905039250443,73.51851851851852,0.952380952380952
451311,SWEENY COMMUNITY HOSPITAL,TX,BRAZORIA,True,True,Government - Hospital District or Authority,H_HSP_RATING_9_10,"Patients who gave their hospital a rating of 9 or 10 on a scale from 0 (lowest) to 10 (highest) — Patients who gave a rating of ""9"" or ""10"" (high)",hcahps,True,78.0,44.0,2024-10-01,2025-09-30,71.74905039250443,73.51851851851852,0.735562310030395
45086F,TEMPLE VA MEDICAL CENTER (VA CENTRAL TEXAS HEALTHCARE SYSTEM),TX,BELL,True,False,Veterans Health Administration,H_HSP_RATING_9_10,"Patients who gave their hospital a rating of 9 or 10 on a scale from 0 (lowest) to 10 (highest) — Patients who gave a rating of ""9"" or ""10"" (high)",hcahps,True,81.0,480.0,2024-10-01,2025-09-30,71.74905039250443,73.51851851851852,0.824214792299899
450064,TEXAS HEALTH ARLINGTON MEMORIAL HOSPITAL,TX,TARRANT,True,False,Voluntary non-profit - Private,H_HSP_RATING_9_10,"Patients who gave their hospital a rating of 9 or 10 on a scale from 0 (lowest) to 10 (highest) — Patients who gave a rating of ""9"" or ""10"" (high)",hcahps,True,70.0,889.0,2024-10-01,2025-09-30,71.74905039250443,73.51851851851852,0.401975683890578
450891,TEXAS HEALTH CENTER FOR DIAGNOSTICS & SURGERY PLAN,TX,COLLIN,True,False,Physician,H_HSP_RATING_9_10,"Patients who gave their hospital a rating of 9 or 10 on a scale from 0 (lowest) to 10 (highest) — Patients who gave a rating of ""9"" or ""10"" (high)",hcahps,True,87.0,126.0,2024-10-01,2025-09-30,71.74905039250443,73.51851851851852,0.939969604863222
450135,TEXAS HEALTH HARRIS METHODIST FORT WORTH,TX,TARRANT,True,False,Voluntary non-profit - Private,H_HSP_RATING_9_10,"Patients who gave their hospital a rating of 9 or 10 on a scale from 0 (lowest) to 10 (highest) — Patients who gave a rating of ""9"" or ""10"" (high)",hcahps,True,75.0,3735.0,2024-10-01,2025-09-30,71.74905039250443,73.51851851851852,0.617021276595745
670085,TEXAS HEALTH HARRIS METHODIST HOSPITAL ALLIANCE,TX,TARRANT,True,False,Voluntary non-profit - Private,H_HSP_RATING_9_10,"Patients who gave their hospital a rating of 9 or 10 on a scale from 0 (lowest) to 10 (highest) — Patients who gave a rating of ""9"" or ""10"" (high)",hcahps,True,71.0,650.0,2024-10-01,2025-09-30,71.74905039250443,73.51851851851852,0.446555217831814
450419,TEXAS HEALTH HARRIS METHODIST HOSPITAL AZLE,TX,TARRANT,True,False,Voluntary non-profit - Private,H_HSP_RATING_9_10,"Patients who gave their hospital a rating of 9 or 10 on a scale from 0 (lowest) to 10 (highest) — Patients who gave a rating of ""9"" or ""10"" (high)",hcahps,True,67.0,196.0,2024-10-01,2025-09-30,71.74905039250443,73.51851851851852,0.28419452887538
450148,TEXAS HEALTH HARRIS METHODIST HOSPITAL CLEBURNE,TX,JOHNSON,True,False,Voluntary non-profit - Private,H_HSP_RATING_9_10,"Patients who gave their hospital a rating of 9 or 10 on a scale from 0 (lowest) to 10 (highest) — Patients who gave a rating of ""9"" or ""10"" (high)",hcahps,True,72.0,327.0,2024-10-01,2025-09-30,71.74905039250443,73.51851851851852,0.494174265450861
450888,TEXAS HEALTH HARRIS METHODIST HOSPITAL SOUTHLAKE,TX,TARRANT,True,False,Proprietary,H_HSP_RATING_9_10,"Patients who gave their hospital a rating of 9 or 10 on a scale from 0 (lowest) to 10 (highest) — Patients who gave a rating of ""9"" or ""10"" (high)",hcahps,True,86.0,147.0,2024-10-01,2025-09-30,71.74905039250443,73.51851851851852,0.925531914893617
450779,TEXAS HEALTH HARRIS METHODIST HOSPITAL SOUTHWEST F,TX,TARRANT,True,False,Voluntary non-profit - Private,H_HSP_RATING_9_10,"Patients who gave their hospital a rating of 9 or 10 on a scale from 0 (lowest) to 10 (highest) — Patients who gave a rating of ""9"" or ""10"" (high)",hcahps,True,77.0,1609.0,2024-10-01,2025-09-30,71.74905039250443,73.51851851851852,0.696048632218845
450351,TEXAS HEALTH HARRIS METHODIST HOSPITAL STEPHENVILL,TX,ERATH,True,False,Voluntary non-profit - Private,H_HSP_RATING_9_10,"Patients who gave their hospital a rating of 9 or 10 on a scale from 0 (lowest) to 10 (highest) — Patients who gave a rating of ""9"" or ""10"" (high)",hcahps,True,79.0,190.0,2024-10-01,2025-09-30,71.74905039250443,73.51851851851852,0.770010131712259
450639,TEXAS HEALTH HARRIS METHODIST HURST-EULESS-BEDFORD,TX,TARRANT,True,False,Voluntary non-profit - Private,H_HSP_RATING_9_10,"Patients who gave their hospital a rating of 9 or 10 on a scale from 0 (lowest) to 10 (highest) — Patients who gave a rating of ""9"" or ""10"" (high)",hcahps,True,71.0,1005.0,2024-10-01,2025-09-30,71.74905039250443,73.51851851851852,0.446555217831814
670071,TEXAS HEALTH HEART & VASCULAR HOSPITAL ARLINGTON,TX,TARRANT,True,False,Physician,H_HSP_RATING_9_10,"Patients who gave their hospital a rating of 9 or 10 on a scale from 0 (lowest) to 10 (highest) — Patients who gave a rating of ""9"" or ""10"" (high)",hcahps,True,83.0,297.0,2024-10-01,2025-09-30,71.74905039250443,73.51851851851852,0.873353596757852
670260,TEXAS HEALTH HOSPITAL FRISCO,TX,DENTON,True,False,Voluntary non-profit - Private,H_HSP_RATING_9_10,"Patients who gave their hospital a rating of 9 or 10 on a scale from 0 (lowest) to 10 (highest) — Patients who gave a rating of ""9"" or ""10"" (high)",hcahps,True,78.0,746.0,2024-10-01,2025-09-30,71.74905039250443,73.51851851851852,0.735562310030395
670309,TEXAS HEALTH HOSPITAL MANSFIELD,TX,TARRANT,True,False,Voluntary non-profit - Private,H_HSP_RATING_9_10,"Patients who gave their hospital a rating of 9 or 10 on a scale from 0 (lowest) to 10 (highest) — Patients who gave a rating of ""9"" or ""10"" (high)",hcahps,True,82.0,186.0,2024-10-01,2025-09-30,71.74905039250443,73.51851851851852,0.849797365754813
450677,TEXAS HEALTH HUGULEY HOSPITAL FORT WORTH SOUTH,TX,TARRANT,True,False,Voluntary non-profit - Private,H_HSP_RATING_9_10,"Patients who gave their hospital a rating of 9 or 10 on a scale from 0 (lowest) to 10 (highest) — Patients who gave a rating of ""9"" or ""10"" (high)",hcahps,True,74.0,1449.0,2024-10-01,2025-09-30,71.74905039250443,73.51851851851852,0.581306990881459
450840,TEXAS HEALTH PRESBYTERIAN HOSPITAL ALLEN,TX,COLLIN,True,False,Voluntary non-profit - Private,H_HSP_RATING_9_10,"Patients who gave their hospital a rating of 9 or 10 on a scale from 0 (lowest) to 10 (highest) — Patients who gave a rating of ""9"" or ""10"" (high)",hcahps,True,76.0,563.0,2024-10-01,2025-09-30,71.74905039250443,73.51851851851852,0.661347517730496
450462,TEXAS HEALTH PRESBYTERIAN HOSPITAL DALLAS,TX,DALLAS,True,False,Voluntary non-profit - Private,H_HSP_RATING_9_10,"Patients who gave their hospital a rating of 9 or 10 on a scale from 0 (lowest) to 10 (highest) — Patients who gave a rating of ""9"" or ""10"" (high)",hcahps,True,69.0,1857.0,2024-10-01,2025-09-30,71.74905039250443,73.51851851851852,0.36144883485309
450743,TEXAS HEALTH PRESBYTERIAN HOSPITAL DENTON,TX,DENTON,True,False,Voluntary non-profit - Private,H_HSP_RATING_9_10,"Patients who gave their hospital a rating of 9 or 10 on a scale from 0 (lowest) to 10 (highest) — Patients who gave a rating of ""9"" or ""10"" (high)",hcahps,True,78.0,1027.0,2024-10-01,2025-09-30,71.74905039250443,73.51851851851852,0.735562310030395
670068,TEXAS HEALTH PRESBYTERIAN HOSPITAL FLOWER MOUND,TX,DENTON,True,False,Proprietary,H_HSP_RATING_9_10,"Patients who gave their hospital a rating of 9 or 10 on a scale from 0 (lowest) to 10 (highest) — Patients who gave a rating of ""9"" or ""10"" (high)",hcahps,True,78.0,958.0,2024-10-01,2025-09-30,71.74905039250443,73.51851851851852,0.735562310030395
450292,TEXAS HEALTH PRESBYTERIAN HOSPITAL KAUFMAN,TX,KAUFMAN,True,False,Voluntary non-profit - Private,H_HSP_RATING_9_10,"Patients who gave their hospital a rating of 9 or 10 on a scale from 0 (lowest) to 10 (highest) — Patients who gave a rating of ""9"" or ""10"" (high)",hcahps,True,79.0,141.0,2024-10-01,2025-09-30,71.74905039250443,73.51851851851852,0.770010131712259
450771,TEXAS HEALTH PRESBYTERIAN HOSPITAL PLANO,TX,COLLIN,True,False,Voluntary non-profit - Private,H_HSP_RATING_9_10,"Patients who gave their hospital a rating of 9 or 10 on a scale from 0 (lowest) to 10 (highest) — Patients who gave a rating of ""9"" or ""10"" (high)",hcahps,True,72.0,1447.0,2024-10-01,2025-09-30,71.74905039250443,73.51851851851852,0.494174265450861
670044,TEXAS HEALTH PRESBYTERIAN HOSPITAL ROCKWALL,TX,ROCKWALL,True,False,Proprietary,H_HSP_RATING_9_10,"Patients who gave their hospital a rating of 9 or 10 on a scale from 0 (lowest) to 10 (highest) — Patients who gave a rating of ""9"" or ""10"" (high)",hcahps,True,79.0,898.0,2024-10-01,2025-09-30,71.74905039250443,73.51851851851852,0.770010131712259
450889,TEXAS INSTITUTE FOR SURGERY AT PRESBYTERIAN HOSPIT,TX,DALLAS,True,False,Physician,H_HSP_RATING_9_10,"Patients who gave their hospital a rating of 9 or 10 on a scale from 0 (lowest) to 10 (highest) — Patients who gave a rating of ""9"" or ""10"" (high)",hcahps,True,87.0,124.0,2024-10-01,2025-09-30,71.74905039250443,73.51851851851852,0.939969604863222
450804,TEXAS ORTHOPEDIC HOSPITAL,TX,HARRIS,True,True,Voluntary non-profit - Other,H_HSP_RATING_9_10,"Patients who gave their hospital a rating of 9 or 10 on a scale from 0 (lowest) to 10 (highest) — Patients who gave a rating of ""9"" or ""10"" (high)",hcahps,True,83.0,429.0,2024-10-01,2025-09-30,71.74905039250443,73.51851851851852,0.873353596757852
450324,TEXOMA MEDICAL CENTER,TX,GRAYSON,True,False,Proprietary,H_HSP_RATING_9_10,"Patients who gave their hospital a rating of 9 or 10 on a scale from 0 (lowest) to 10 (highest) — Patients who gave a rating of ""9"" or ""10"" (high)",hcahps,True,65.0,622.0,2024-10-01,2025-09-30,71.74905039250443,73.51851851851852,0.21225937183384
450893,THE HEART HOSPITAL BAYLOR DENTON,TX,DENTON,True,False,Physician,H_HSP_RATING_9_10,"Patients who gave their hospital a rating of 9 or 10 on a scale from 0 (lowest) to 10 (highest) — Patients who gave a rating of ""9"" or ""10"" (high)",hcahps,True,86.0,349.0,2024-10-01,2025-09-30,71.74905039250443,73.51851851851852,0.925531914893617
670006,THE HOSPITAL AT WESTLAKE MEDICAL CENTER,TX,TRAVIS,True,False,Physician,H_HSP_RATING_9_10,"Patients who gave their hospital a rating of 9 or 10 on a scale from 0 (lowest) to 10 (highest) — Patients who gave a rating of ""9"" or ""10"" (high)",hcahps,True,62.0,143.0,2024-10-01,2025-09-30,71.74905039250443,73.51851851851852,0.132218844984802
670047,THE HOSPITALS OF PROVIDENCE - EAST CAMPUS,TX,EL PASO,True,False,Proprietary,H_HSP_RATING_9_10,"Patients who gave their hospital a rating of 9 or 10 on a scale from 0 (lowest) to 10 (highest) — Patients who gave a rating of ""9"" or ""10"" (high)",hcahps,True,58.0,894.0,2024-10-01,2025-09-30,71.74905039250443,73.51851851851852,0.0557244174265451
450002,THE HOSPITALS OF PROVIDENCE - MEMORIAL CAMPUS,TX,EL PASO,True,False,Proprietary,H_HSP_RATING_9_10,"Patients who gave their hospital a rating of 9 or 10 on a scale from 0 (lowest) to 10 (highest) — Patients who gave a rating of ""9"" or ""10"" (high)",hcahps,True,54.0,541.0,2024-10-01,2025-09-30,71.74905039250443,73.51851851851852,0.0258358662613982
670124,THE HOSPITALS OF PROVIDENCE HORIZON CITY CAMPUS,TX,EL PASO,True,False,Proprietary,H_HSP_RATING_9_10,"Patients who gave their hospital a rating of 9 or 10 on a scale from 0 (lowest) to 10 (highest) — Patients who gave a rating of ""9"" or ""10"" (high)",hcahps,True,81.0,99.0,2024-10-01,2025-09-30,71.74905039250443,73.51851851851852,0.824214792299899
670120,THE HOSPITALS OF PROVIDENCE TRANSMOUNTAIN CAMPUS,TX,EL PASO,True,False,Proprietary,H_HSP_RATING_9_10,"Patients who gave their hospital a rating of 9 or 10 on a scale from 0 (lowest) to 10 (highest) — Patients who gave a rating of ""9"" or ""10"" (high)",hcahps,True,66.0,731.0,2024-10-01,2025-09-30,71.74905039250443,73.51851851851852,0.245440729483283
450518,THE MEDICAL CENTER OF SOUTHEAST TEXAS,TX,JEFFERSON,True,False,Physician,H_HSP_RATING_9_10,"Patients who gave their hospital a rating of 9 or 10 on a scale from 0 (lowest) to 10 (highest) — Patients who gave a rating of ""9"" or ""10"" (high)",hcahps,True,61.0,308.0,2024-10-01,2025-09-30,71.74905039250443,73.51851851851852,0.108156028368794
670267,THE WOODLANDS SPECIALTY HOSPITAL,TX,MONTGOMERY,True,True,Proprietary,H_HSP_RATING_9_10,"Patients who gave their hospital a rating of 9 or 10 on a scale from 0 (lowest) to 10 (highest) — Patients who gave a rating of ""9"" or ""10"" (high)",hcahps,True,66.0,55.0,2024-10-01,2025-09-30,71.74905039250443,73.51851851851852,0.245440729483283
450080,TITUS REGIONAL MEDICAL CENTER,TX,TITUS,True,False,Government - Hospital District or Authority,H_HSP_RATING_9_10,"Patients who gave their hospital a rating of 9 or 10 on a scale from 0 (lowest) to 10 (highest) — Patients who gave a rating of ""9"" or ""10"" (high)",hcahps,True,68.0,437.0,2024-10-01,2025-09-30,71.74905039250443,73.51851851851852,0.322441742654509
451370,TMC- BONHAM HOSPITAL,TX,FANNIN,True,False,Government - Hospital District or Authority,H_HSP_RATING_9_10,"Patients who gave their hospital a rating of 9 or 10 on a scale from 0 (lowest) to 10 (highest) — Patients who gave a rating of ""9"" or ""10"" (high)",hcahps,True,73.0,43.0,2024-10-01,2025-09-30,71.74905039250443,73.51851851851852,0.538247213779129
450774,TOPS SURGICAL SPECIALTY HOSPITAL,TX,HARRIS,True,True,Physician,H_HSP_RATING_9_10,"Patients who gave their hospital a rating of 9 or 10 on a scale from 0 (lowest) to 10 (highest) — Patients who gave a rating of ""9"" or ""10"" (high)",hcahps,True,79.0,129.0,2024-10-01,2025-09-30,71.74905039250443,73.51851851851852,0.770010131712259
670266,TOWNSEN MEMORIAL HOSPITAL,TX,HARRIS,True,True,Proprietary,H_HSP_RATING_9_10,"Patients who gave their hospital a rating of 9 or 10 on a scale from 0 (lowest) to 10 (highest) — Patients who gave a rating of ""9"" or ""10"" (high)",hcahps,True,67.0,46.0,2024-10-01,2025-09-30,71.74905039250443,73.51851851851852,0.28419452887538
450460,TYLER COUNTY HOSPITAL,TX,TYLER,True,False,Government - Hospital District or Authority,H_HSP_RATING_9_10,"Patients who gave their hospital a rating of 9 or 10 on a scale from 0 (lowest) to 10 (highest) — Patients who gave a rating of ""9"" or ""10"" (high)",hcahps,True,87.0,32.0,2024-10-01,2025-09-30,71.74905039250443,73.51851851851852,0.939969604863222
450010,UNITED REGIONAL HEALTH CARE SYSTEM,TX,WICHITA,True,False,Voluntary non-profit - Private,H_HSP_RATING_9_10,"Patients who gave their hospital a rating of 9 or 10 on a scale from 0 (lowest) to 10 (highest) — Patients who gave a rating of ""9"" or ""10"" (high)",hcahps,True,71.0,488.0,2024-10-01,2025-09-30,71.74905039250443,73.51851851851852,0.446555217831814
450213,UNIVERSITY HEALTH SYSTEM,TX,BEXAR,True,False,Government - Hospital District or Authority,H_HSP_RATING_9_10,"Patients who gave their hospital a rating of 9 or 10 on a scale from 0 (lowest) to 10 (highest) — Patients who gave a rating of ""9"" or ""10"" (high)",hcahps,True,77.0,2347.0,2024-10-01,2025-09-30,71.74905039250443,73.51851851851852,0.696048632218845
450686,UNIVERSITY MEDICAL CENTER,TX,LUBBOCK,True,False,Government - Hospital District or Authority,H_HSP_RATING_9_10,"Patients who gave their hospital a rating of 9 or 10 on a scale from 0 (lowest) to 10 (highest) — Patients who gave a rating of ""9"" or ""10"" (high)",hcahps,True,76.0,601.0,2024-10-01,2025-09-30,71.74905039250443,73.51851851851852,0.661347517730496
450024,UNIVERSITY MEDICAL CENTER OF EL PASO,TX,EL PASO,True,False,Physician,H_HSP_RATING_9_10,"Patients who gave their hospital a rating of 9 or 10 on a scale from 0 (lowest) to 10 (highest) — Patients who gave a rating of ""9"" or ""10"" (high)",hcahps,True,67.0,2426.0,2024-10-01,2025-09-30,71.74905039250443,73.51851851851852,0.28419452887538
450690,UNIVERSITY OF TEXAS HEALTH SCIENCE CENTER AT TYLER,TX,SMITH,True,False,Government - State,H_HSP_RATING_9_10,"Patients who gave their hospital a rating of 9 or 10 on a scale from 0 (lowest) to 10 (highest) — Patients who gave a rating of ""9"" or ""10"" (high)",hcahps,True,78.0,142.0,2024-10-01,2025-09-30,71.74905039250443,73.51851851851852,0.735562310030395
450018,UNIVERSITY OF TEXAS MEDICAL BRANCH GALVESTON,TX,GALVESTON,True,True,Government - State,H_HSP_RATING_9_10,"Patients who gave their hospital a rating of 9 or 10 on a scale from 0 (lowest) to 10 (highest) — Patients who gave a rating of ""9"" or ""10"" (high)",hcahps,True,73.0,1536.0,2024-10-01,2025-09-30,71.74905039250443,73.51851851851852,0.538247213779129
450872,USMD HOSPITAL AT ARLINGTON L P,TX,TARRANT,True,False,Physician,H_HSP_RATING_9_10,"Patients who gave their hospital a rating of 9 or 10 on a scale from 0 (lowest) to 10 (highest) — Patients who gave a rating of ""9"" or ""10"" (high)",hcahps,True,70.0,131.0,2024-10-01,2025-09-30,71.74905039250443,73.51851851851852,0.401975683890578
450389,UT HEALTH EAST TEXAS ATHENS HOSPITAL,TX,HENDERSON,True,False,Proprietary,H_HSP_RATING_9_10,"Patients who gave their hospital a rating of 9 or 10 on a scale from 0 (lowest) to 10 (highest) — Patients who gave a rating of ""9"" or ""10"" (high)",hcahps,True,72.0,322.0,2024-10-01,2025-09-30,71.74905039250443,73.51851851851852,0.494174265450861
450210,UT HEALTH EAST TEXAS CARTHAGE HOSPITAL,TX,PANOLA,True,False,Proprietary,H_HSP_RATING_9_10,"Patients who gave their hospital a rating of 9 or 10 on a scale from 0 (lowest) to 10 (highest) — Patients who gave a rating of ""9"" or ""10"" (high)",hcahps,True,85.0,57.0,2024-10-01,2025-09-30,71.74905039250443,73.51851851851852,0.911600810536981
450475,UT HEALTH EAST TEXAS HENDERSON HOSPITAL,TX,RUSK,True,False,Proprietary,H_HSP_RATING_9_10,"Patients who gave their hospital a rating of 9 or 10 on a scale from 0 (lowest) to 10 (highest) — Patients who gave a rating of ""9"" or ""10"" (high)",hcahps,True,71.0,129.0,2024-10-01,2025-09-30,71.74905039250443,73.51851851851852,0.446555217831814
450194,UT HEALTH EAST TEXAS JACKSONVILLE HOSPITAL,TX,CHEROKEE,True,False,Proprietary,H_HSP_RATING_9_10,"Patients who gave their hospital a rating of 9 or 10 on a scale from 0 (lowest) to 10 (highest) — Patients who gave a rating of ""9"" or ""10"" (high)",hcahps,True,75.0,149.0,2024-10-01,2025-09-30,71.74905039250443,73.51851851851852,0.617021276595745
451367,UT HEALTH EAST TEXAS PITTSBURG HOSPITAL,TX,CAMP,True,False,Proprietary,H_HSP_RATING_9_10,"Patients who gave their hospital a rating of 9 or 10 on a scale from 0 (lowest) to 10 (highest) — Patients who gave a rating of ""9"" or ""10"" (high)",hcahps,True,86.0,149.0,2024-10-01,2025-09-30,71.74905039250443,73.51851851851852,0.925531914893617
451380,UT HEALTH EAST TEXAS QUITMAN HOSPITAL,TX,WOOD,True,False,Voluntary non-profit - Other,H_HSP_RATING_9_10,"Patients who gave their hospital a rating of 9 or 10 on a scale from 0 (lowest) to 10 (highest) — Patients who gave a rating of ""9"" or ""10"" (high)",hcahps,True,81.0,150.0,2024-10-01,2025-09-30,71.74905039250443,73.51851851851852,0.824214792299899
450083,UT HEALTH EAST TEXAS TYLER REGIONAL HOSPITAL,TX,SMITH,True,False,Proprietary,H_HSP_RATING_9_10,"Patients who gave their hospital a rating of 9 or 10 on a scale from 0 (lowest) to 10 (highest) — Patients who gave a rating of ""9"" or ""10"" (high)",hcahps,True,65.0,1615.0,2024-10-01,2025-09-30,71.74905039250443,73.51851851851852,0.21225937183384
450044,UT OF TEXAS  SOUTHWESTERN UNIVERSITY HOSPITAL - WILLIAM P. CLEMENTS JR.,TX,DALLAS,True,False,Government - State,H_HSP_RATING_9_10,"Patients who gave their hospital a rating of 9 or 10 on a scale from 0 (lowest) to 10 (highest) — Patients who gave a rating of ""9"" or ""10"" (high)",hcahps,True,83.0,3378.0,2024-10-01,2025-09-30,71.74905039250443,73.51851851851852,0.873353596757852
451387,UVALDE MEMORIAL HOSPITAL,TX,UVALDE,True,False,Government - Hospital District or Authority,H_HSP_RATING_9_10,"Patients who gave their hospital a rating of 9 or 10 on a scale from 0 (lowest) to 10 (highest) — Patients who gave a rating of ""9"" or ""10"" (high)",hcahps,True,75.0,172.0,2024-10-01,2025-09-30,71.74905039250443,73.51851851851852,0.617021276595745
45060F,VA AMARILLO HEALTHCARE SYSTEM,TX,POTTER,True,False,Veterans Health Administration,H_HSP_RATING_9_10,"Patients who gave their hospital a rating of 9 or 10 on a scale from 0 (lowest) to 10 (highest) — Patients who gave a rating of ""9"" or ""10"" (high)",hcahps,True,80.0,481.0,2024-10-01,2025-09-30,71.74905039250443,73.51851851851852,0.798885511651469
450154,VAL VERDE REGIONAL MEDICAL CENTER,TX,VAL VERDE,True,False,Government - Hospital District or Authority,H_HSP_RATING_9_10,"Patients who gave their hospital a rating of 9 or 10 on a scale from 0 (lowest) to 10 (highest) — Patients who gave a rating of ""9"" or ""10"" (high)",hcahps,True,59.0,103.0,2024-10-01,2025-09-30,71.74905039250443,73.51851851851852,0.0704154002026342
450028,VALLEY BAPTIST MEDICAL CENTER- BROWNSVILLE,TX,CAMERON,True,False,Proprietary,H_HSP_RATING_9_10,"Patients who gave their hospital a rating of 9 or 10 on a scale from 0 (lowest) to 10 (highest) — Patients who gave a rating of ""9"" or ""10"" (high)",hcahps,True,57.0,428.0,2024-10-01,2025-09-30,71.74905039250443,73.51851851851852,0.0460992907801418
450662,VALLEY REGIONAL MEDICAL CENTER,TX,CAMERON,True,False,Proprietary,H_HSP_RATING_9_10,"Patients who gave their hospital a rating of 9 or 10 on a scale from 0 (lowest) to 10 (highest) — Patients who gave a rating of ""9"" or ""10"" (high)",hcahps,True,62.0,809.0,2024-10-01,2025-09-30,71.74905039250443,73.51851851851852,0.132218844984802
450033,VHS HARLINGEN HOSPITAL COMPANY LLC,TX,CAMERON,True,False,Proprietary,H_HSP_RATING_9_10,"Patients who gave their hospital a rating of 9 or 10 on a scale from 0 (lowest) to 10 (highest) — Patients who gave a rating of ""9"" or ""10"" (high)",hcahps,True,63.0,727.0,2024-10-01,2025-09-30,71.74905039250443,73.51851851851852,0.156281661600811
451337,W J MANGOLD MEMORIAL HOSPITAL,TX,FLOYD,True,False,Physician,H_HSP_RATING_9_10,"Patients who gave their hospital a rating of 9 or 10 on a scale from 0 (lowest) to 10 (highest) — Patients who gave a rating of ""9"" or ""10"" (high)",hcahps,True,89.0,27.0,2024-10-01,2025-09-30,71.74905039250443,73.51851851851852,0.962006079027356
451373,WARD MEMORIAL HOSPITAL,TX,WARD,True,False,Government - Local,H_HSP_RATING_9_10,"Patients who gave their hospital a rating of 9 or 10 on a scale from 0 (lowest) to 10 (highest) — Patients who gave a rating of ""9"" or ""10"" (high)",hcahps,True,84.0,43.0,2024-10-01,2025-09-30,71.74905039250443,73.51851851851852,0.894883485309017
450584,WILBARGER GENERAL HOSPITAL,TX,WILBARGER,True,False,Government - Hospital District or Authority,H_HSP_RATING_9_10,"Patients who gave their hospital a rating of 9 or 10 on a scale from 0 (lowest) to 10 (highest) — Patients who gave a rating of ""9"" or ""10"" (high)",hcahps,True,72.0,98.0,2024-10-01,2025-09-30,71.74905039250443,73.51851851851852,0.494174265450861
45068F,William Beaumont AMG (FT Bliss),TX,EL PASO,True,False,Department of Defense,H_HSP_RATING_9_10,"Patients who gave their hospital a rating of 9 or 10 on a scale from 0 (lowest) to 10 (highest) — Patients who gave a rating of ""9"" or ""10"" (high)",hcahps,True,84.0,723.0,2024-10-01,2025-09-30,71.74905039250443,73.51851851851852,0.894883485309017
450469,WILSON N JONES REGIONAL MEDICAL CENTER,TX,GRAYSON,True,False,Proprietary,H_HSP_RATING_9_10,"Patients who gave their hospital a rating of 9 or 10 on a scale from 0 (lowest) to 10 (highest) — Patients who gave a rating of ""9"" or ""10"" (high)",hcahps,True,55.0,167.0,2024-10-01,2025-09-30,71.74905039250443,73.51851851851852,0.0326747720364742
450674,"WOMANS HOSPITAL OF TEXAS,THE",TX,HARRIS,True,True,Proprietary,H_HSP_RATING_9_10,"Patients who gave their hospital a rating of 9 or 10 on a scale from 0 (lowest) to 10 (highest) — Patients who gave a rating of ""9"" or ""10"" (high)",hcahps,True,67.0,920.0,2024-10-01,2025-09-30,71.74905039250443,73.51851851851852,0.28419452887538
450484,WOODLAND HEIGHTS MEDICAL CENTER,TX,ANGELINA,True,False,Proprietary,H_HSP_RATING_9_10,"Patients who gave their hospital a rating of 9 or 10 on a scale from 0 (lowest) to 10 (highest) — Patients who gave a rating of ""9"" or ""10"" (high)",hcahps,True,64.0,424.0,2024-10-01,2025-09-30,71.74905039250443,73.51851851851852,0.181357649442756
451346,YOAKUM COMMUNITY HOSPITAL,TX,LAVACA,True,False,Voluntary non-profit - Private,H_HSP_RATING_9_10,"Patients who gave their hospital a rating of 9 or 10 on a scale from 0 (lowest) to 10 (highest) — Patients who gave a rating of ""9"" or ""10"" (high)",hcahps,True,78.0,68.0,2024-10-01,2025-09-30,71.74905039250443,73.51851851851852,0.735562310030395
451308,YOAKUM COUNTY HOSPITAL,TX,YOAKUM,True,False,Voluntary non-profit - Other,H_HSP_RATING_9_10,"Patients who gave their hospital a rating of 9 or 10 on a scale from 0 (lowest) to 10 (highest) — Patients who gave a rating of ""9"" or ""10"" (high)",hcahps,True,75.0,91.0,2024-10-01,2025-09-30,71.74905039250443,73.51851851851852,0.617021276595745
670102,"AD HOSPITAL EAST, LLC",TX,HARRIS,True,True,Proprietary,H_RECMND_DY,"Patients who reported YES, they would definitely recommend the hospital — ""YES"", patients would definitely recommend the hospital",hcahps,True,64.0,71.0,2024-10-01,2025-09-30,71.22081539630287,72.86531986531986,0.21403242147923
450152,ADVENTHEALTH CENTRAL TEXAS,TX,BELL,True,False,Voluntary non-profit - Church,H_RECMND_DY,"Patients who reported YES, they would definitely recommend the hospital — ""YES"", patients would definitely recommend the hospital",hcahps,True,68.0,492.0,2024-10-01,2025-09-30,71.22081539630287,72.86531986531986,0.348530901722391
451323,ADVENTHEALTH ROLLINS BROOK,TX,LAMPASAS,True,False,Voluntary non-profit - Church,H_RECMND_DY,"Patients who reported YES, they would definitely recommend the hospital — ""YES"", patients would definitely recommend the hospital",hcahps,True,89.0,44.0,2024-10-01,2025-09-30,71.22081539630287,72.86531986531986,0.963525835866261
670134,ALTUS LUMBERTON HOSPITAL,TX,HARDIN,True,False,Proprietary,H_RECMND_DY,"Patients who reported YES, they would definitely recommend the hospital — ""YES"", patients would definitely recommend the hospital",hcahps,True,89.0,51.0,2024-10-01,2025-09-30,71.22081539630287,72.86531986531986,0.963525835866261
670056,ASCENSION  SETON HAYS,TX,HAYS,True,False,Voluntary non-profit - Private,H_RECMND_DY,"Patients who reported YES, they would definitely recommend the hospital — ""YES"", patients would definitely recommend the hospital",hcahps,True,66.0,504.0,2024-10-01,2025-09-30,71.22081539630287,72.86531986531986,0.274569402228977
450042,ASCENSION PROVIDENCE,TX,MC LENNAN,True,False,Voluntary non-profit - Private,H_RECMND_DY,"Patients who reported YES, they would definitely recommend the hospital — ""YES"", patients would definitely recommend the hospital",hcahps,True,69.0,375.0,2024-10-01,2025-09-30,71.22081539630287,72.86531986531986,0.38677811550152
450865,ASCENSION SETON  SOUTHWEST,TX,HAYS,True,False,Voluntary non-profit - Private,H_RECMND_DY,"Patients who reported YES, they would definitely recommend the hospital — ""YES"", patients would definitely recommend the hospital",hcahps,True,86.0,66.0,2024-10-01,2025-09-30,71.22081539630287,72.86531986531986,0.92274569402229
670043,ASCENSION SETON CEDAR PARK,TX,WILLIAMSON,True,False,Voluntary non-profit - Private,H_RECMND_DY,"Patients who reported YES, they would definitely recommend the hospital — ""YES"", patients would definitely recommend the hospital",hcahps,True,61.0,401.0,2024-10-01,2025-09-30,71.22081539630287,72.86531986531986,0.140830800405268
450056,ASCENSION SETON MEDICAL CENTER AUSTIN,TX,TRAVIS,True,False,Voluntary non-profit - Private,H_RECMND_DY,"Patients who reported YES, they would definitely recommend the hospital — ""YES"", patients would definitely recommend the hospital",hcahps,True,67.0,447.0,2024-10-01,2025-09-30,71.22081539630287,72.86531986531986,0.314083080040527
450867,ASCENSION SETON NORTHWEST,TX,TRAVIS,True,False,Voluntary non-profit - Private,H_RECMND_DY,"Patients who reported YES, they would definitely recommend the hospital — ""YES"", patients would definitely recommend the hospital",hcahps,True,70.0,524.0,2024-10-01,2025-09-30,71.22081539630287,72.86531986531986,0.430851063829787
670041,ASCENSION SETON WILLIAMSON,TX,WILLIAMSON,True,False,Voluntary non-profit - Private,H_RECMND_DY,"Patients who reported YES, they would definitely recommend the hospital — ""YES"", patients would definitely recommend the hospital",hcahps,True,71.0,459.0,2024-10-01,2025-09-30,71.22081539630287,72.86531986531986,0.46757852077001
450346,BAPTIST BEAUMONT HOSPITAL,TX,JEFFERSON,True,False,Voluntary non-profit - Private,H_RECMND_DY,"Patients who reported YES, they would definitely recommend the hospital — ""YES"", patients would definitely recommend the hospital",hcahps,True,71.0,1200.0,2024-10-01,2025-09-30,71.22081539630287,72.86531986531986,0.46757852077001
450058,BAPTIST MEDICAL CENTER,TX,BEXAR,True,False,Proprietary,H_RECMND_DY,"Patients who reported YES, they would definitely recommend the hospital — ""YES"", patients would definitely recommend the hospital",hcahps,True,64.0,3690.0,2024-10-01,2025-09-30,71.22081539630287,72.86531986531986,0.21403242147923
670078,BAPTIST NEIGHBORHOOD HOSPITAL THOUSAND OAKS,TX,BEXAR,True,False,Proprietary,H_RECMND_DY,"Patients who reported YES, they would definitely recommend the hospital — ""YES"", patients would definitely recommend the hospital",hcahps,True,79.0,274.0,2024-10-01,2025-09-30,71.22081539630287,72.86531986531986,0.754052684903749
450883,BAYLOR MEDICAL CENTER AT TROPHY CLUB,TX,DENTON,True,False,Proprietary,H_RECMND_DY,"Patients who reported YES, they would definitely recommend the hospital — ""YES"", patients would definitely recommend the hospital",hcahps,True,69.0,112.0,2024-10-01,2025-09-30,71.22081539630287,72.86531986531986,0.38677811550152
450885,BAYLOR SCOTT &  WHITE MEDICAL CENTER - CENTENNIAL,TX,COLLIN,True,False,Voluntary non-profit - Private,H_RECMND_DY,"Patients who reported YES, they would definitely recommend the hospital — ""YES"", patients would definitely recommend the hospital",hcahps,True,78.0,482.0,2024-10-01,2025-09-30,71.22081539630287,72.86531986531986,0.720364741641337
670062,BAYLOR SCOTT & WHITE EMERGENCY HOSPITAL,TX,DENTON,True,False,Proprietary,H_RECMND_DY,"Patients who reported YES, they would definitely recommend the hospital — ""YES"", patients would definitely recommend the hospital",hcahps,True,67.0,91.0,2024-10-01,2025-09-30,71.22081539630287,72.86531986531986,0.314083080040527
450851,BAYLOR SCOTT & WHITE HEART & VASCULAR HOSPITAL - DALLAS,TX,DALLAS,True,False,Proprietary,H_RECMND_DY,"Patients who reported YES, they would definitely recommend the hospital — ""YES"", patients would definitely recommend the hospital",hcahps,True,87.0,647.0,2024-10-01,2025-09-30,71.22081539630287,72.86531986531986,0.938449848024316
450563,BAYLOR SCOTT & WHITE MEDICAL CENTER  GRAPEVINE,TX,TARRANT,True,False,Voluntary non-profit - Private,H_RECMND_DY,"Patients who reported YES, they would definitely recommend the hospital — ""YES"", patients would definitely recommend the hospital",hcahps,True,79.0,1448.0,2024-10-01,2025-09-30,71.22081539630287,72.86531986531986,0.754052684903749
670131,BAYLOR SCOTT & WHITE MEDICAL CENTER - BUDA,TX,HAYS,True,False,Voluntary non-profit - Private,H_RECMND_DY,"Patients who reported YES, they would definitely recommend the hospital — ""YES"", patients would definitely recommend the hospital",hcahps,True,88.0,57.0,2024-10-01,2025-09-30,71.22081539630287,72.86531986531986,0.951874366767984
450853,BAYLOR SCOTT & WHITE MEDICAL CENTER - FRISCO,TX,DENTON,True,False,Proprietary,H_RECMND_DY,"Patients who reported YES, they would definitely recommend the hospital — ""YES"", patients would definitely recommend the hospital",hcahps,True,76.0,247.0,2024-10-01,2025-09-30,71.22081539630287,72.86531986531986,0.65096251266464
670108,BAYLOR SCOTT & WHITE MEDICAL CENTER - MARBLE FALLS,TX,BURNET,True,False,Voluntary non-profit - Private,H_RECMND_DY,"Patients who reported YES, they would definitely recommend the hospital — ""YES"", patients would definitely recommend the hospital",hcahps,True,79.0,483.0,2024-10-01,2025-09-30,71.22081539630287,72.86531986531986,0.754052684903749
670034,BAYLOR SCOTT & WHITE MEDICAL CENTER - ROUND ROCK,TX,WILLIAMSON,True,False,Voluntary non-profit - Private,H_RECMND_DY,"Patients who reported YES, they would definitely recommend the hospital — ""YES"", patients would definitely recommend the hospital",hcahps,True,77.0,1793.0,2024-10-01,2025-09-30,71.22081539630287,72.86531986531986,0.685410334346505
450054,BAYLOR SCOTT & WHITE MEDICAL CENTER - TEMPLE,TX,BELL,True,False,Voluntary non-profit - Private,H_RECMND_DY,"Patients who reported YES, they would definitely recommend the hospital — ""YES"", patients would definitely recommend the hospital",hcahps,True,74.0,2016.0,2024-10-01,2025-09-30,71.22081539630287,72.86531986531986,0.581813576494428
451374,BAYLOR SCOTT & WHITE MEDICAL CENTER -TAYLOR,TX,WILLIAMSON,True,False,Voluntary non-profit - Private,H_RECMND_DY,"Patients who reported YES, they would definitely recommend the hospital — ""YES"", patients would definitely recommend the hospital",hcahps,True,73.0,55.0,2024-10-01,2025-09-30,71.22081539630287,72.86531986531986,0.54483282674772
450079,BAYLOR SCOTT & WHITE MEDICAL CENTER AT IRVING,TX,DALLAS,True,False,Voluntary non-profit - Private,H_RECMND_DY,"Patients who reported YES, they would definitely recommend the hospital — ""YES"", patients would definitely recommend the hospital",hcahps,True,78.0,821.0,2024-10-01,2025-09-30,71.22081539630287,72.86531986531986,0.720364741641337
450101,BAYLOR SCOTT & WHITE MEDICAL CENTER HILLCREST,TX,MC LENNAN,True,False,Voluntary non-profit - Private,H_RECMND_DY,"Patients who reported YES, they would definitely recommend the hospital — ""YES"", patients would definitely recommend the hospital",hcahps,True,78.0,1536.0,2024-10-01,2025-09-30,71.22081539630287,72.86531986531986,0.720364741641337
670128,BAYLOR SCOTT & WHITE MEDICAL CENTER PFLUGERVILLE,TX,TRAVIS,True,False,Voluntary non-profit - Private,H_RECMND_DY,"Patients who reported YES, they would definitely recommend the hospital — ""YES"", patients would definitely recommend the hospital",hcahps,True,75.0,162.0,2024-10-01,2025-09-30,71.22081539630287,72.86531986531986,0.617274569402229
450890,BAYLOR SCOTT & WHITE MEDICAL CENTER PLANO,TX,COLLIN,True,False,Voluntary non-profit - Other,H_RECMND_DY,"Patients who reported YES, they would definitely recommend the hospital — ""YES"", patients would definitely recommend the hospital",hcahps,True,83.0,786.0,2024-10-01,2025-09-30,71.22081539630287,72.86531986531986,0.868034447821682
670136,BAYLOR SCOTT & WHITE MEDICAL CENTER- AUSTIN,TX,TRAVIS,True,False,Voluntary non-profit - Private,H_RECMND_DY,"Patients who reported YES, they would definitely recommend the hospital — ""YES"", patients would definitely recommend the hospital",hcahps,True,85.0,67.0,2024-10-01,2025-09-30,71.22081539630287,72.86531986531986,0.907041540020263
670088,BAYLOR SCOTT & WHITE MEDICAL CENTER- COLLEGE STATI,TX,BRAZOS,True,False,Voluntary non-profit - Private,H_RECMND_DY,"Patients who reported YES, they would definitely recommend the hospital — ""YES"", patients would definitely recommend the hospital",hcahps,True,81.0,1151.0,2024-10-01,2025-09-30,71.22081539630287,72.86531986531986,0.820921985815603
450372,BAYLOR SCOTT & WHITE MEDICAL CENTER- WAXAHACHIE,TX,ELLIS,True,False,Voluntary non-profit - Private,H_RECMND_DY,"Patients who reported YES, they would definitely recommend the hospital — ""YES"", patients would definitely recommend the hospital",hcahps,True,77.0,589.0,2024-10-01,2025-09-30,71.22081539630287,72.86531986531986,0.685410334346505
450864,BAYLOR SCOTT & WHITE TEXAS SPINE & JOINT HOSPITAL,TX,SMITH,True,False,Physician,H_RECMND_DY,"Patients who reported YES, they would definitely recommend the hospital — ""YES"", patients would definitely recommend the hospital",hcahps,True,86.0,404.0,2024-10-01,2025-09-30,71.22081539630287,72.86531986531986,0.92274569402229
670025,BAYLOR SCOTT & WHITE THE HEART HOSPITAL PLANO,TX,COLLIN,True,False,Physician,H_RECMND_DY,"Patients who reported YES, they would definitely recommend the hospital — ""YES"", patients would definitely recommend the hospital",hcahps,True,88.0,2065.0,2024-10-01,2025-09-30,71.22081539630287,72.86531986531986,0.951874366767984
670082,BAYLOR SCOTT AND WHITE  MEDICAL CENTER  MCKINNEY,TX,COLLIN,True,False,Voluntary non-profit - Private,H_RECMND_DY,"Patients who reported YES, they would definitely recommend the hospital — ""YES"", patients would definitely recommend the hospital",hcahps,True,79.0,1263.0,2024-10-01,2025-09-30,71.22081539630287,72.86531986531986,0.754052684903749
450137,BAYLOR SCOTT AND WHITE ALL SAINTS MEDICAL CENTER,TX,TARRANT,True,False,Voluntary non-profit - Private,H_RECMND_DY,"Patients who reported YES, they would definitely recommend the hospital — ""YES"", patients would definitely recommend the hospital",hcahps,True,74.0,1160.0,2024-10-01,2025-09-30,71.22081539630287,72.86531986531986,0.581813576494428
670107,BAYLOR SCOTT AND WHITE EMERGENCY HOSPITAL,TX,JOHNSON,True,False,Proprietary,H_RECMND_DY,"Patients who reported YES, they would definitely recommend the hospital — ""YES"", patients would definitely recommend the hospital",hcahps,True,77.0,49.0,2024-10-01,2025-09-30,71.22081539630287,72.86531986531986,0.685410334346505
450742,BAYLOR SCOTT AND WHITE MEDICAL CENTER LAKE POINTE,TX,DALLAS,True,False,Voluntary non-profit - Private,H_RECMND_DY,"Patients who reported YES, they would definitely recommend the hospital — ""YES"", patients would definitely recommend the hospital",hcahps,True,69.0,688.0,2024-10-01,2025-09-30,71.22081539630287,72.86531986531986,0.38677811550152
670060,BAYLOR SCOTT AND WHITE MEDICAL CENTER SUNNYVALE,TX,DALLAS,True,False,Proprietary,H_RECMND_DY,"Patients who reported YES, they would definitely recommend the hospital — ""YES"", patients would definitely recommend the hospital",hcahps,True,51.0,388.0,2024-10-01,2025-09-30,71.22081539630287,72.86531986531986,0.0253292806484296
450422,BAYLOR SCOTT AND WHITE MEDICAL CENTER UPTOWN,TX,DALLAS,True,False,Proprietary,H_RECMND_DY,"Patients who reported YES, they would definitely recommend the hospital — ""YES"", patients would definitely recommend the hospital",hcahps,True,74.0,77.0,2024-10-01,2025-09-30,71.22081539630287,72.86531986531986,0.581813576494428
670067,BAYLOR SCOTT AND WHITE ORTHOPEDIC AND SPINE HOSPI,TX,TARRANT,True,False,Proprietary,H_RECMND_DY,"Patients who reported YES, they would definitely recommend the hospital — ""YES"", patients would definitely recommend the hospital",hcahps,True,82.0,347.0,2024-10-01,2025-09-30,71.22081539630287,72.86531986531986,0.847771023302938
670076,BAYLOR SCOTT AND WHITE SURGICAL HOSPITAL AT SHERMA,TX,GRAYSON,True,False,Physician,H_RECMND_DY,"Patients who reported YES, they would definitely recommend the hospital — ""YES"", patients would definitely recommend the hospital",hcahps,True,86.0,92.0,2024-10-01,2025-09-30,71.22081539630287,72.86531986531986,0.92274569402229
450880,BAYLOR SCOTT AND WHITE SURGICAL HOSPITAL FORTWORTH,TX,TARRANT,True,False,Physician,H_RECMND_DY,"Patients who reported YES, they would definitely recommend the hospital — ""YES"", patients would definitely recommend the hospital",hcahps,True,74.0,296.0,2024-10-01,2025-09-30,71.22081539630287,72.86531986531986,0.581813576494428
450193,Baylor St Lukes Medical Center,TX,HARRIS,True,True,Voluntary non-profit - Church,H_RECMND_DY,"Patients who reported YES, they would definitely recommend the hospital — ""YES"", patients would definitely recommend the hospital",hcahps,True,66.0,518.0,2024-10-01,2025-09-30,71.22081539630287,72.86531986531986,0.274569402228977
450874,BAYLOR SURGICAL HOSPITAL AT LAS COLINAS,TX,DALLAS,True,False,Proprietary,H_RECMND_DY,"Patients who reported YES, they would definitely recommend the hospital — ""YES"", patients would definitely recommend the hospital",hcahps,True,78.0,191.0,2024-10-01,2025-09-30,71.22081539630287,72.86531986531986,0.720364741641337
450021,BAYLOR UNIVERSITY MEDICAL CENTER,TX,DALLAS,True,False,Voluntary non-profit - Private,H_RECMND_DY,"Patients who reported YES, they would definitely recommend the hospital — ""YES"", patients would definitely recommend the hospital",hcahps,True,74.0,2542.0,2024-10-01,2025-09-30,71.22081539630287,72.86531986531986,0.581813576494428
451378,BIG BEND REGIONAL MEDICAL CENTER,TX,BREWSTER,True,False,Proprietary,H_RECMND_DY,"Patients who reported YES, they would definitely recommend the hospital — ""YES"", patients would definitely recommend the hospital",hcahps,True,64.0,102.0,2024-10-01,2025-09-30,71.22081539630287,72.86531986531986,0.21403242147923
45069F,Brooke Army Medical Center (FT Sam Houston),TX,BEXAR,True,False,Department of Defense,H_RECMND_DY,"Patients who reported YES, they would definitely recommend the hospital — ""YES"", patients would definitely recommend the hospital",hcahps,True,88.0,3271.0,2024-10-01,2025-09-30,71.22081539630287,72.86531986531986,0.951874366767984
450399,BROWNFIELD REGIONAL MEDICAL CENTER,TX,TERRY,True,False,Government - Hospital District or Authority,H_RECMND_DY,"Patients who reported YES, they would definitely recommend the hospital — ""YES"", patients would definitely recommend the hospital",hcahps,True,62.0,40.0,2024-10-01,2025-09-30,71.22081539630287,72.86531986531986,0.159827760891591
450231,BSA HOSPITAL,TX,POTTER,True,False,Proprietary,H_RECMND_DY,"Patients who reported YES, they would definitely recommend the hospital — ""YES"", patients would definitely recommend the hospital",hcahps,True,76.0,1676.0,2024-10-01,2025-09-30,71.22081539630287,72.86531986531986,0.65096251266464
450730,CARROLLTON REGIONAL MEDICAL CENTER,TX,DENTON,True,False,Proprietary,H_RECMND_DY,"Patients who reported YES, they would definitely recommend the hospital — ""YES"", patients would definitely recommend the hospital",hcahps,True,54.0,249.0,2024-10-01,2025-09-30,71.22081539630287,72.86531986531986,0.0438196555217832
450011,CHI ST JOSEPH HEALTH REGIONAL HOSPITAL,TX,BRAZOS,True,False,Voluntary non-profit - Private,H_RECMND_DY,"Patients who reported YES, they would definitely recommend the hospital — ""YES"", patients would definitely recommend the hospital",hcahps,True,67.0,1193.0,2024-10-01,2025-09-30,71.22081539630287,72.86531986531986,0.314083080040527
450072,CHI ST LUKE'S HEALTH BRAZOSPORT,TX,BRAZORIA,True,True,Voluntary non-profit - Private,H_RECMND_DY,"Patients who reported YES, they would definitely recommend the hospital — ""YES"", patients would definitely recommend the hospital",hcahps,True,66.0,477.0,2024-10-01,2025-09-30,71.22081539630287,72.86531986531986,0.274569402228977
450395,CHI ST LUKES HEALTH MEMORIAL LIVINGSTON,TX,POLK,True,False,Voluntary non-profit - Private,H_RECMND_DY,"Patients who reported YES, they would definitely recommend the hospital — ""YES"", patients would definitely recommend the hospital",hcahps,True,65.0,146.0,2024-10-01,2025-09-30,71.22081539630287,72.86531986531986,0.244427558257345
450211,CHI ST LUKES HEALTH MEMORIAL LUFKIN,TX,ANGELINA,True,False,Voluntary non-profit - Private,H_RECMND_DY,"Patients who reported YES, they would definitely recommend the hospital — ""YES"", patients would definitely recommend the hospital",hcahps,True,71.0,521.0,2024-10-01,2025-09-30,71.22081539630287,72.86531986531986,0.46757852077001
670059,CHI ST LUKES LAKESIDE HOSPITAL,TX,MONTGOMERY,True,True,Voluntary non-profit - Other,H_RECMND_DY,"Patients who reported YES, they would definitely recommend the hospital — ""YES"", patients would definitely recommend the hospital",hcahps,True,81.0,159.0,2024-10-01,2025-09-30,71.22081539630287,72.86531986531986,0.820921985815603
450369,CHILDRESS REGIONAL MEDICAL CENTER,TX,CHILDRESS,True,False,Government - Hospital District or Authority,H_RECMND_DY,"Patients who reported YES, they would definitely recommend the hospital — ""YES"", patients would definitely recommend the hospital",hcahps,True,94.0,78.0,2024-10-01,2025-09-30,71.22081539630287,72.86531986531986,0.992401215805471
450032,CHRISTUS GOOD SHEPHERD MEDICAL CENTER,TX,GREGG,True,False,Voluntary non-profit - Private,H_RECMND_DY,"Patients who reported YES, they would definitely recommend the hospital — ""YES"", patients would definitely recommend the hospital",hcahps,True,70.0,503.0,2024-10-01,2025-09-30,71.22081539630287,72.86531986531986,0.430851063829787
450573,CHRISTUS JASPER MEMORIAL HOSPITAL,TX,JASPER,True,False,Voluntary non-profit - Private,H_RECMND_DY,"Patients who reported YES, they would definitely recommend the hospital — ""YES"", patients would definitely recommend the hospital",hcahps,True,72.0,57.0,2024-10-01,2025-09-30,71.22081539630287,72.86531986531986,0.507345491388045
450102,CHRISTUS MOTHER FRANCES HOSPITAL,TX,SMITH,True,False,Voluntary non-profit - Private,H_RECMND_DY,"Patients who reported YES, they would definitely recommend the hospital — ""YES"", patients would definitely recommend the hospital",hcahps,True,75.0,561.0,2024-10-01,2025-09-30,71.22081539630287,72.86531986531986,0.617274569402229
450236,CHRISTUS MOTHER FRANCES HOSPITAL SULPHUR SPRINGS,TX,HOPKINS,True,False,Voluntary non-profit - Private,H_RECMND_DY,"Patients who reported YES, they would definitely recommend the hospital — ""YES"", patients would definitely recommend the hospital",hcahps,True,77.0,402.0,2024-10-01,2025-09-30,71.22081539630287,72.86531986531986,0.685410334346505
451319,CHRISTUS MOTHER FRANCES HOSPITAL- JACKSONVILLE,TX,CHEROKEE,True,False,Voluntary non-profit - Private,H_RECMND_DY,"Patients who reported YES, they would definitely recommend the hospital — ""YES"", patients would definitely recommend the hospital",hcahps,True,92.0,122.0,2024-10-01,2025-09-30,71.22081539630287,72.86531986531986,0.984295845997974
450272,CHRISTUS SANTA ROSA HOSPITAL-SAN MARCOS,TX,HAYS,True,False,Voluntary non-profit - Church,H_RECMND_DY,"Patients who reported YES, they would definitely recommend the hospital — ""YES"", patients would definitely recommend the hospital",hcahps,True,71.0,848.0,2024-10-01,2025-09-30,71.22081539630287,72.86531986531986,0.46757852077001
450237,CHRISTUS SANTA ROSA MEDICAL CENTER,TX,BEXAR,True,False,Voluntary non-profit - Private,H_RECMND_DY,"Patients who reported YES, they would definitely recommend the hospital — ""YES"", patients would definitely recommend the hospital",hcahps,True,70.0,485.0,2024-10-01,2025-09-30,71.22081539630287,72.86531986531986,0.430851063829787
450034,CHRISTUS SOUTHEAST TEXAS- ST ELIZABETH,TX,JEFFERSON,True,False,Voluntary non-profit - Private,H_RECMND_DY,"Patients who reported YES, they would definitely recommend the hospital — ""YES"", patients would definitely recommend the hospital",hcahps,True,67.0,455.0,2024-10-01,2025-09-30,71.22081539630287,72.86531986531986,0.314083080040527
450828,CHRISTUS SPOHN HOSPITAL ALICE,TX,JIM WELLS,True,False,Voluntary non-profit - Private,H_RECMND_DY,"Patients who reported YES, they would definitely recommend the hospital — ""YES"", patients would definitely recommend the hospital",hcahps,True,69.0,184.0,2024-10-01,2025-09-30,71.22081539630287,72.86531986531986,0.38677811550152
450082,CHRISTUS SPOHN HOSPITAL BEEVILLE,TX,BEE,True,False,Voluntary non-profit - Private,H_RECMND_DY,"Patients who reported YES, they would definitely recommend the hospital — ""YES"", patients would definitely recommend the hospital",hcahps,True,58.0,142.0,2024-10-01,2025-09-30,71.22081539630287,72.86531986531986,0.0894123606889564
450046,CHRISTUS SPOHN HOSPITAL CORPUS CHRISTI,TX,NUECES,True,False,Voluntary non-profit - Private,H_RECMND_DY,"Patients who reported YES, they would definitely recommend the hospital — ""YES"", patients would definitely recommend the hospital",hcahps,True,72.0,474.0,2024-10-01,2025-09-30,71.22081539630287,72.86531986531986,0.507345491388045
450163,CHRISTUS SPOHN HOSPITAL KLEBERG,TX,KLEBERG,True,False,Voluntary non-profit - Private,H_RECMND_DY,"Patients who reported YES, they would definitely recommend the hospital — ""YES"", patients would definitely recommend the hospital",hcahps,True,66.0,189.0,2024-10-01,2025-09-30,71.22081539630287,72.86531986531986,0.274569402228977
450801,CHRISTUS ST MICHAEL HEALTH SYSTEM,TX,BOWIE,True,False,Voluntary non-profit - Private,H_RECMND_DY,"Patients who reported YES, they would definitely recommend the hospital — ""YES"", patients would definitely recommend the hospital",hcahps,True,68.0,587.0,2024-10-01,2025-09-30,71.22081539630287,72.86531986531986,0.348530901722391
450023,CITIZENS MEDICAL CENTER,TX,VICTORIA,True,False,Voluntary non-profit - Other,H_RECMND_DY,"Patients who reported YES, they would definitely recommend the hospital — ""YES"", patients would definitely recommend the hospital",hcahps,True,73.0,964.0,2024-10-01,2025-09-30,71.22081539630287,72.86531986531986,0.54483282674772
451384,COGDELL MEMORIAL HOSPITAL,TX,SCURRY,True,False,Government - Hospital District or Authority,H_RECMND_DY,"Patients who reported YES, they would definitely recommend the hospital — ""YES"", patients would definitely recommend the hospital",hcahps,True,75.0,81.0,2024-10-01,2025-09-30,71.22081539630287,72.86531986531986,0.617274569402229
451347,COLEMAN COUNTY MEDICAL CENTER COMPANY,TX,COLEMAN,True,False,Proprietary,H_RECMND_DY,"Patients who reported YES, they would definitely recommend the hospital — ""YES"", patients would definitely recommend the hospital",hcahps,True,89.0,61.0,2024-10-01,2025-09-30,71.22081539630287,72.86531986531986,0.963525835866261
450370,COLUMBUS COMMUNITY HOSPITAL,TX,COLORADO,True,False,Voluntary non-profit - Private,H_RECMND_DY,"Patients who reported YES, they would definitely recommend the hospital — ""YES"", patients would definitely recommend the hospital",hcahps,True,72.0,119.0,2024-10-01,2025-09-30,71.22081539630287,72.86531986531986,0.507345491388045
451382,COMANCHE COUNTY MEDICAL CENTER,TX,COMANCHE,True,False,Voluntary non-profit - Private,H_RECMND_DY,"Patients who reported YES, they would definitely recommend the hospital — ""YES"", patients would definitely recommend the hospital",hcahps,True,76.0,57.0,2024-10-01,2025-09-30,71.22081539630287,72.86531986531986,0.65096251266464
450108,CONNALLY MEMORIAL MEDICAL CENTER,TX,WILSON,True,False,Government - Hospital District or Authority,H_RECMND_DY,"Patients who reported YES, they would definitely recommend the hospital — ""YES"", patients would definitely recommend the hospital",hcahps,True,81.0,75.0,2024-10-01,2025-09-30,71.22081539630287,72.86531986531986,0.820921985815603
451331,COON MEMORIAL HOSPITAL,TX,DALLAM,True,False,Government - Hospital District or Authority,H_RECMND_DY,"Patients who reported YES, they would definitely recommend the hospital — ""YES"", patients would definitely recommend the hospital",hcahps,True,65.0,49.0,2024-10-01,2025-09-30,71.22081539630287,72.86531986531986,0.244427558257345
450788,"CORPUS CHRISTI MEDICAL CENTER,THE",TX,NUECES,True,False,Voluntary non-profit - Other,H_RECMND_DY,"Patients who reported YES, they would definitely recommend the hospital — ""YES"", patients would definitely recommend the hospital",hcahps,True,66.0,1399.0,2024-10-01,2025-09-30,71.22081539630287,72.86531986531986,0.274569402228977
451379,CORYELL MEMORIAL HOSPITAL,TX,CORYELL,True,False,Government - Hospital District or Authority,H_RECMND_DY,"Patients who reported YES, they would definitely recommend the hospital — ""YES"", patients would definitely recommend the hospital",hcahps,True,82.0,133.0,2024-10-01,2025-09-30,71.22081539630287,72.86531986531986,0.847771023302938
450755,COVENANT HOSPITAL LEVELLAND,TX,HOCKLEY,True,False,Voluntary non-profit - Private,H_RECMND_DY,"Patients who reported YES, they would definitely recommend the hospital — ""YES"", patients would definitely recommend the hospital",hcahps,True,79.0,46.0,2024-10-01,2025-09-30,71.22081539630287,72.86531986531986,0.754052684903749
450539,COVENANT HOSPITAL PLAINVIEW,TX,HALE,True,False,Voluntary non-profit - Private,H_RECMND_DY,"Patients who reported YES, they would definitely recommend the hospital — ""YES"", patients would definitely recommend the hospital",hcahps,True,71.0,144.0,2024-10-01,2025-09-30,71.22081539630287,72.86531986531986,0.46757852077001
450040,COVENANT MEDICAL CENTER,TX,LUBBOCK,True,False,Voluntary non-profit - Private,H_RECMND_DY,"Patients who reported YES, they would definitely recommend the hospital — ""YES"", patients would definitely recommend the hospital",hcahps,True,70.0,868.0,2024-10-01,2025-09-30,71.22081539630287,72.86531986531986,0.430851063829787
670090,CRESCENT MEDICAL CENTER LANCASTER,TX,DALLAS,True,False,Proprietary,H_RECMND_DY,"Patients who reported YES, they would definitely recommend the hospital — ""YES"", patients would definitely recommend the hospital",hcahps,True,51.0,37.0,2024-10-01,2025-09-30,71.22081539630287,72.86531986531986,0.0253292806484296
450597,CUERO REGIONAL HOSPITAL,TX,DE WITT,True,False,Government - Hospital District or Authority,H_RECMND_DY,"Patients who reported YES, they would definitely recommend the hospital — ""YES"", patients would definitely recommend the hospital",hcahps,True,71.0,32.0,2024-10-01,2025-09-30,71.22081539630287,72.86531986531986,0.46757852077001
450379,DALLAS MEDICAL CENTER,TX,DALLAS,True,False,Proprietary,H_RECMND_DY,"Patients who reported YES, they would definitely recommend the hospital — ""YES"", patients would definitely recommend the hospital",hcahps,True,62.0,214.0,2024-10-01,2025-09-30,71.22081539630287,72.86531986531986,0.159827760891591
450688,DALLAS REGIONAL MEDICAL CENTER,TX,DALLAS,True,False,Proprietary,H_RECMND_DY,"Patients who reported YES, they would definitely recommend the hospital — ""YES"", patients would definitely recommend the hospital",hcahps,True,63.0,464.0,2024-10-01,2025-09-30,71.22081539630287,72.86531986531986,0.185663627152989
45066F,DALLAS VA MEDICAL CENTER (VA NORTH TEXAS HEALTHCARE SYSTEM),TX,DALLAS,True,False,Veterans Health Administration,H_RECMND_DY,"Patients who reported YES, they would definitely recommend the hospital — ""YES"", patients would definitely recommend the hospital",hcahps,True,63.0,496.0,2024-10-01,2025-09-30,71.22081539630287,72.86531986531986,0.185663627152989
45070F,Darnall AMC (FT Cavazos),TX,BELL,True,False,Department of Defense,H_RECMND_DY,"Patients who reported YES, they would definitely recommend the hospital — ""YES"", patients would definitely recommend the hospital",hcahps,True,77.0,698.0,2024-10-01,2025-09-30,71.22081539630287,72.86531986531986,0.685410334346505
450147,DE TAR HOSPITAL NAVARRO,TX,VICTORIA,True,False,Proprietary,H_RECMND_DY,"Patients who reported YES, they would definitely recommend the hospital — ""YES"", patients would definitely recommend the hospital",hcahps,True,66.0,443.0,2024-10-01,2025-09-30,71.22081539630287,72.86531986531986,0.274569402228977
450124,DELL SETON  MED CENTER AT THE UNIVERSITY OF TX,TX,TRAVIS,True,False,Voluntary non-profit - Private,H_RECMND_DY,"Patients who reported YES, they would definitely recommend the hospital — ""YES"", patients would definitely recommend the hospital",hcahps,True,78.0,431.0,2024-10-01,2025-09-30,71.22081539630287,72.86531986531986,0.720364741641337
450643,DOCTORS HOSPITAL OF LAREDO,TX,WEBB,True,False,Proprietary,H_RECMND_DY,"Patients who reported YES, they would definitely recommend the hospital — ""YES"", patients would definitely recommend the hospital",hcahps,True,67.0,452.0,2024-10-01,2025-09-30,71.22081539630287,72.86531986531986,0.314083080040527
450869,DOCTORS HOSPTAL AT RENAISSANCE,TX,HIDALGO,True,False,Physician,H_RECMND_DY,"Patients who reported YES, they would definitely recommend the hospital — ""YES"", patients would definitely recommend the hospital",hcahps,True,70.0,3413.0,2024-10-01,2025-09-30,71.22081539630287,72.86531986531986,0.430851063829787
450694,EL CAMPO MEMORIAL HOSPITAL,TX,WHARTON,True,False,Voluntary non-profit - Other,H_RECMND_DY,"Patients who reported YES, they would definitely recommend the hospital — ""YES"", patients would definitely recommend the hospital",hcahps,True,53.0,123.0,2024-10-01,2025-09-30,71.22081539630287,72.86531986531986,0.03596757852077
451343,ELECTRA MEMORIAL HOSPITAL,TX,WICHITA,True,False,Government - Hospital District or Authority,H_RECMND_DY,"Patients who reported YES, they would definitely recommend the hospital — ""YES"", patients would definitely recommend the hospital",hcahps,True,96.0,63.0,2024-10-01,2025-09-30,71.22081539630287,72.86531986531986,0.99645390070922
450833,ENNIS REGIONAL MEDICAL CENTER,TX,ELLIS,True,False,Proprietary,H_RECMND_DY,"Patients who reported YES, they would definitely recommend the hospital — ""YES"", patients would definitely recommend the hospital",hcahps,True,82.0,38.0,2024-10-01,2025-09-30,71.22081539630287,72.86531986531986,0.847771023302938
450241,FAITH COMMUNITY HOSPITAL,TX,JACK,True,False,Government - Hospital District or Authority,H_RECMND_DY,"Patients who reported YES, they would definitely recommend the hospital — ""YES"", patients would definitely recommend the hospital",hcahps,True,67.0,37.0,2024-10-01,2025-09-30,71.22081539630287,72.86531986531986,0.314083080040527
450092,FORT DUNCAN MEDICAL CENTER,TX,MAVERICK,True,False,Proprietary,H_RECMND_DY,"Patients who reported YES, they would definitely recommend the hospital — ""YES"", patients would definitely recommend the hospital",hcahps,True,55.0,143.0,2024-10-01,2025-09-30,71.22081539630287,72.86531986531986,0.0536980749746707
670054,FOUNDATION SURGICAL HOSPITAL OF SAN ANTONIO,TX,BEXAR,True,False,Proprietary,H_RECMND_DY,"Patients who reported YES, they would definitely recommend the hospital — ""YES"", patients would definitely recommend the hospital",hcahps,True,81.0,70.0,2024-10-01,2025-09-30,71.22081539630287,72.86531986531986,0.820921985815603
451391,FRIO REGIONAL HOSPITAL,TX,FRIO,True,False,Voluntary non-profit - Private,H_RECMND_DY,"Patients who reported YES, they would definitely recommend the hospital — ""YES"", patients would definitely recommend the hospital",hcahps,True,66.0,43.0,2024-10-01,2025-09-30,71.22081539630287,72.86531986531986,0.274569402228977
450451,GLEN ROSE MEDICAL CENTER,TX,SOMERVELL,True,False,Government - Hospital District or Authority,H_RECMND_DY,"Patients who reported YES, they would definitely recommend the hospital — ""YES"", patients would definitely recommend the hospital",hcahps,True,87.0,39.0,2024-10-01,2025-09-30,71.22081539630287,72.86531986531986,0.938449848024316
451369,GOLDEN PLAINS COMMUNITY HOSPITAL,TX,HUTCHINSON,True,False,Proprietary,H_RECMND_DY,"Patients who reported YES, they would definitely recommend the hospital — ""YES"", patients would definitely recommend the hospital",hcahps,True,55.0,34.0,2024-10-01,2025-09-30,71.22081539630287,72.86531986531986,0.0536980749746707
450162,GRACE SURGICAL HOSPITAL,TX,LUBBOCK,True,False,Voluntary non-profit - Private,H_RECMND_DY,"Patients who reported YES, they would definitely recommend the hospital — ""YES"", patients would definitely recommend the hospital",hcahps,True,88.0,70.0,2024-10-01,2025-09-30,71.22081539630287,72.86531986531986,0.951874366767984
671300,GRAHAM REGIONAL MEDICAL CENTER,TX,YOUNG,True,False,Government - Hospital District or Authority,H_RECMND_DY,"Patients who reported YES, they would definitely recommend the hospital — ""YES"", patients would definitely recommend the hospital",hcahps,True,88.0,42.0,2024-10-01,2025-09-30,71.22081539630287,72.86531986531986,0.951874366767984
450104,GUADALUPE REGIONAL MEDICAL CENTER,TX,GUADALUPE,True,False,Government - Local,H_RECMND_DY,"Patients who reported YES, they would definitely recommend the hospital — ""YES"", patients would definitely recommend the hospital",hcahps,True,80.0,296.0,2024-10-01,2025-09-30,71.22081539630287,72.86531986531986,0.789007092198582
451392,HAMILTON GENERAL HOSPITAL,TX,HAMILTON,True,False,Government - Hospital District or Authority,H_RECMND_DY,"Patients who reported YES, they would definitely recommend the hospital — ""YES"", patients would definitely recommend the hospital",hcahps,True,84.0,97.0,2024-10-01,2025-09-30,71.22081539630287,72.86531986531986,0.889057750759878
451354,HAMILTON HOSPITAL,TX,YOUNG,True,False,Government - Hospital District or Authority,H_RECMND_DY,"Patients who reported YES, they would definitely recommend the hospital — ""YES"", patients would definitely recommend the hospital",hcahps,True,81.0,35.0,2024-10-01,2025-09-30,71.22081539630287,72.86531986531986,0.820921985815603
450855,HARLINGEN MEDICAL CENTER,TX,CAMERON,True,False,Proprietary,H_RECMND_DY,"Patients who reported YES, they would definitely recommend the hospital — ""YES"", patients would definitely recommend the hospital",hcahps,True,77.0,400.0,2024-10-01,2025-09-30,71.22081539630287,72.86531986531986,0.685410334346505
450289,HARRIS HEALTH,TX,HARRIS,True,True,Government - Hospital District or Authority,H_RECMND_DY,"Patients who reported YES, they would definitely recommend the hospital — ""YES"", patients would definitely recommend the hospital",hcahps,True,71.0,530.0,2024-10-01,2025-09-30,71.22081539630287,72.86531986531986,0.46757852077001
450617,HCA HOUSTON HEALTHCARE CLEAR LAKE,TX,HARRIS,True,True,Proprietary,H_RECMND_DY,"Patients who reported YES, they would definitely recommend the hospital — ""YES"", patients would definitely recommend the hospital",hcahps,True,60.0,1085.0,2024-10-01,2025-09-30,71.22081539630287,72.86531986531986,0.123353596757852
450222,HCA HOUSTON HEALTHCARE CONROE,TX,MONTGOMERY,True,True,Proprietary,H_RECMND_DY,"Patients who reported YES, they would definitely recommend the hospital — ""YES"", patients would definitely recommend the hospital",hcahps,True,56.0,554.0,2024-10-01,2025-09-30,71.22081539630287,72.86531986531986,0.0638297872340425
450775,HCA HOUSTON HEALTHCARE KINGWOOD,TX,HARRIS,True,True,Proprietary,H_RECMND_DY,"Patients who reported YES, they would definitely recommend the hospital — ""YES"", patients would definitely recommend the hospital",hcahps,True,53.0,1187.0,2024-10-01,2025-09-30,71.22081539630287,72.86531986531986,0.03596757852077
450659,HCA HOUSTON HEALTHCARE MEDICAL CENTER,TX,HARRIS,True,True,Proprietary,H_RECMND_DY,"Patients who reported YES, they would definitely recommend the hospital — ""YES"", patients would definitely recommend the hospital",hcahps,True,63.0,778.0,2024-10-01,2025-09-30,71.22081539630287,72.86531986531986,0.185663627152989
450638,HCA HOUSTON HEALTHCARE NORTHWEST,TX,HARRIS,True,True,Proprietary,H_RECMND_DY,"Patients who reported YES, they would definitely recommend the hospital — ""YES"", patients would definitely recommend the hospital",hcahps,True,59.0,816.0,2024-10-01,2025-09-30,71.22081539630287,72.86531986531986,0.105623100303951
670106,HCA HOUSTON HEALTHCARE PEARLAND,TX,BRAZORIA,True,True,Proprietary,H_RECMND_DY,"Patients who reported YES, they would definitely recommend the hospital — ""YES"", patients would definitely recommend the hospital",hcahps,True,61.0,323.0,2024-10-01,2025-09-30,71.22081539630287,72.86531986531986,0.140830800405268
450097,HCA HOUSTON HEALTHCARE SOUTHEAST,TX,HARRIS,True,True,Proprietary,H_RECMND_DY,"Patients who reported YES, they would definitely recommend the hospital — ""YES"", patients would definitely recommend the hospital",hcahps,True,64.0,708.0,2024-10-01,2025-09-30,71.22081539630287,72.86531986531986,0.21403242147923
450670,HCA HOUSTON HEALTHCARE TOMBALL,TX,HARRIS,True,True,Proprietary,H_RECMND_DY,"Patients who reported YES, they would definitely recommend the hospital — ""YES"", patients would definitely recommend the hospital",hcahps,True,63.0,642.0,2024-10-01,2025-09-30,71.22081539630287,72.86531986531986,0.185663627152989
450644,HCA HOUSTON HEALTHCARE WEST,TX,HARRIS,True,True,Proprietary,H_RECMND_DY,"Patients who reported YES, they would definitely recommend the hospital — ""YES"", patients would definitely recommend the hospital",hcahps,True,56.0,714.0,2024-10-01,2025-09-30,71.22081539630287,72.86531986531986,0.0638297872340425
450229,HENDRICK MEDICAL CENTER,TX,TAYLOR,True,False,Voluntary non-profit - Private,H_RECMND_DY,"Patients who reported YES, they would definitely recommend the hospital — ""YES"", patients would definitely recommend the hospital",hcahps,True,63.0,359.0,2024-10-01,2025-09-30,71.22081539630287,72.86531986531986,0.185663627152989
450587,HENDRICK MEDICAL CENTER BROWNWOOD,TX,BROWN,True,False,Voluntary non-profit - Private,H_RECMND_DY,"Patients who reported YES, they would definitely recommend the hospital — ""YES"", patients would definitely recommend the hospital",hcahps,True,54.0,392.0,2024-10-01,2025-09-30,71.22081539630287,72.86531986531986,0.0438196555217832
450155,HEREFORD REGIONAL MEDICAL CENTER,TX,DEAF SMITH,True,False,Government - Hospital District or Authority,H_RECMND_DY,"Patients who reported YES, they would definitely recommend the hospital — ""YES"", patients would definitely recommend the hospital",hcahps,True,74.0,32.0,2024-10-01,2025-09-30,71.22081539630287,72.86531986531986,0.581813576494428
450604,HILL COUNTRY MEMORIAL HOSPITAL,TX,GILLESPIE,True,False,Proprietary,H_RECMND_DY,"Patients who reported YES, they would definitely recommend the hospital — ""YES"", patients would definitely recommend the hospital",hcahps,True,72.0,420.0,2024-10-01,2025-09-30,71.22081539630287,72.86531986531986,0.507345491388045
451395,HILL REGIONAL HOSPITAL,TX,HILL,True,False,Voluntary non-profit - Private,H_RECMND_DY,"Patients who reported YES, they would definitely recommend the hospital — ""YES"", patients would definitely recommend the hospital",hcahps,True,60.0,103.0,2024-10-01,2025-09-30,71.22081539630287,72.86531986531986,0.123353596757852
450424,HOUSTON METHODIST BAYTOWN HOSPITAL,TX,HARRIS,True,True,Voluntary non-profit - Private,H_RECMND_DY,"Patients who reported YES, they would definitely recommend the hospital — ""YES"", patients would definitely recommend the hospital",hcahps,True,78.0,1585.0,2024-10-01,2025-09-30,71.22081539630287,72.86531986531986,0.720364741641337
450709,HOUSTON METHODIST CLEAR LAKE HOSPITAL,TX,HARRIS,True,True,Voluntary non-profit - Private,H_RECMND_DY,"Patients who reported YES, they would definitely recommend the hospital — ""YES"", patients would definitely recommend the hospital",hcahps,True,84.0,1198.0,2024-10-01,2025-09-30,71.22081539630287,72.86531986531986,0.889057750759878
450358,HOUSTON METHODIST HOSPITAL,TX,HARRIS,True,True,Voluntary non-profit - Private,H_RECMND_DY,"Patients who reported YES, they would definitely recommend the hospital — ""YES"", patients would definitely recommend the hospital",hcahps,True,82.0,7035.0,2024-10-01,2025-09-30,71.22081539630287,72.86531986531986,0.847771023302938
450820,HOUSTON METHODIST SUGARLAND HOSPITAL,TX,FORT BEND,True,True,Voluntary non-profit - Private,H_RECMND_DY,"Patients who reported YES, they would definitely recommend the hospital — ""YES"", patients would definitely recommend the hospital",hcahps,True,80.0,3134.0,2024-10-01,2025-09-30,71.22081539630287,72.86531986531986,0.789007092198582
670122,HOUSTON METHODIST THE WOODLANDS HOSPITAL,TX,MONTGOMERY,True,True,Voluntary non-profit - Private,H_RECMND_DY,"Patients who reported YES, they would definitely recommend the hospital — ""YES"", patients would definitely recommend the hospital",hcahps,True,84.0,3184.0,2024-10-01,2025-09-30,71.22081539630287,72.86531986531986,0.889057750759878
670077,HOUSTON METHODIST WEST HOSPITAL,TX,HARRIS,True,True,Voluntary non-profit - Private,H_RECMND_DY,"Patients who reported YES, they would definitely recommend the hospital — ""YES"", patients would definitely recommend the hospital",hcahps,True,83.0,2208.0,2024-10-01,2025-09-30,71.22081539630287,72.86531986531986,0.868034447821682
450844,HOUSTON METHODIST WILLOWBROOK HOSPITAL,TX,HARRIS,True,True,Voluntary non-profit - Private,H_RECMND_DY,"Patients who reported YES, they would definitely recommend the hospital — ""YES"", patients would definitely recommend the hospital",hcahps,True,79.0,2797.0,2024-10-01,2025-09-30,71.22081539630287,72.86531986531986,0.754052684903749
45074F,HOUSTON VA MEDICAL CENTER,TX,HARRIS,True,True,Veterans Health Administration,H_RECMND_DY,"Patients who reported YES, they would definitely recommend the hospital — ""YES"", patients would definitely recommend the hospital",hcahps,True,71.0,545.0,2024-10-01,2025-09-30,71.22081539630287,72.86531986531986,0.46757852077001
450352,HUNT REGIONAL MEDICAL CENTER,TX,HUNT,True,False,Government - Hospital District or Authority,H_RECMND_DY,"Patients who reported YES, they would definitely recommend the hospital — ""YES"", patients would definitely recommend the hospital",hcahps,True,65.0,686.0,2024-10-01,2025-09-30,71.22081539630287,72.86531986531986,0.244427558257345
450347,HUNTSVILLE MEMORIAL HOSPITAL,TX,WALKER,True,False,Voluntary non-profit - Private,H_RECMND_DY,"Patients who reported YES, they would definitely recommend the hospital — ""YES"", patients would definitely recommend the hospital",hcahps,True,63.0,314.0,2024-10-01,2025-09-30,71.22081539630287,72.86531986531986,0.185663627152989
450039,JPS HEALTH NETWORK,TX,TARRANT,True,False,Government - Hospital District or Authority,H_RECMND_DY,"Patients who reported YES, they would definitely recommend the hospital — ""YES"", patients would definitely recommend the hospital",hcahps,True,71.0,2442.0,2024-10-01,2025-09-30,71.22081539630287,72.86531986531986,0.46757852077001
450128,KNAPP MEDICAL CENTER,TX,HIDALGO,True,False,Voluntary non-profit - Private,H_RECMND_DY,"Patients who reported YES, they would definitely recommend the hospital — ""YES"", patients would definitely recommend the hospital",hcahps,True,63.0,418.0,2024-10-01,2025-09-30,71.22081539630287,72.86531986531986,0.185663627152989
450596,LAKE GRANBURY MEDICAL CENTER,TX,HOOD,True,False,Proprietary,H_RECMND_DY,"Patients who reported YES, they would definitely recommend the hospital — ""YES"", patients would definitely recommend the hospital",hcahps,True,51.0,449.0,2024-10-01,2025-09-30,71.22081539630287,72.86531986531986,0.0253292806484296
450698,LAMB HEALTHCARE CENTER,TX,LAMB,True,False,Government - Local,H_RECMND_DY,"Patients who reported YES, they would definitely recommend the hospital — ""YES"", patients would definitely recommend the hospital",hcahps,True,74.0,44.0,2024-10-01,2025-09-30,71.22081539630287,72.86531986531986,0.581813576494428
450029,LAREDO MEDICAL CENTER,TX,WEBB,True,False,Proprietary,H_RECMND_DY,"Patients who reported YES, they would definitely recommend the hospital — ""YES"", patients would definitely recommend the hospital",hcahps,True,59.0,386.0,2024-10-01,2025-09-30,71.22081539630287,72.86531986531986,0.105623100303951
450107,LAS PALMAS MEDICAL CENTER A CAMPUS OF LPDS HEALTHC,TX,EL PASO,True,False,Proprietary,H_RECMND_DY,"Patients who reported YES, they would definitely recommend the hospital — ""YES"", patients would definitely recommend the hospital",hcahps,True,60.0,1372.0,2024-10-01,2025-09-30,71.22081539630287,72.86531986531986,0.123353596757852
670112,LEGENT ORTHOPEDIC + SPINE,TX,BEXAR,True,False,Proprietary,H_RECMND_DY,"Patients who reported YES, they would definitely recommend the hospital — ""YES"", patients would definitely recommend the hospital",hcahps,True,83.0,119.0,2024-10-01,2025-09-30,71.22081539630287,72.86531986531986,0.868034447821682
670265,LEGENT ORTHOPEDIC HOSPITAL,TX,TARRANT,True,False,Proprietary,H_RECMND_DY,"Patients who reported YES, they would definitely recommend the hospital — ""YES"", patients would definitely recommend the hospital",hcahps,True,70.0,122.0,2024-10-01,2025-09-30,71.22081539630287,72.86531986531986,0.430851063829787
670322,LEGENT SURGICAL HOSPITAL PLANO,TX,COLLIN,True,False,Proprietary,H_RECMND_DY,"Patients who reported YES, they would definitely recommend the hospital — ""YES"", patients would definitely recommend the hospital",hcahps,True,75.0,36.0,2024-10-01,2025-09-30,71.22081539630287,72.86531986531986,0.617274569402229
450702,LONGVIEW REGIONAL MEDICAL CENTER,TX,GREGG,True,False,Proprietary,H_RECMND_DY,"Patients who reported YES, they would definitely recommend the hospital — ""YES"", patients would definitely recommend the hospital",hcahps,True,73.0,719.0,2024-10-01,2025-09-30,71.22081539630287,72.86531986531986,0.54483282674772
450876,LUBBOCK HEART HOSPITAL LP,TX,LUBBOCK,True,False,Government - Hospital District or Authority,H_RECMND_DY,"Patients who reported YES, they would definitely recommend the hospital — ""YES"", patients would definitely recommend the hospital",hcahps,True,81.0,339.0,2024-10-01,2025-09-30,71.22081539630287,72.86531986531986,0.820921985815603
451351,LYNN COUNTY HOSPITAL DISTRICT,TX,LYNN,True,False,Government - Hospital District or Authority,H_RECMND_DY,"Patients who reported YES, they would definitely recommend the hospital — ""YES"", patients would definitely recommend the hospital",hcahps,True,82.0,80.0,2024-10-01,2025-09-30,71.22081539630287,72.86531986531986,0.847771023302938
451333,MARTIN COUNTY HOSPITAL DISTRICT,TX,MARTIN,True,False,Government - Hospital District or Authority,H_RECMND_DY,"Patients who reported YES, they would definitely recommend the hospital — ""YES"", patients would definitely recommend the hospital",hcahps,True,93.0,38.0,2024-10-01,2025-09-30,71.22081539630287,72.86531986531986,0.988095238095238
450465,MATAGORDA REGIONAL MEDICAL CENTER,TX,MATAGORDA,True,False,Government - Hospital District or Authority,H_RECMND_DY,"Patients who reported YES, they would definitely recommend the hospital — ""YES"", patients would definitely recommend the hospital",hcahps,True,67.0,145.0,2024-10-01,2025-09-30,71.22081539630287,72.86531986531986,0.314083080040527
450132,MEDICAL CENTER HOSPITAL,TX,ECTOR,True,False,Government - Hospital District or Authority,H_RECMND_DY,"Patients who reported YES, they would definitely recommend the hospital — ""YES"", patients would definitely recommend the hospital",hcahps,True,70.0,2131.0,2024-10-01,2025-09-30,71.22081539630287,72.86531986531986,0.430851063829787
450403,MEDICAL CENTER OF MCKINNEY,TX,COLLIN,True,False,Proprietary,H_RECMND_DY,"Patients who reported YES, they would definitely recommend the hospital — ""YES"", patients would definitely recommend the hospital",hcahps,True,67.0,688.0,2024-10-01,2025-09-30,71.22081539630287,72.86531986531986,0.314083080040527
670103,MEDICAL CITY ALLIANCE,TX,TARRANT,True,False,Voluntary non-profit - Private,H_RECMND_DY,"Patients who reported YES, they would definitely recommend the hospital — ""YES"", patients would definitely recommend the hospital",hcahps,True,69.0,669.0,2024-10-01,2025-09-30,71.22081539630287,72.86531986531986,0.38677811550152
450675,MEDICAL CITY ARLINGTON,TX,TARRANT,True,False,Proprietary,H_RECMND_DY,"Patients who reported YES, they would definitely recommend the hospital — ""YES"", patients would definitely recommend the hospital",hcahps,True,58.0,810.0,2024-10-01,2025-09-30,71.22081539630287,72.86531986531986,0.0894123606889564
450647,MEDICAL CITY DALLAS HOSPITAL,TX,DALLAS,True,False,Proprietary,H_RECMND_DY,"Patients who reported YES, they would definitely recommend the hospital — ""YES"", patients would definitely recommend the hospital",hcahps,True,66.0,1291.0,2024-10-01,2025-09-30,71.22081539630287,72.86531986531986,0.274569402228977
450634,MEDICAL CITY DENTON,TX,DENTON,True,False,Proprietary,H_RECMND_DY,"Patients who reported YES, they would definitely recommend the hospital — ""YES"", patients would definitely recommend the hospital",hcahps,True,67.0,1338.0,2024-10-01,2025-09-30,71.22081539630287,72.86531986531986,0.314083080040527
450672,MEDICAL CITY FORT WORTH,TX,TARRANT,True,False,Proprietary,H_RECMND_DY,"Patients who reported YES, they would definitely recommend the hospital — ""YES"", patients would definitely recommend the hospital",hcahps,True,68.0,719.0,2024-10-01,2025-09-30,71.22081539630287,72.86531986531986,0.348530901722391
450822,MEDICAL CITY LAS COLINAS,TX,DALLAS,True,False,Proprietary,H_RECMND_DY,"Patients who reported YES, they would definitely recommend the hospital — ""YES"", patients would definitely recommend the hospital",hcahps,True,64.0,531.0,2024-10-01,2025-09-30,71.22081539630287,72.86531986531986,0.21403242147923
450669,MEDICAL CITY LEWISVILLE,TX,DENTON,True,False,Voluntary non-profit - Private,H_RECMND_DY,"Patients who reported YES, they would definitely recommend the hospital — ""YES"", patients would definitely recommend the hospital",hcahps,True,71.0,564.0,2024-10-01,2025-09-30,71.22081539630287,72.86531986531986,0.46757852077001
450087,MEDICAL CITY NORTH HILLS,TX,TARRANT,True,False,Proprietary,H_RECMND_DY,"Patients who reported YES, they would definitely recommend the hospital — ""YES"", patients would definitely recommend the hospital",hcahps,True,70.0,540.0,2024-10-01,2025-09-30,71.22081539630287,72.86531986531986,0.430851063829787
450651,MEDICAL CITY PLANO,TX,COLLIN,True,False,Proprietary,H_RECMND_DY,"Patients who reported YES, they would definitely recommend the hospital — ""YES"", patients would definitely recommend the hospital",hcahps,True,66.0,1436.0,2024-10-01,2025-09-30,71.22081539630287,72.86531986531986,0.274569402228977
450203,MEDICAL CITY WEATHERFORD,TX,PARKER,True,False,Proprietary,H_RECMND_DY,"Patients who reported YES, they would definitely recommend the hospital — ""YES"", patients would definitely recommend the hospital",hcahps,True,64.0,700.0,2024-10-01,2025-09-30,71.22081539630287,72.86531986531986,0.21403242147923
451330,MEDINA REGIONAL HOSPITAL,TX,MEDINA,True,False,Government - Hospital District or Authority,H_RECMND_DY,"Patients who reported YES, they would definitely recommend the hospital — ""YES"", patients would definitely recommend the hospital",hcahps,True,77.0,62.0,2024-10-01,2025-09-30,71.22081539630287,72.86531986531986,0.685410334346505
450068,MEMORIAL HERMANN - TEXAS MEDICAL CENTER,TX,HARRIS,True,True,Voluntary non-profit - Private,H_RECMND_DY,"Patients who reported YES, they would definitely recommend the hospital — ""YES"", patients would definitely recommend the hospital",hcahps,True,71.0,2509.0,2024-10-01,2025-09-30,71.22081539630287,72.86531986531986,0.46757852077001
450184,MEMORIAL HERMANN HOSPITAL SYSTEM,TX,HARRIS,True,True,Voluntary non-profit - Private,H_RECMND_DY,"Patients who reported YES, they would definitely recommend the hospital — ""YES"", patients would definitely recommend the hospital",hcahps,True,71.0,2132.0,2024-10-01,2025-09-30,71.22081539630287,72.86531986531986,0.46757852077001
670008,MEMORIAL HERMANN HOUSTON PHYSICIANS HOSPITAL,TX,HARRIS,True,True,Physician,H_RECMND_DY,"Patients who reported YES, they would definitely recommend the hospital — ""YES"", patients would definitely recommend the hospital",hcahps,True,87.0,192.0,2024-10-01,2025-09-30,71.22081539630287,72.86531986531986,0.938449848024316
450847,MEMORIAL HERMANN KATY HOSPITAL,TX,FORT BEND,True,True,Voluntary non-profit - Private,H_RECMND_DY,"Patients who reported YES, they would definitely recommend the hospital — ""YES"", patients would definitely recommend the hospital",hcahps,True,67.0,784.0,2024-10-01,2025-09-30,71.22081539630287,72.86531986531986,0.314083080040527
450610,MEMORIAL HERMANN MEMORIAL CITY HOSPITAL,TX,HARRIS,True,True,Voluntary non-profit - Private,H_RECMND_DY,"Patients who reported YES, they would definitely recommend the hospital — ""YES"", patients would definitely recommend the hospital",hcahps,True,71.0,902.0,2024-10-01,2025-09-30,71.22081539630287,72.86531986531986,0.46757852077001
450684,MEMORIAL HERMANN NORTHEAST HOSPITAL,TX,HARRIS,True,True,Voluntary non-profit - Private,H_RECMND_DY,"Patients who reported YES, they would definitely recommend the hospital — ""YES"", patients would definitely recommend the hospital",hcahps,True,71.0,619.0,2024-10-01,2025-09-30,71.22081539630287,72.86531986531986,0.46757852077001
450848,MEMORIAL HERMANN SUGAR LAND HOSPITAL,TX,FORT BEND,True,True,Voluntary non-profit - Private,H_RECMND_DY,"Patients who reported YES, they would definitely recommend the hospital — ""YES"", patients would definitely recommend the hospital",hcahps,True,69.0,851.0,2024-10-01,2025-09-30,71.22081539630287,72.86531986531986,0.38677811550152
670005,MEMORIAL HERMANN SURGICAL HOSPITAL KINGWOOD,TX,HARRIS,True,True,Proprietary,H_RECMND_DY,"Patients who reported YES, they would definitely recommend the hospital — ""YES"", patients would definitely recommend the hospital",hcahps,True,73.0,30.0,2024-10-01,2025-09-30,71.22081539630287,72.86531986531986,0.54483282674772
450235,MEMORIAL HOSPITAL,TX,GONZALES,True,False,Government - Hospital District or Authority,H_RECMND_DY,"Patients who reported YES, they would definitely recommend the hospital — ""YES"", patients would definitely recommend the hospital",hcahps,True,70.0,40.0,2024-10-01,2025-09-30,71.22081539630287,72.86531986531986,0.430851063829787
451386,MEMORIAL HOSPITAL,TX,MOORE,True,False,Government - Hospital District or Authority,H_RECMND_DY,"Patients who reported YES, they would definitely recommend the hospital — ""YES"", patients would definitely recommend the hospital",hcahps,True,87.0,48.0,2024-10-01,2025-09-30,71.22081539630287,72.86531986531986,0.938449848024316
451356,MEMORIAL MEDICAL CENTER,TX,CALHOUN,True,False,Government - Local,H_RECMND_DY,"Patients who reported YES, they would definitely recommend the hospital — ""YES"", patients would definitely recommend the hospital",hcahps,True,74.0,59.0,2024-10-01,2025-09-30,71.22081539630287,72.86531986531986,0.581813576494428
450723,METHODIST CHARLTON MEDICAL CENTER,TX,DALLAS,True,False,Voluntary non-profit - Private,H_RECMND_DY,"Patients who reported YES, they would definitely recommend the hospital — ""YES"", patients would definitely recommend the hospital",hcahps,True,68.0,861.0,2024-10-01,2025-09-30,71.22081539630287,72.86531986531986,0.348530901722391
450051,METHODIST DALLAS MEDICAL CENTER,TX,DALLAS,True,False,Voluntary non-profit - Other,H_RECMND_DY,"Patients who reported YES, they would definitely recommend the hospital — ""YES"", patients would definitely recommend the hospital",hcahps,True,74.0,1126.0,2024-10-01,2025-09-30,71.22081539630287,72.86531986531986,0.581813576494428
450388,METHODIST HOSPITAL,TX,BEXAR,True,False,Proprietary,H_RECMND_DY,"Patients who reported YES, they would definitely recommend the hospital — ""YES"", patients would definitely recommend the hospital",hcahps,True,67.0,4150.0,2024-10-01,2025-09-30,71.22081539630287,72.86531986531986,0.314083080040527
670055,METHODIST HOSPITAL  STONE OAK,TX,BEXAR,True,False,Proprietary,H_RECMND_DY,"Patients who reported YES, they would definitely recommend the hospital — ""YES"", patients would definitely recommend the hospital",hcahps,True,72.0,682.0,2024-10-01,2025-09-30,71.22081539630287,72.86531986531986,0.507345491388045
450165,METHODIST HOSPITAL ATASCOSA,TX,ATASCOSA,True,False,Proprietary,H_RECMND_DY,"Patients who reported YES, they would definitely recommend the hospital — ""YES"", patients would definitely recommend the hospital",hcahps,True,68.0,139.0,2024-10-01,2025-09-30,71.22081539630287,72.86531986531986,0.348530901722391
670073,METHODIST HOSPITAL FOR SURGERY,TX,DALLAS,True,False,Proprietary,H_RECMND_DY,"Patients who reported YES, they would definitely recommend the hospital — ""YES"", patients would definitely recommend the hospital",hcahps,True,84.0,392.0,2024-10-01,2025-09-30,71.22081539630287,72.86531986531986,0.889057750759878
670023,METHODIST MANSFIELD MEDICAL CENTER,TX,TARRANT,True,False,Voluntary non-profit - Private,H_RECMND_DY,"Patients who reported YES, they would definitely recommend the hospital — ""YES"", patients would definitely recommend the hospital",hcahps,True,83.0,1371.0,2024-10-01,2025-09-30,71.22081539630287,72.86531986531986,0.868034447821682
670069,METHODIST MCKINNEY HOSPITAL,TX,COLLIN,True,False,Physician,H_RECMND_DY,"Patients who reported YES, they would definitely recommend the hospital — ""YES"", patients would definitely recommend the hospital",hcahps,True,89.0,98.0,2024-10-01,2025-09-30,71.22081539630287,72.86531986531986,0.963525835866261
670300,METHODIST MIDLOTHIAN MEDICAL CENTER,TX,ELLIS,True,False,Voluntary non-profit - Private,H_RECMND_DY,"Patients who reported YES, they would definitely recommend the hospital — ""YES"", patients would definitely recommend the hospital",hcahps,True,83.0,382.0,2024-10-01,2025-09-30,71.22081539630287,72.86531986531986,0.868034447821682
450537,METHODIST RICHARDSON MEDICAL CENTER,TX,COLLIN,True,False,Voluntary non-profit - Private,H_RECMND_DY,"Patients who reported YES, they would definitely recommend the hospital — ""YES"", patients would definitely recommend the hospital",hcahps,True,78.0,1275.0,2024-10-01,2025-09-30,71.22081539630287,72.86531986531986,0.720364741641337
670132,METHODIST SOUTHLAKE MEDICAL CENTER,TX,TARRANT,True,False,Proprietary,H_RECMND_DY,"Patients who reported YES, they would definitely recommend the hospital — ""YES"", patients would definitely recommend the hospital",hcahps,True,90.0,111.0,2024-10-01,2025-09-30,71.22081539630287,72.86531986531986,0.97467071935157
450133,MIDLAND MEMORIAL HOSPITAL,TX,MIDLAND,True,False,Government - Hospital District or Authority,H_RECMND_DY,"Patients who reported YES, they would definitely recommend the hospital — ""YES"", patients would definitely recommend the hospital",hcahps,True,67.0,783.0,2024-10-01,2025-09-30,71.22081539630287,72.86531986531986,0.314083080040527
450176,MISSION REGIONAL MEDICAL CENTER,TX,HIDALGO,True,False,Voluntary non-profit - Private,H_RECMND_DY,"Patients who reported YES, they would definitely recommend the hospital — ""YES"", patients would definitely recommend the hospital",hcahps,True,69.0,531.0,2024-10-01,2025-09-30,71.22081539630287,72.86531986531986,0.38677811550152
451342,MITCHELL COUNTY HOSPITAL DISTRICT,TX,MITCHELL,True,False,Government - Hospital District or Authority,H_RECMND_DY,"Patients who reported YES, they would definitely recommend the hospital — ""YES"", patients would definitely recommend the hospital",hcahps,True,83.0,44.0,2024-10-01,2025-09-30,71.22081539630287,72.86531986531986,0.868034447821682
450656,NACOGDOCHES MEDICAL CENTER,TX,NACOGDOCHES,True,False,Voluntary non-profit - Other,H_RECMND_DY,"Patients who reported YES, they would definitely recommend the hospital — ""YES"", patients would definitely recommend the hospital",hcahps,True,70.0,629.0,2024-10-01,2025-09-30,71.22081539630287,72.86531986531986,0.430851063829787
450508,NACOGDOCHES MEMORIAL HOSPITAL,TX,NACOGDOCHES,True,False,Proprietary,H_RECMND_DY,"Patients who reported YES, they would definitely recommend the hospital — ""YES"", patients would definitely recommend the hospital",hcahps,True,78.0,142.0,2024-10-01,2025-09-30,71.22081539630287,72.86531986531986,0.720364741641337
450447,NAVARRO REGIONAL HOSPITAL,TX,NAVARRO,True,False,Government - Hospital District or Authority,H_RECMND_DY,"Patients who reported YES, they would definitely recommend the hospital — ""YES"", patients would definitely recommend the hospital",hcahps,True,53.0,213.0,2024-10-01,2025-09-30,71.22081539630287,72.86531986531986,0.03596757852077
450641,NOCONA GENERAL HOSPITAL,TX,MONTAGUE,True,False,Government - Hospital District or Authority,H_RECMND_DY,"Patients who reported YES, they would definitely recommend the hospital — ""YES"", patients would definitely recommend the hospital",hcahps,True,85.0,56.0,2024-10-01,2025-09-30,71.22081539630287,72.86531986531986,0.907041540020263
450809,NORTH AUSTIN MEDICAL CENTER,TX,TRAVIS,True,False,Proprietary,H_RECMND_DY,"Patients who reported YES, they would definitely recommend the hospital — ""YES"", patients would definitely recommend the hospital",hcahps,True,69.0,1005.0,2024-10-01,2025-09-30,71.22081539630287,72.86531986531986,0.38677811550152
670049,NORTH CENTRAL SURGICAL CENTER LLP,TX,DALLAS,True,False,Voluntary non-profit - Other,H_RECMND_DY,"Patients who reported YES, they would definitely recommend the hospital — ""YES"", patients would definitely recommend the hospital",hcahps,True,79.0,361.0,2024-10-01,2025-09-30,71.22081539630287,72.86531986531986,0.754052684903749
451315,NORTH RUNNELS HOSPITAL,TX,RUNNELS,True,False,Government - Hospital District or Authority,H_RECMND_DY,"Patients who reported YES, they would definitely recommend the hospital — ""YES"", patients would definitely recommend the hospital",hcahps,True,86.0,56.0,2024-10-01,2025-09-30,71.22081539630287,72.86531986531986,0.92274569402229
450090,NORTH TEXAS MEDICAL CENTER,TX,COOKE,True,False,Voluntary non-profit - Private,H_RECMND_DY,"Patients who reported YES, they would definitely recommend the hospital — ""YES"", patients would definitely recommend the hospital",hcahps,True,73.0,300.0,2024-10-01,2025-09-30,71.22081539630287,72.86531986531986,0.54483282674772
450808,NORTHWEST HILLS SURGICAL HOSPITAL,TX,TRAVIS,True,False,Voluntary non-profit - Private,H_RECMND_DY,"Patients who reported YES, they would definitely recommend the hospital — ""YES"", patients would definitely recommend the hospital",hcahps,True,79.0,69.0,2024-10-01,2025-09-30,71.22081539630287,72.86531986531986,0.754052684903749
450209,NORTHWEST TEXAS HOSPITAL,TX,POTTER,True,False,Voluntary non-profit - Private,H_RECMND_DY,"Patients who reported YES, they would definitely recommend the hospital — ""YES"", patients would definitely recommend the hospital",hcahps,True,66.0,671.0,2024-10-01,2025-09-30,71.22081539630287,72.86531986531986,0.274569402228977
450330,OAKBEND MEDICAL CENTER,TX,FORT BEND,True,True,Government - Hospital District or Authority,H_RECMND_DY,"Patients who reported YES, they would definitely recommend the hospital — ""YES"", patients would definitely recommend the hospital",hcahps,True,59.0,227.0,2024-10-01,2025-09-30,71.22081539630287,72.86531986531986,0.105623100303951
451359,OCHILTREE GENERAL HOSPITAL,TX,OCHILTREE,True,False,Government - Hospital District or Authority,H_RECMND_DY,"Patients who reported YES, they would definitely recommend the hospital — ""YES"", patients would definitely recommend the hospital",hcahps,True,81.0,35.0,2024-10-01,2025-09-30,71.22081539630287,72.86531986531986,0.820921985815603
450661,ODESSA REGIONAL MEDICAL CENTER,TX,ECTOR,True,False,Proprietary,H_RECMND_DY,"Patients who reported YES, they would definitely recommend the hospital — ""YES"", patients would definitely recommend the hospital",hcahps,True,61.0,304.0,2024-10-01,2025-09-30,71.22081539630287,72.86531986531986,0.140830800405268
450747,PALESTINE REGIONAL MEDICAL CENTER,TX,ANDERSON,True,False,Proprietary,H_RECMND_DY,"Patients who reported YES, they would definitely recommend the hospital — ""YES"", patients would definitely recommend the hospital",hcahps,True,60.0,217.0,2024-10-01,2025-09-30,71.22081539630287,72.86531986531986,0.123353596757852
450565,PALO PINTO GENERAL HOSPITAL,TX,PALO PINTO,True,False,Government - Hospital District or Authority,H_RECMND_DY,"Patients who reported YES, they would definitely recommend the hospital — ""YES"", patients would definitely recommend the hospital",hcahps,True,67.0,127.0,2024-10-01,2025-09-30,71.22081539630287,72.86531986531986,0.314083080040527
450196,PARIS REGIONAL MEDICAL CENTER,TX,LAMAR,True,False,Proprietary,H_RECMND_DY,"Patients who reported YES, they would definitely recommend the hospital — ""YES"", patients would definitely recommend the hospital",hcahps,True,54.0,1114.0,2024-10-01,2025-09-30,71.22081539630287,72.86531986531986,0.0438196555217832
450015,PARKLAND HEALTH & HOSPITAL SYSTEM,TX,DALLAS,True,False,Government - Hospital District or Authority,H_RECMND_DY,"Patients who reported YES, they would definitely recommend the hospital — ""YES"", patients would definitely recommend the hospital",hcahps,True,70.0,1989.0,2024-10-01,2025-09-30,71.22081539630287,72.86531986531986,0.430851063829787
450400,PARKVIEW REGIONAL HOSPITAL,TX,LIMESTONE,True,False,Proprietary,H_RECMND_DY,"Patients who reported YES, they would definitely recommend the hospital — ""YES"", patients would definitely recommend the hospital",hcahps,True,83.0,70.0,2024-10-01,2025-09-30,71.22081539630287,72.86531986531986,0.868034447821682
450144,PERMIAN REGIONAL MEDICAL CENTER ANDREWS COUNTY HO,TX,ANDREWS,True,False,Government - Hospital District or Authority,H_RECMND_DY,"Patients who reported YES, they would definitely recommend the hospital — ""YES"", patients would definitely recommend the hospital",hcahps,True,89.0,89.0,2024-10-01,2025-09-30,71.22081539630287,72.86531986531986,0.963525835866261
450007,PETERSON REGIONAL MEDICAL CENTER,TX,KERR,True,False,Voluntary non-profit - Private,H_RECMND_DY,"Patients who reported YES, they would definitely recommend the hospital — ""YES"", patients would definitely recommend the hospital",hcahps,True,79.0,779.0,2024-10-01,2025-09-30,71.22081539630287,72.86531986531986,0.754052684903749
450834,"PHYSICIANS CENTRE,THE",TX,BRAZOS,True,False,Proprietary,H_RECMND_DY,"Patients who reported YES, they would definitely recommend the hospital — ""YES"", patients would definitely recommend the hospital",hcahps,True,85.0,199.0,2024-10-01,2025-09-30,71.22081539630287,72.86531986531986,0.907041540020263
450875,QUAIL CREEK SURGICAL HOSPITAL,TX,POTTER,True,False,Proprietary,H_RECMND_DY,"Patients who reported YES, they would definitely recommend the hospital — ""YES"", patients would definitely recommend the hospital",hcahps,True,90.0,260.0,2024-10-01,2025-09-30,71.22081539630287,72.86531986531986,0.97467071935157
451377,REEVES REGIONAL HEALTH,TX,REEVES,True,False,Government - Hospital District or Authority,H_RECMND_DY,"Patients who reported YES, they would definitely recommend the hospital — ""YES"", patients would definitely recommend the hospital",hcahps,True,78.0,71.0,2024-10-01,2025-09-30,71.22081539630287,72.86531986531986,0.720364741641337
670098,RESOLUTE HEALTH HOSPITAL,TX,COMAL,True,False,Proprietary,H_RECMND_DY,"Patients who reported YES, they would definitely recommend the hospital — ""YES"", patients would definitely recommend the hospital",hcahps,True,74.0,784.0,2024-10-01,2025-09-30,71.22081539630287,72.86531986531986,0.581813576494428
450711,RIO GRANDE REGIONAL HOSPITAL,TX,HIDALGO,True,False,Proprietary,H_RECMND_DY,"Patients who reported YES, they would definitely recommend the hospital — ""YES"", patients would definitely recommend the hospital",hcahps,True,65.0,527.0,2024-10-01,2025-09-30,71.22081539630287,72.86531986531986,0.244427558257345
450055,ROLLING PLAINS MEMORIAL HOSPITAL,TX,NOLAN,True,False,Government - Hospital District or Authority,H_RECMND_DY,"Patients who reported YES, they would definitely recommend the hospital — ""YES"", patients would definitely recommend the hospital",hcahps,True,75.0,118.0,2024-10-01,2025-09-30,71.22081539630287,72.86531986531986,0.617274569402229
450718,ROUND ROCK MEDICAL CENTER,TX,WILLIAMSON,True,False,Proprietary,H_RECMND_DY,"Patients who reported YES, they would definitely recommend the hospital — ""YES"", patients would definitely recommend the hospital",hcahps,True,72.0,902.0,2024-10-01,2025-09-30,71.22081539630287,72.86531986531986,0.507345491388045
45090F,SAN ANTONIO VA MEDICAL CENTER (VA SOUTH TEXAS HEALTHCARE SYSTEM),TX,BEXAR,True,False,Veterans Health Administration,H_RECMND_DY,"Patients who reported YES, they would definitely recommend the hospital — ""YES"", patients would definitely recommend the hospital",hcahps,True,79.0,621.0,2024-10-01,2025-09-30,71.22081539630287,72.86531986531986,0.754052684903749
450653,SCENIC MOUNTAIN MEDICAL CENTER,TX,HOWARD,True,False,Proprietary,H_RECMND_DY,"Patients who reported YES, they would definitely recommend the hospital — ""YES"", patients would definitely recommend the hospital",hcahps,True,45.0,50.0,2024-10-01,2025-09-30,71.22081539630287,72.86531986531986,0.0063323201621074
670080,SETON MEDICAL CENTER HARKER HEIGHTS,TX,BELL,True,False,Proprietary,H_RECMND_DY,"Patients who reported YES, they would definitely recommend the hospital — ""YES"", patients would definitely recommend the hospital",hcahps,True,70.0,455.0,2024-10-01,2025-09-30,71.22081539630287,72.86531986531986,0.430851063829787
451399,SEYMOUR HOSPITAL,TX,BAYLOR,True,False,Government - Hospital District or Authority,H_RECMND_DY,"Patients who reported YES, they would definitely recommend the hospital — ""YES"", patients would definitely recommend the hospital",hcahps,True,79.0,32.0,2024-10-01,2025-09-30,71.22081539630287,72.86531986531986,0.754052684903749
450571,SHANNON MEDICAL CENTER,TX,TOM GREEN,True,False,Voluntary non-profit - Private,H_RECMND_DY,"Patients who reported YES, they would definitely recommend the hospital — ""YES"", patients would definitely recommend the hospital",hcahps,True,66.0,483.0,2024-10-01,2025-09-30,71.22081539630287,72.86531986531986,0.274569402228977
450668,SIERRA MEDICAL CENTER,TX,EL PASO,True,False,Proprietary,H_RECMND_DY,"Patients who reported YES, they would definitely recommend the hospital — ""YES"", patients would definitely recommend the hospital",hcahps,True,64.0,1319.0,2024-10-01,2025-09-30,71.22081539630287,72.86531986531986,0.21403242147923
450119,SOUTH TEXAS HEALTH SYSTEM,TX,HIDALGO,True,False,Proprietary,H_RECMND_DY,"Patients who reported YES, they would definitely recommend the hospital — ""YES"", patients would definitely recommend the hospital",hcahps,True,67.0,1529.0,2024-10-01,2025-09-30,71.22081539630287,72.86531986531986,0.314083080040527
450856,SOUTH TEXAS SPINE AND SURGICAL HOSPITAL,TX,BEXAR,True,False,Physician,H_RECMND_DY,"Patients who reported YES, they would definitely recommend the hospital — ""YES"", patients would definitely recommend the hospital",hcahps,True,83.0,291.0,2024-10-01,2025-09-30,71.22081539630287,72.86531986531986,0.868034447821682
450431,ST DAVID'S MEDICAL CENTER,TX,TRAVIS,True,False,Proprietary,H_RECMND_DY,"Patients who reported YES, they would definitely recommend the hospital — ""YES"", patients would definitely recommend the hospital",hcahps,True,75.0,1827.0,2024-10-01,2025-09-30,71.22081539630287,72.86531986531986,0.617274569402229
450713,ST DAVID'S SOUTH AUSTIN MEDICAL CENTER,TX,TRAVIS,True,False,Proprietary,H_RECMND_DY,"Patients who reported YES, they would definitely recommend the hospital — ""YES"", patients would definitely recommend the hospital",hcahps,True,70.0,574.0,2024-10-01,2025-09-30,71.22081539630287,72.86531986531986,0.430851063829787
450035,ST JOSEPH MEDICAL CENTER,TX,HARRIS,True,True,Physician,H_RECMND_DY,"Patients who reported YES, they would definitely recommend the hospital — ""YES"", patients would definitely recommend the hospital",hcahps,True,55.0,267.0,2024-10-01,2025-09-30,71.22081539630287,72.86531986531986,0.0536980749746707
670075,ST LUKE'S HOSPITAL AT THE VINTAGE,TX,HARRIS,True,True,Voluntary non-profit - Private,H_RECMND_DY,"Patients who reported YES, they would definitely recommend the hospital — ""YES"", patients would definitely recommend the hospital",hcahps,True,81.0,432.0,2024-10-01,2025-09-30,71.22081539630287,72.86531986531986,0.820921985815603
670031,ST LUKE'S PATIENTS MEDICAL CENTER,TX,HARRIS,True,True,Proprietary,H_RECMND_DY,"Patients who reported YES, they would definitely recommend the hospital — ""YES"", patients would definitely recommend the hospital",hcahps,True,67.0,389.0,2024-10-01,2025-09-30,71.22081539630287,72.86531986531986,0.314083080040527
670053,ST LUKE'S SUGAR LAND HOSPITAL,TX,FORT BEND,True,True,Voluntary non-profit - Private,H_RECMND_DY,"Patients who reported YES, they would definitely recommend the hospital — ""YES"", patients would definitely recommend the hospital",hcahps,True,63.0,317.0,2024-10-01,2025-09-30,71.22081539630287,72.86531986531986,0.185663627152989
450862,ST LUKE'S THE WOODLANDS HOSPITAL,TX,MONTGOMERY,True,True,Voluntary non-profit - Private,H_RECMND_DY,"Patients who reported YES, they would definitely recommend the hospital — ""YES"", patients would definitely recommend the hospital",hcahps,True,78.0,452.0,2024-10-01,2025-09-30,71.22081539630287,72.86531986531986,0.720364741641337
450654,STARR COUNTY MEMORIAL HOSPITAL,TX,STARR,True,False,Government - Hospital District or Authority,H_RECMND_DY,"Patients who reported YES, they would definitely recommend the hospital — ""YES"", patients would definitely recommend the hospital",hcahps,True,62.0,62.0,2024-10-01,2025-09-30,71.22081539630287,72.86531986531986,0.159827760891591
450860,SUGAR LAND SURGICAL HOSPITAL LLP,TX,FORT BEND,True,True,Physician,H_RECMND_DY,"Patients who reported YES, they would definitely recommend the hospital — ""YES"", patients would definitely recommend the hospital",hcahps,True,82.0,35.0,2024-10-01,2025-09-30,71.22081539630287,72.86531986531986,0.847771023302938
451311,SWEENY COMMUNITY HOSPITAL,TX,BRAZORIA,True,True,Government - Hospital District or Authority,H_RECMND_DY,"Patients who reported YES, they would definitely recommend the hospital — ""YES"", patients would definitely recommend the hospital",hcahps,True,79.0,44.0,2024-10-01,2025-09-30,71.22081539630287,72.86531986531986,0.754052684903749
45086F,TEMPLE VA MEDICAL CENTER (VA CENTRAL TEXAS HEALTHCARE SYSTEM),TX,BELL,True,False,Veterans Health Administration,H_RECMND_DY,"Patients who reported YES, they would definitely recommend the hospital — ""YES"", patients would definitely recommend the hospital",hcahps,True,77.0,480.0,2024-10-01,2025-09-30,71.22081539630287,72.86531986531986,0.685410334346505
450064,TEXAS HEALTH ARLINGTON MEMORIAL HOSPITAL,TX,TARRANT,True,False,Voluntary non-profit - Private,H_RECMND_DY,"Patients who reported YES, they would definitely recommend the hospital — ""YES"", patients would definitely recommend the hospital",hcahps,True,73.0,889.0,2024-10-01,2025-09-30,71.22081539630287,72.86531986531986,0.54483282674772
450891,TEXAS HEALTH CENTER FOR DIAGNOSTICS & SURGERY PLAN,TX,COLLIN,True,False,Physician,H_RECMND_DY,"Patients who reported YES, they would definitely recommend the hospital — ""YES"", patients would definitely recommend the hospital",hcahps,True,87.0,126.0,2024-10-01,2025-09-30,71.22081539630287,72.86531986531986,0.938449848024316
450135,TEXAS HEALTH HARRIS METHODIST FORT WORTH,TX,TARRANT,True,False,Voluntary non-profit - Private,H_RECMND_DY,"Patients who reported YES, they would definitely recommend the hospital — ""YES"", patients would definitely recommend the hospital",hcahps,True,76.0,3735.0,2024-10-01,2025-09-30,71.22081539630287,72.86531986531986,0.65096251266464
670085,TEXAS HEALTH HARRIS METHODIST HOSPITAL ALLIANCE,TX,TARRANT,True,False,Voluntary non-profit - Private,H_RECMND_DY,"Patients who reported YES, they would definitely recommend the hospital — ""YES"", patients would definitely recommend the hospital",hcahps,True,72.0,650.0,2024-10-01,2025-09-30,71.22081539630287,72.86531986531986,0.507345491388045
450419,TEXAS HEALTH HARRIS METHODIST HOSPITAL AZLE,TX,TARRANT,True,False,Voluntary non-profit - Private,H_RECMND_DY,"Patients who reported YES, they would definitely recommend the hospital — ""YES"", patients would definitely recommend the hospital",hcahps,True,67.0,196.0,2024-10-01,2025-09-30,71.22081539630287,72.86531986531986,0.314083080040527
450148,TEXAS HEALTH HARRIS METHODIST HOSPITAL CLEBURNE,TX,JOHNSON,True,False,Voluntary non-profit - Private,H_RECMND_DY,"Patients who reported YES, they would definitely recommend the hospital — ""YES"", patients would definitely recommend the hospital",hcahps,True,71.0,327.0,2024-10-01,2025-09-30,71.22081539630287,72.86531986531986,0.46757852077001
450888,TEXAS HEALTH HARRIS METHODIST HOSPITAL SOUTHLAKE,TX,TARRANT,True,False,Proprietary,H_RECMND_DY,"Patients who reported YES, they would definitely recommend the hospital — ""YES"", patients would definitely recommend the hospital",hcahps,True,87.0,147.0,2024-10-01,2025-09-30,71.22081539630287,72.86531986531986,0.938449848024316
450779,TEXAS HEALTH HARRIS METHODIST HOSPITAL SOUTHWEST F,TX,TARRANT,True,False,Voluntary non-profit - Private,H_RECMND_DY,"Patients who reported YES, they would definitely recommend the hospital — ""YES"", patients would definitely recommend the hospital",hcahps,True,79.0,1609.0,2024-10-01,2025-09-30,71.22081539630287,72.86531986531986,0.754052684903749
450351,TEXAS HEALTH HARRIS METHODIST HOSPITAL STEPHENVILL,TX,ERATH,True,False,Voluntary non-profit - Private,H_RECMND_DY,"Patients who reported YES, they would definitely recommend the hospital — ""YES"", patients would definitely recommend the hospital",hcahps,True,78.0,190.0,2024-10-01,2025-09-30,71.22081539630287,72.86531986531986,0.720364741641337
450639,TEXAS HEALTH HARRIS METHODIST HURST-EULESS-BEDFORD,TX,TARRANT,True,False,Voluntary non-profit - Private,H_RECMND_DY,"Patients who reported YES, they would definitely recommend the hospital — ""YES"", patients would definitely recommend the hospital",hcahps,True,74.0,1005.0,2024-10-01,2025-09-30,71.22081539630287,72.86531986531986,0.581813576494428
670071,TEXAS HEALTH HEART & VASCULAR HOSPITAL ARLINGTON,TX,TARRANT,True,False,Physician,H_RECMND_DY,"Patients who reported YES, they would definitely recommend the hospital — ""YES"", patients would definitely recommend the hospital",hcahps,True,85.0,297.0,2024-10-01,2025-09-30,71.22081539630287,72.86531986531986,0.907041540020263
670260,TEXAS HEALTH HOSPITAL FRISCO,TX,DENTON,True,False,Voluntary non-profit - Private,H_RECMND_DY,"Patients who reported YES, they would definitely recommend the hospital — ""YES"", patients would definitely recommend the hospital",hcahps,True,80.0,746.0,2024-10-01,2025-09-30,71.22081539630287,72.86531986531986,0.789007092198582
670309,TEXAS HEALTH HOSPITAL MANSFIELD,TX,TARRANT,True,False,Voluntary non-profit - Private,H_RECMND_DY,"Patients who reported YES, they would definitely recommend the hospital — ""YES"", patients would definitely recommend the hospital",hcahps,True,80.0,186.0,2024-10-01,2025-09-30,71.22081539630287,72.86531986531986,0.789007092198582
450677,TEXAS HEALTH HUGULEY HOSPITAL FORT WORTH SOUTH,TX,TARRANT,True,False,Voluntary non-profit - Private,H_RECMND_DY,"Patients who reported YES, they would definitely recommend the hospital — ""YES"", patients would definitely recommend the hospital",hcahps,True,73.0,1449.0,2024-10-01,2025-09-30,71.22081539630287,72.86531986531986,0.54483282674772
450840,TEXAS HEALTH PRESBYTERIAN HOSPITAL ALLEN,TX,COLLIN,True,False,Voluntary non-profit - Private,H_RECMND_DY,"Patients who reported YES, they would definitely recommend the hospital — ""YES"", patients would definitely recommend the hospital",hcahps,True,77.0,563.0,2024-10-01,2025-09-30,71.22081539630287,72.86531986531986,0.685410334346505
450462,TEXAS HEALTH PRESBYTERIAN HOSPITAL DALLAS,TX,DALLAS,True,False,Voluntary non-profit - Private,H_RECMND_DY,"Patients who reported YES, they would definitely recommend the hospital — ""YES"", patients would definitely recommend the hospital",hcahps,True,72.0,1857.0,2024-10-01,2025-09-30,71.22081539630287,72.86531986531986,0.507345491388045
450743,TEXAS HEALTH PRESBYTERIAN HOSPITAL DENTON,TX,DENTON,True,False,Voluntary non-profit - Private,H_RECMND_DY,"Patients who reported YES, they would definitely recommend the hospital — ""YES"", patients would definitely recommend the hospital",hcahps,True,79.0,1027.0,2024-10-01,2025-09-30,71.22081539630287,72.86531986531986,0.754052684903749
670068,TEXAS HEALTH PRESBYTERIAN HOSPITAL FLOWER MOUND,TX,DENTON,True,False,Proprietary,H_RECMND_DY,"Patients who reported YES, they would definitely recommend the hospital — ""YES"", patients would definitely recommend the hospital",hcahps,True,79.0,958.0,2024-10-01,2025-09-30,71.22081539630287,72.86531986531986,0.754052684903749
450292,TEXAS HEALTH PRESBYTERIAN HOSPITAL KAUFMAN,TX,KAUFMAN,True,False,Voluntary non-profit - Private,H_RECMND_DY,"Patients who reported YES, they would definitely recommend the hospital — ""YES"", patients would definitely recommend the hospital",hcahps,True,71.0,141.0,2024-10-01,2025-09-30,71.22081539630287,72.86531986531986,0.46757852077001
450771,TEXAS HEALTH PRESBYTERIAN HOSPITAL PLANO,TX,COLLIN,True,False,Voluntary non-profit - Private,H_RECMND_DY,"Patients who reported YES, they would definitely recommend the hospital — ""YES"", patients would definitely recommend the hospital",hcahps,True,72.0,1447.0,2024-10-01,2025-09-30,71.22081539630287,72.86531986531986,0.507345491388045
670044,TEXAS HEALTH PRESBYTERIAN HOSPITAL ROCKWALL,TX,ROCKWALL,True,False,Proprietary,H_RECMND_DY,"Patients who reported YES, they would definitely recommend the hospital — ""YES"", patients would definitely recommend the hospital",hcahps,True,79.0,898.0,2024-10-01,2025-09-30,71.22081539630287,72.86531986531986,0.754052684903749
450889,TEXAS INSTITUTE FOR SURGERY AT PRESBYTERIAN HOSPIT,TX,DALLAS,True,False,Physician,H_RECMND_DY,"Patients who reported YES, they would definitely recommend the hospital — ""YES"", patients would definitely recommend the hospital",hcahps,True,88.0,124.0,2024-10-01,2025-09-30,71.22081539630287,72.86531986531986,0.951874366767984
450804,TEXAS ORTHOPEDIC HOSPITAL,TX,HARRIS,True,True,Voluntary non-profit - Other,H_RECMND_DY,"Patients who reported YES, they would definitely recommend the hospital — ""YES"", patients would definitely recommend the hospital",hcahps,True,83.0,429.0,2024-10-01,2025-09-30,71.22081539630287,72.86531986531986,0.868034447821682
450324,TEXOMA MEDICAL CENTER,TX,GRAYSON,True,False,Proprietary,H_RECMND_DY,"Patients who reported YES, they would definitely recommend the hospital — ""YES"", patients would definitely recommend the hospital",hcahps,True,69.0,622.0,2024-10-01,2025-09-30,71.22081539630287,72.86531986531986,0.38677811550152
450893,THE HEART HOSPITAL BAYLOR DENTON,TX,DENTON,True,False,Physician,H_RECMND_DY,"Patients who reported YES, they would definitely recommend the hospital — ""YES"", patients would definitely recommend the hospital",hcahps,True,86.0,349.0,2024-10-01,2025-09-30,71.22081539630287,72.86531986531986,0.92274569402229
670006,THE HOSPITAL AT WESTLAKE MEDICAL CENTER,TX,TRAVIS,True,False,Physician,H_RECMND_DY,"Patients who reported YES, they would definitely recommend the hospital — ""YES"", patients would definitely recommend the hospital",hcahps,True,65.0,143.0,2024-10-01,2025-09-30,71.22081539630287,72.86531986531986,0.244427558257345
670047,THE HOSPITALS OF PROVIDENCE - EAST CAMPUS,TX,EL PASO,True,False,Proprietary,H_RECMND_DY,"Patients who reported YES, they would definitely recommend the hospital — ""YES"", patients would definitely recommend the hospital",hcahps,True,57.0,894.0,2024-10-01,2025-09-30,71.22081539630287,72.86531986531986,0.076241134751773
450002,THE HOSPITALS OF PROVIDENCE - MEMORIAL CAMPUS,TX,EL PASO,True,False,Proprietary,H_RECMND_DY,"Patients who reported YES, they would definitely recommend the hospital — ""YES"", patients would definitely recommend the hospital",hcahps,True,56.0,541.0,2024-10-01,2025-09-30,71.22081539630287,72.86531986531986,0.0638297872340425
670124,THE HOSPITALS OF PROVIDENCE HORIZON CITY CAMPUS,TX,EL PASO,True,False,Proprietary,H_RECMND_DY,"Patients who reported YES, they would definitely recommend the hospital — ""YES"", patients would definitely recommend the hospital",hcahps,True,86.0,99.0,2024-10-01,2025-09-30,71.22081539630287,72.86531986531986,0.92274569402229
670120,THE HOSPITALS OF PROVIDENCE TRANSMOUNTAIN CAMPUS,TX,EL PASO,True,False,Proprietary,H_RECMND_DY,"Patients who reported YES, they would definitely recommend the hospital — ""YES"", patients would definitely recommend the hospital",hcahps,True,64.0,731.0,2024-10-01,2025-09-30,71.22081539630287,72.86531986531986,0.21403242147923
450518,THE MEDICAL CENTER OF SOUTHEAST TEXAS,TX,JEFFERSON,True,False,Physician,H_RECMND_DY,"Patients who reported YES, they would definitely recommend the hospital — ""YES"", patients would definitely recommend the hospital",hcahps,True,53.0,308.0,2024-10-01,2025-09-30,71.22081539630287,72.86531986531986,0.03596757852077
670267,THE WOODLANDS SPECIALTY HOSPITAL,TX,MONTGOMERY,True,True,Proprietary,H_RECMND_DY,"Patients who reported YES, they would definitely recommend the hospital — ""YES"", patients would definitely recommend the hospital",hcahps,True,55.0,55.0,2024-10-01,2025-09-30,71.22081539630287,72.86531986531986,0.0536980749746707
450080,TITUS REGIONAL MEDICAL CENTER,TX,TITUS,True,False,Government - Hospital District or Authority,H_RECMND_DY,"Patients who reported YES, they would definitely recommend the hospital — ""YES"", patients would definitely recommend the hospital",hcahps,True,71.0,437.0,2024-10-01,2025-09-30,71.22081539630287,72.86531986531986,0.46757852077001
451370,TMC- BONHAM HOSPITAL,TX,FANNIN,True,False,Government - Hospital District or Authority,H_RECMND_DY,"Patients who reported YES, they would definitely recommend the hospital — ""YES"", patients would definitely recommend the hospital",hcahps,True,73.0,43.0,2024-10-01,2025-09-30,71.22081539630287,72.86531986531986,0.54483282674772
450774,TOPS SURGICAL SPECIALTY HOSPITAL,TX,HARRIS,True,True,Physician,H_RECMND_DY,"Patients who reported YES, they would definitely recommend the hospital — ""YES"", patients would definitely recommend the hospital",hcahps,True,80.0,129.0,2024-10-01,2025-09-30,71.22081539630287,72.86531986531986,0.789007092198582
670266,TOWNSEN MEMORIAL HOSPITAL,TX,HARRIS,True,True,Proprietary,H_RECMND_DY,"Patients who reported YES, they would definitely recommend the hospital — ""YES"", patients would definitely recommend the hospital",hcahps,True,61.0,46.0,2024-10-01,2025-09-30,71.22081539630287,72.86531986531986,0.140830800405268
450460,TYLER COUNTY HOSPITAL,TX,TYLER,True,False,Government - Hospital District or Authority,H_RECMND_DY,"Patients who reported YES, they would definitely recommend the hospital — ""YES"", patients would definitely recommend the hospital",hcahps,True,85.0,32.0,2024-10-01,2025-09-30,71.22081539630287,72.86531986531986,0.907041540020263
450010,UNITED REGIONAL HEALTH CARE SYSTEM,TX,WICHITA,True,False,Voluntary non-profit - Private,H_RECMND_DY,"Patients who reported YES, they would definitely recommend the hospital — ""YES"", patients would definitely recommend the hospital",hcahps,True,73.0,488.0,2024-10-01,2025-09-30,71.22081539630287,72.86531986531986,0.54483282674772
450213,UNIVERSITY HEALTH SYSTEM,TX,BEXAR,True,False,Government - Hospital District or Authority,H_RECMND_DY,"Patients who reported YES, they would definitely recommend the hospital — ""YES"", patients would definitely recommend the hospital",hcahps,True,78.0,2347.0,2024-10-01,2025-09-30,71.22081539630287,72.86531986531986,0.720364741641337
450686,UNIVERSITY MEDICAL CENTER,TX,LUBBOCK,True,False,Government - Hospital District or Authority,H_RECMND_DY,"Patients who reported YES, they would definitely recommend the hospital — ""YES"", patients would definitely recommend the hospital",hcahps,True,78.0,601.0,2024-10-01,2025-09-30,71.22081539630287,72.86531986531986,0.720364741641337
450024,UNIVERSITY MEDICAL CENTER OF EL PASO,TX,EL PASO,True,False,Physician,H_RECMND_DY,"Patients who reported YES, they would definitely recommend the hospital — ""YES"", patients would definitely recommend the hospital",hcahps,True,71.0,2426.0,2024-10-01,2025-09-30,71.22081539630287,72.86531986531986,0.46757852077001
450690,UNIVERSITY OF TEXAS HEALTH SCIENCE CENTER AT TYLER,TX,SMITH,True,False,Government - State,H_RECMND_DY,"Patients who reported YES, they would definitely recommend the hospital — ""YES"", patients would definitely recommend the hospital",hcahps,True,81.0,142.0,2024-10-01,2025-09-30,71.22081539630287,72.86531986531986,0.820921985815603
450018,UNIVERSITY OF TEXAS MEDICAL BRANCH GALVESTON,TX,GALVESTON,True,True,Government - State,H_RECMND_DY,"Patients who reported YES, they would definitely recommend the hospital — ""YES"", patients would definitely recommend the hospital",hcahps,True,72.0,1536.0,2024-10-01,2025-09-30,71.22081539630287,72.86531986531986,0.507345491388045
450872,USMD HOSPITAL AT ARLINGTON L P,TX,TARRANT,True,False,Physician,H_RECMND_DY,"Patients who reported YES, they would definitely recommend the hospital — ""YES"", patients would definitely recommend the hospital",hcahps,True,68.0,131.0,2024-10-01,2025-09-30,71.22081539630287,72.86531986531986,0.348530901722391
450389,UT HEALTH EAST TEXAS ATHENS HOSPITAL,TX,HENDERSON,True,False,Proprietary,H_RECMND_DY,"Patients who reported YES, they would definitely recommend the hospital — ""YES"", patients would definitely recommend the hospital",hcahps,True,72.0,322.0,2024-10-01,2025-09-30,71.22081539630287,72.86531986531986,0.507345491388045
450210,UT HEALTH EAST TEXAS CARTHAGE HOSPITAL,TX,PANOLA,True,False,Proprietary,H_RECMND_DY,"Patients who reported YES, they would definitely recommend the hospital — ""YES"", patients would definitely recommend the hospital",hcahps,True,72.0,57.0,2024-10-01,2025-09-30,71.22081539630287,72.86531986531986,0.507345491388045
450475,UT HEALTH EAST TEXAS HENDERSON HOSPITAL,TX,RUSK,True,False,Proprietary,H_RECMND_DY,"Patients who reported YES, they would definitely recommend the hospital — ""YES"", patients would definitely recommend the hospital",hcahps,True,70.0,129.0,2024-10-01,2025-09-30,71.22081539630287,72.86531986531986,0.430851063829787
450194,UT HEALTH EAST TEXAS JACKSONVILLE HOSPITAL,TX,CHEROKEE,True,False,Proprietary,H_RECMND_DY,"Patients who reported YES, they would definitely recommend the hospital — ""YES"", patients would definitely recommend the hospital",hcahps,True,75.0,149.0,2024-10-01,2025-09-30,71.22081539630287,72.86531986531986,0.617274569402229
451367,UT HEALTH EAST TEXAS PITTSBURG HOSPITAL,TX,CAMP,True,False,Proprietary,H_RECMND_DY,"Patients who reported YES, they would definitely recommend the hospital — ""YES"", patients would definitely recommend the hospital",hcahps,True,88.0,149.0,2024-10-01,2025-09-30,71.22081539630287,72.86531986531986,0.951874366767984
451380,UT HEALTH EAST TEXAS QUITMAN HOSPITAL,TX,WOOD,True,False,Voluntary non-profit - Other,H_RECMND_DY,"Patients who reported YES, they would definitely recommend the hospital — ""YES"", patients would definitely recommend the hospital",hcahps,True,79.0,150.0,2024-10-01,2025-09-30,71.22081539630287,72.86531986531986,0.754052684903749
450083,UT HEALTH EAST TEXAS TYLER REGIONAL HOSPITAL,TX,SMITH,True,False,Proprietary,H_RECMND_DY,"Patients who reported YES, they would definitely recommend the hospital — ""YES"", patients would definitely recommend the hospital",hcahps,True,67.0,1615.0,2024-10-01,2025-09-30,71.22081539630287,72.86531986531986,0.314083080040527
450044,UT OF TEXAS  SOUTHWESTERN UNIVERSITY HOSPITAL - WILLIAM P. CLEMENTS JR.,TX,DALLAS,True,False,Government - State,H_RECMND_DY,"Patients who reported YES, they would definitely recommend the hospital — ""YES"", patients would definitely recommend the hospital",hcahps,True,84.0,3378.0,2024-10-01,2025-09-30,71.22081539630287,72.86531986531986,0.889057750759878
451387,UVALDE MEMORIAL HOSPITAL,TX,UVALDE,True,False,Government - Hospital District or Authority,H_RECMND_DY,"Patients who reported YES, they would definitely recommend the hospital — ""YES"", patients would definitely recommend the hospital",hcahps,True,75.0,172.0,2024-10-01,2025-09-30,71.22081539630287,72.86531986531986,0.617274569402229
45060F,VA AMARILLO HEALTHCARE SYSTEM,TX,POTTER,True,False,Veterans Health Administration,H_RECMND_DY,"Patients who reported YES, they would definitely recommend the hospital — ""YES"", patients would definitely recommend the hospital",hcahps,True,81.0,481.0,2024-10-01,2025-09-30,71.22081539630287,72.86531986531986,0.820921985815603
450154,VAL VERDE REGIONAL MEDICAL CENTER,TX,VAL VERDE,True,False,Government - Hospital District or Authority,H_RECMND_DY,"Patients who reported YES, they would definitely recommend the hospital — ""YES"", patients would definitely recommend the hospital",hcahps,True,54.0,103.0,2024-10-01,2025-09-30,71.22081539630287,72.86531986531986,0.0438196555217832
450028,VALLEY BAPTIST MEDICAL CENTER- BROWNSVILLE,TX,CAMERON,True,False,Proprietary,H_RECMND_DY,"Patients who reported YES, they would definitely recommend the hospital — ""YES"", patients would definitely recommend the hospital",hcahps,True,57.0,428.0,2024-10-01,2025-09-30,71.22081539630287,72.86531986531986,0.076241134751773
450662,VALLEY REGIONAL MEDICAL CENTER,TX,CAMERON,True,False,Proprietary,H_RECMND_DY,"Patients who reported YES, they would definitely recommend the hospital — ""YES"", patients would definitely recommend the hospital",hcahps,True,65.0,809.0,2024-10-01,2025-09-30,71.22081539630287,72.86531986531986,0.244427558257345
450033,VHS HARLINGEN HOSPITAL COMPANY LLC,TX,CAMERON,True,False,Proprietary,H_RECMND_DY,"Patients who reported YES, they would definitely recommend the hospital — ""YES"", patients would definitely recommend the hospital",hcahps,True,62.0,727.0,2024-10-01,2025-09-30,71.22081539630287,72.86531986531986,0.159827760891591
451337,W J MANGOLD MEMORIAL HOSPITAL,TX,FLOYD,True,False,Physician,H_RECMND_DY,"Patients who reported YES, they would definitely recommend the hospital — ""YES"", patients would definitely recommend the hospital",hcahps,True,94.0,27.0,2024-10-01,2025-09-30,71.22081539630287,72.86531986531986,0.992401215805471
451373,WARD MEMORIAL HOSPITAL,TX,WARD,True,False,Government - Local,H_RECMND_DY,"Patients who reported YES, they would definitely recommend the hospital — ""YES"", patients would definitely recommend the hospital",hcahps,True,88.0,43.0,2024-10-01,2025-09-30,71.22081539630287,72.86531986531986,0.951874366767984
450584,WILBARGER GENERAL HOSPITAL,TX,WILBARGER,True,False,Government - Hospital District or Authority,H_RECMND_DY,"Patients who reported YES, they would definitely recommend the hospital — ""YES"", patients would definitely recommend the hospital",hcahps,True,67.0,98.0,2024-10-01,2025-09-30,71.22081539630287,72.86531986531986,0.314083080040527
45068F,William Beaumont AMG (FT Bliss),TX,EL PASO,True,False,Department of Defense,H_RECMND_DY,"Patients who reported YES, they would definitely recommend the hospital — ""YES"", patients would definitely recommend the hospital",hcahps,True,87.0,723.0,2024-10-01,2025-09-30,71.22081539630287,72.86531986531986,0.938449848024316
450469,WILSON N JONES REGIONAL MEDICAL CENTER,TX,GRAYSON,True,False,Proprietary,H_RECMND_DY,"Patients who reported YES, they would definitely recommend the hospital — ""YES"", patients would definitely recommend the hospital",hcahps,True,62.0,167.0,2024-10-01,2025-09-30,71.22081539630287,72.86531986531986,0.159827760891591
450674,"WOMANS HOSPITAL OF TEXAS,THE",TX,HARRIS,True,True,Proprietary,H_RECMND_DY,"Patients who reported YES, they would definitely recommend the hospital — ""YES"", patients would definitely recommend the hospital",hcahps,True,69.0,920.0,2024-10-01,2025-09-30,71.22081539630287,72.86531986531986,0.38677811550152
450484,WOODLAND HEIGHTS MEDICAL CENTER,TX,ANGELINA,True,False,Proprietary,H_RECMND_DY,"Patients who reported YES, they would definitely recommend the hospital — ""YES"", patients would definitely recommend the hospital",hcahps,True,67.0,424.0,2024-10-01,2025-09-30,71.22081539630287,72.86531986531986,0.314083080040527
451346,YOAKUM COMMUNITY HOSPITAL,TX,LAVACA,True,False,Voluntary non-profit - Private,H_RECMND_DY,"Patients who reported YES, they would definitely recommend the hospital — ""YES"", patients would definitely recommend the hospital",hcahps,True,82.0,68.0,2024-10-01,2025-09-30,71.22081539630287,72.86531986531986,0.847771023302938
451308,YOAKUM COUNTY HOSPITAL,TX,YOAKUM,True,False,Voluntary non-profit - Other,H_RECMND_DY,"Patients who reported YES, they would definitely recommend the hospital — ""YES"", patients would definitely recommend the hospital",hcahps,True,77.0,91.0,2024-10-01,2025-09-30,71.22081539630287,72.86531986531986,0.685410334346505
450152,ADVENTHEALTH CENTRAL TEXAS,TX,BELL,True,False,Voluntary non-profit - Church,H_STAR_RATING,Summary star rating — Summary star rating,hcahps,True,4.0,492.0,2024-10-01,2025-09-30,3.267357838517122,3.2663755458515285,0.595537397862979
670056,ASCENSION  SETON HAYS,TX,HAYS,True,False,Voluntary non-profit - Private,H_STAR_RATING,Summary star rating — Summary star rating,hcahps,True,3.0,504.0,2024-10-01,2025-09-30,3.267357838517122,3.2663755458515285,0.188560653676933
450042,ASCENSION PROVIDENCE,TX,MC LENNAN,True,False,Voluntary non-profit - Private,H_STAR_RATING,Summary star rating — Summary star rating,hcahps,True,3.0,375.0,2024-10-01,2025-09-30,3.267357838517122,3.2663755458515285,0.188560653676933
670043,ASCENSION SETON CEDAR PARK,TX,WILLIAMSON,True,False,Voluntary non-profit - Private,H_STAR_RATING,Summary star rating — Summary star rating,hcahps,True,2.0,401.0,2024-10-01,2025-09-30,3.267357838517122,3.2663755458515285,0.0185417976115651
450056,ASCENSION SETON MEDICAL CENTER AUSTIN,TX,TRAVIS,True,False,Voluntary non-profit - Private,H_STAR_RATING,Summary star rating — Summary star rating,hcahps,True,3.0,447.0,2024-10-01,2025-09-30,3.267357838517122,3.2663755458515285,0.188560653676933
450867,ASCENSION SETON NORTHWEST,TX,TRAVIS,True,False,Voluntary non-profit - Private,H_STAR_RATING,Summary star rating — Summary star rating,hcahps,True,3.0,524.0,2024-10-01,2025-09-30,3.267357838517122,3.2663755458515285,0.188560653676933
670041,ASCENSION SETON WILLIAMSON,TX,WILLIAMSON,True,False,Voluntary non-profit - Private,H_STAR_RATING,Summary star rating — Summary star rating,hcahps,True,2.0,459.0,2024-10-01,2025-09-30,3.267357838517122,3.2663755458515285,0.0185417976115651
450346,BAPTIST BEAUMONT HOSPITAL,TX,JEFFERSON,True,False,Voluntary non-profit - Private,H_STAR_RATING,Summary star rating — Summary star rating,hcahps,True,3.0,1200.0,2024-10-01,2025-09-30,3.267357838517122,3.2663755458515285,0.188560653676933
450058,BAPTIST MEDICAL CENTER,TX,BEXAR,True,False,Proprietary,H_STAR_RATING,Summary star rating — Summary star rating,hcahps,True,2.0,3690.0,2024-10-01,2025-09-30,3.267357838517122,3.2663755458515285,0.0185417976115651
670078,BAPTIST NEIGHBORHOOD HOSPITAL THOUSAND OAKS,TX,BEXAR,True,False,Proprietary,H_STAR_RATING,Summary star rating — Summary star rating,hcahps,True,4.0,274.0,2024-10-01,2025-09-30,3.267357838517122,3.2663755458515285,0.595537397862979
450883,BAYLOR MEDICAL CENTER AT TROPHY CLUB,TX,DENTON,True,False,Proprietary,H_STAR_RATING,Summary star rating — Summary star rating,hcahps,True,3.0,112.0,2024-10-01,2025-09-30,3.267357838517122,3.2663755458515285,0.188560653676933
450885,BAYLOR SCOTT &  WHITE MEDICAL CENTER - CENTENNIAL,TX,COLLIN,True,False,Voluntary non-profit - Private,H_STAR_RATING,Summary star rating — Summary star rating,hcahps,True,4.0,482.0,2024-10-01,2025-09-30,3.267357838517122,3.2663755458515285,0.595537397862979
450851,BAYLOR SCOTT & WHITE HEART & VASCULAR HOSPITAL - DALLAS,TX,DALLAS,True,False,Proprietary,H_STAR_RATING,Summary star rating — Summary star rating,hcahps,True,4.0,647.0,2024-10-01,2025-09-30,3.267357838517122,3.2663755458515285,0.595537397862979
450563,BAYLOR SCOTT & WHITE MEDICAL CENTER  GRAPEVINE,TX,TARRANT,True,False,Voluntary non-profit - Private,H_STAR_RATING,Summary star rating — Summary star rating,hcahps,True,4.0,1448.0,2024-10-01,2025-09-30,3.267357838517122,3.2663755458515285,0.595537397862979
450853,BAYLOR SCOTT & WHITE MEDICAL CENTER - FRISCO,TX,DENTON,True,False,Proprietary,H_STAR_RATING,Summary star rating — Summary star rating,hcahps,True,4.0,247.0,2024-10-01,2025-09-30,3.267357838517122,3.2663755458515285,0.595537397862979
670108,BAYLOR SCOTT & WHITE MEDICAL CENTER - MARBLE FALLS,TX,BURNET,True,False,Voluntary non-profit - Private,H_STAR_RATING,Summary star rating — Summary star rating,hcahps,True,4.0,483.0,2024-10-01,2025-09-30,3.267357838517122,3.2663755458515285,0.595537397862979
670034,BAYLOR SCOTT & WHITE MEDICAL CENTER - ROUND ROCK,TX,WILLIAMSON,True,False,Voluntary non-profit - Private,H_STAR_RATING,Summary star rating — Summary star rating,hcahps,True,4.0,1793.0,2024-10-01,2025-09-30,3.267357838517122,3.2663755458515285,0.595537397862979
450054,BAYLOR SCOTT & WHITE MEDICAL CENTER - TEMPLE,TX,BELL,True,False,Voluntary non-profit - Private,H_STAR_RATING,Summary star rating — Summary star rating,hcahps,True,3.0,2016.0,2024-10-01,2025-09-30,3.267357838517122,3.2663755458515285,0.188560653676933
450079,BAYLOR SCOTT & WHITE MEDICAL CENTER AT IRVING,TX,DALLAS,True,False,Voluntary non-profit - Private,H_STAR_RATING,Summary star rating — Summary star rating,hcahps,True,3.0,821.0,2024-10-01,2025-09-30,3.267357838517122,3.2663755458515285,0.188560653676933
450101,BAYLOR SCOTT & WHITE MEDICAL CENTER HILLCREST,TX,MC LENNAN,True,False,Voluntary non-profit - Private,H_STAR_RATING,Summary star rating — Summary star rating,hcahps,True,4.0,1536.0,2024-10-01,2025-09-30,3.267357838517122,3.2663755458515285,0.595537397862979
670128,BAYLOR SCOTT & WHITE MEDICAL CENTER PFLUGERVILLE,TX,TRAVIS,True,False,Voluntary non-profit - Private,H_STAR_RATING,Summary star rating — Summary star rating,hcahps,True,4.0,162.0,2024-10-01,2025-09-30,3.267357838517122,3.2663755458515285,0.595537397862979
450890,BAYLOR SCOTT & WHITE MEDICAL CENTER PLANO,TX,COLLIN,True,False,Voluntary non-profit - Other,H_STAR_RATING,Summary star rating — Summary star rating,hcahps,True,4.0,786.0,2024-10-01,2025-09-30,3.267357838517122,3.2663755458515285,0.595537397862979
670088,BAYLOR SCOTT & WHITE MEDICAL CENTER- COLLEGE STATI,TX,BRAZOS,True,False,Voluntary non-profit - Private,H_STAR_RATING,Summary star rating — Summary star rating,hcahps,True,4.0,1151.0,2024-10-01,2025-09-30,3.267357838517122,3.2663755458515285,0.595537397862979
450372,BAYLOR SCOTT & WHITE MEDICAL CENTER- WAXAHACHIE,TX,ELLIS,True,False,Voluntary non-profit - Private,H_STAR_RATING,Summary star rating — Summary star rating,hcahps,True,4.0,589.0,2024-10-01,2025-09-30,3.267357838517122,3.2663755458515285,0.595537397862979
450864,BAYLOR SCOTT & WHITE TEXAS SPINE & JOINT HOSPITAL,TX,SMITH,True,False,Physician,H_STAR_RATING,Summary star rating — Summary star rating,hcahps,True,4.0,404.0,2024-10-01,2025-09-30,3.267357838517122,3.2663755458515285,0.595537397862979
670025,BAYLOR SCOTT & WHITE THE HEART HOSPITAL PLANO,TX,COLLIN,True,False,Physician,H_STAR_RATING,Summary star rating — Summary star rating,hcahps,True,4.0,2065.0,2024-10-01,2025-09-30,3.267357838517122,3.2663755458515285,0.595537397862979
670082,BAYLOR SCOTT AND WHITE  MEDICAL CENTER  MCKINNEY,TX,COLLIN,True,False,Voluntary non-profit - Private,H_STAR_RATING,Summary star rating — Summary star rating,hcahps,True,4.0,1263.0,2024-10-01,2025-09-30,3.267357838517122,3.2663755458515285,0.595537397862979
450137,BAYLOR SCOTT AND WHITE ALL SAINTS MEDICAL CENTER,TX,TARRANT,True,False,Voluntary non-profit - Private,H_STAR_RATING,Summary star rating — Summary star rating,hcahps,True,3.0,1160.0,2024-10-01,2025-09-30,3.267357838517122,3.2663755458515285,0.188560653676933
450742,BAYLOR SCOTT AND WHITE MEDICAL CENTER LAKE POINTE,TX,DALLAS,True,False,Voluntary non-profit - Private,H_STAR_RATING,Summary star rating — Summary star rating,hcahps,True,3.0,688.0,2024-10-01,2025-09-30,3.267357838517122,3.2663755458515285,0.188560653676933
670060,BAYLOR SCOTT AND WHITE MEDICAL CENTER SUNNYVALE,TX,DALLAS,True,False,Proprietary,H_STAR_RATING,Summary star rating — Summary star rating,hcahps,True,2.0,388.0,2024-10-01,2025-09-30,3.267357838517122,3.2663755458515285,0.0185417976115651
670067,BAYLOR SCOTT AND WHITE ORTHOPEDIC AND SPINE HOSPI,TX,TARRANT,True,False,Proprietary,H_STAR_RATING,Summary star rating — Summary star rating,hcahps,True,5.0,347.0,2024-10-01,2025-09-30,3.267357838517122,3.2663755458515285,0.930546825895663
450880,BAYLOR SCOTT AND WHITE SURGICAL HOSPITAL FORTWORTH,TX,TARRANT,True,False,Physician,H_STAR_RATING,Summary star rating — Summary star rating,hcahps,True,4.0,296.0,2024-10-01,2025-09-30,3.267357838517122,3.2663755458515285,0.595537397862979
450193,Baylor St Lukes Medical Center,TX,HARRIS,True,True,Voluntary non-profit - Church,H_STAR_RATING,Summary star rating — Summary star rating,hcahps,True,2.0,518.0,2024-10-01,2025-09-30,3.267357838517122,3.2663755458515285,0.0185417976115651
450874,BAYLOR SURGICAL HOSPITAL AT LAS COLINAS,TX,DALLAS,True,False,Proprietary,H_STAR_RATING,Summary star rating — Summary star rating,hcahps,True,3.0,191.0,2024-10-01,2025-09-30,3.267357838517122,3.2663755458515285,0.188560653676933
450021,BAYLOR UNIVERSITY MEDICAL CENTER,TX,DALLAS,True,False,Voluntary non-profit - Private,H_STAR_RATING,Summary star rating — Summary star rating,hcahps,True,3.0,2542.0,2024-10-01,2025-09-30,3.267357838517122,3.2663755458515285,0.188560653676933
451378,BIG BEND REGIONAL MEDICAL CENTER,TX,BREWSTER,True,False,Proprietary,H_STAR_RATING,Summary star rating — Summary star rating,hcahps,True,4.0,102.0,2024-10-01,2025-09-30,3.267357838517122,3.2663755458515285,0.595537397862979
45069F,Brooke Army Medical Center (FT Sam Houston),TX,BEXAR,True,False,Department of Defense,H_STAR_RATING,Summary star rating — Summary star rating,hcahps,True,5.0,3271.0,2024-10-01,2025-09-30,3.267357838517122,3.2663755458515285,0.930546825895663
450231,BSA HOSPITAL,TX,POTTER,True,False,Proprietary,H_STAR_RATING,Summary star rating — Summary star rating,hcahps,True,3.0,1676.0,2024-10-01,2025-09-30,3.267357838517122,3.2663755458515285,0.188560653676933
450730,CARROLLTON REGIONAL MEDICAL CENTER,TX,DENTON,True,False,Proprietary,H_STAR_RATING,Summary star rating — Summary star rating,hcahps,True,2.0,249.0,2024-10-01,2025-09-30,3.267357838517122,3.2663755458515285,0.0185417976115651
450011,CHI ST JOSEPH HEALTH REGIONAL HOSPITAL,TX,BRAZOS,True,False,Voluntary non-profit - Private,H_STAR_RATING,Summary star rating — Summary star rating,hcahps,True,3.0,1193.0,2024-10-01,2025-09-30,3.267357838517122,3.2663755458515285,0.188560653676933
450072,CHI ST LUKE'S HEALTH BRAZOSPORT,TX,BRAZORIA,True,True,Voluntary non-profit - Private,H_STAR_RATING,Summary star rating — Summary star rating,hcahps,True,3.0,477.0,2024-10-01,2025-09-30,3.267357838517122,3.2663755458515285,0.188560653676933
450395,CHI ST LUKES HEALTH MEMORIAL LIVINGSTON,TX,POLK,True,False,Voluntary non-profit - Private,H_STAR_RATING,Summary star rating — Summary star rating,hcahps,True,4.0,146.0,2024-10-01,2025-09-30,3.267357838517122,3.2663755458515285,0.595537397862979
450211,CHI ST LUKES HEALTH MEMORIAL LUFKIN,TX,ANGELINA,True,False,Voluntary non-profit - Private,H_STAR_RATING,Summary star rating — Summary star rating,hcahps,True,4.0,521.0,2024-10-01,2025-09-30,3.267357838517122,3.2663755458515285,0.595537397862979
670059,CHI ST LUKES LAKESIDE HOSPITAL,TX,MONTGOMERY,True,True,Voluntary non-profit - Other,H_STAR_RATING,Summary star rating — Summary star rating,hcahps,True,4.0,159.0,2024-10-01,2025-09-30,3.267357838517122,3.2663755458515285,0.595537397862979
450032,CHRISTUS GOOD SHEPHERD MEDICAL CENTER,TX,GREGG,True,False,Voluntary non-profit - Private,H_STAR_RATING,Summary star rating — Summary star rating,hcahps,True,4.0,503.0,2024-10-01,2025-09-30,3.267357838517122,3.2663755458515285,0.595537397862979
450102,CHRISTUS MOTHER FRANCES HOSPITAL,TX,SMITH,True,False,Voluntary non-profit - Private,H_STAR_RATING,Summary star rating — Summary star rating,hcahps,True,3.0,561.0,2024-10-01,2025-09-30,3.267357838517122,3.2663755458515285,0.188560653676933
450236,CHRISTUS MOTHER FRANCES HOSPITAL SULPHUR SPRINGS,TX,HOPKINS,True,False,Voluntary non-profit - Private,H_STAR_RATING,Summary star rating — Summary star rating,hcahps,True,4.0,402.0,2024-10-01,2025-09-30,3.267357838517122,3.2663755458515285,0.595537397862979
451319,CHRISTUS MOTHER FRANCES HOSPITAL- JACKSONVILLE,TX,CHEROKEE,True,False,Voluntary non-profit - Private,H_STAR_RATING,Summary star rating — Summary star rating,hcahps,True,5.0,122.0,2024-10-01,2025-09-30,3.267357838517122,3.2663755458515285,0.930546825895663
450272,CHRISTUS SANTA ROSA HOSPITAL-SAN MARCOS,TX,HAYS,True,False,Voluntary non-profit - Church,H_STAR_RATING,Summary star rating — Summary star rating,hcahps,True,3.0,848.0,2024-10-01,2025-09-30,3.267357838517122,3.2663755458515285,0.188560653676933
450237,CHRISTUS SANTA ROSA MEDICAL CENTER,TX,BEXAR,True,False,Voluntary non-profit - Private,H_STAR_RATING,Summary star rating — Summary star rating,hcahps,True,3.0,485.0,2024-10-01,2025-09-30,3.267357838517122,3.2663755458515285,0.188560653676933
450034,CHRISTUS SOUTHEAST TEXAS- ST ELIZABETH,TX,JEFFERSON,True,False,Voluntary non-profit - Private,H_STAR_RATING,Summary star rating — Summary star rating,hcahps,True,3.0,455.0,2024-10-01,2025-09-30,3.267357838517122,3.2663755458515285,0.188560653676933
450828,CHRISTUS SPOHN HOSPITAL ALICE,TX,JIM WELLS,True,False,Voluntary non-profit - Private,H_STAR_RATING,Summary star rating — Summary star rating,hcahps,True,4.0,184.0,2024-10-01,2025-09-30,3.267357838517122,3.2663755458515285,0.595537397862979
450082,CHRISTUS SPOHN HOSPITAL BEEVILLE,TX,BEE,True,False,Voluntary non-profit - Private,H_STAR_RATING,Summary star rating — Summary star rating,hcahps,True,2.0,142.0,2024-10-01,2025-09-30,3.267357838517122,3.2663755458515285,0.0185417976115651
450046,CHRISTUS SPOHN HOSPITAL CORPUS CHRISTI,TX,NUECES,True,False,Voluntary non-profit - Private,H_STAR_RATING,Summary star rating — Summary star rating,hcahps,True,3.0,474.0,2024-10-01,2025-09-30,3.267357838517122,3.2663755458515285,0.188560653676933
450163,CHRISTUS SPOHN HOSPITAL KLEBERG,TX,KLEBERG,True,False,Voluntary non-profit - Private,H_STAR_RATING,Summary star rating — Summary star rating,hcahps,True,4.0,189.0,2024-10-01,2025-09-30,3.267357838517122,3.2663755458515285,0.595537397862979
450801,CHRISTUS ST MICHAEL HEALTH SYSTEM,TX,BOWIE,True,False,Voluntary non-profit - Private,H_STAR_RATING,Summary star rating — Summary star rating,hcahps,True,4.0,587.0,2024-10-01,2025-09-30,3.267357838517122,3.2663755458515285,0.595537397862979
450023,CITIZENS MEDICAL CENTER,TX,VICTORIA,True,False,Voluntary non-profit - Other,H_STAR_RATING,Summary star rating — Summary star rating,hcahps,True,3.0,964.0,2024-10-01,2025-09-30,3.267357838517122,3.2663755458515285,0.188560653676933
450370,COLUMBUS COMMUNITY HOSPITAL,TX,COLORADO,True,False,Voluntary non-profit - Private,H_STAR_RATING,Summary star rating — Summary star rating,hcahps,True,3.0,119.0,2024-10-01,2025-09-30,3.267357838517122,3.2663755458515285,0.188560653676933
450788,"CORPUS CHRISTI MEDICAL CENTER,THE",TX,NUECES,True,False,Voluntary non-profit - Other,H_STAR_RATING,Summary star rating — Summary star rating,hcahps,True,3.0,1399.0,2024-10-01,2025-09-30,3.267357838517122,3.2663755458515285,0.188560653676933
451379,CORYELL MEMORIAL HOSPITAL,TX,CORYELL,True,False,Government - Hospital District or Authority,H_STAR_RATING,Summary star rating — Summary star rating,hcahps,True,5.0,133.0,2024-10-01,2025-09-30,3.267357838517122,3.2663755458515285,0.930546825895663
450539,COVENANT HOSPITAL PLAINVIEW,TX,HALE,True,False,Voluntary non-profit - Private,H_STAR_RATING,Summary star rating — Summary star rating,hcahps,True,3.0,144.0,2024-10-01,2025-09-30,3.267357838517122,3.2663755458515285,0.188560653676933
450040,COVENANT MEDICAL CENTER,TX,LUBBOCK,True,False,Voluntary non-profit - Private,H_STAR_RATING,Summary star rating — Summary star rating,hcahps,True,3.0,868.0,2024-10-01,2025-09-30,3.267357838517122,3.2663755458515285,0.188560653676933
450379,DALLAS MEDICAL CENTER,TX,DALLAS,True,False,Proprietary,H_STAR_RATING,Summary star rating — Summary star rating,hcahps,True,3.0,214.0,2024-10-01,2025-09-30,3.267357838517122,3.2663755458515285,0.188560653676933
450688,DALLAS REGIONAL MEDICAL CENTER,TX,DALLAS,True,False,Proprietary,H_STAR_RATING,Summary star rating — Summary star rating,hcahps,True,3.0,464.0,2024-10-01,2025-09-30,3.267357838517122,3.2663755458515285,0.188560653676933
45066F,DALLAS VA MEDICAL CENTER (VA NORTH TEXAS HEALTHCARE SYSTEM),TX,DALLAS,True,False,Veterans Health Administration,H_STAR_RATING,Summary star rating — Summary star rating,hcahps,True,3.0,496.0,2024-10-01,2025-09-30,3.267357838517122,3.2663755458515285,0.188560653676933
45070F,Darnall AMC (FT Cavazos),TX,BELL,True,False,Department of Defense,H_STAR_RATING,Summary star rating — Summary star rating,hcahps,True,4.0,698.0,2024-10-01,2025-09-30,3.267357838517122,3.2663755458515285,0.595537397862979
450147,DE TAR HOSPITAL NAVARRO,TX,VICTORIA,True,False,Proprietary,H_STAR_RATING,Summary star rating — Summary star rating,hcahps,True,2.0,443.0,2024-10-01,2025-09-30,3.267357838517122,3.2663755458515285,0.0185417976115651
450124,DELL SETON  MED CENTER AT THE UNIVERSITY OF TX,TX,TRAVIS,True,False,Voluntary non-profit - Private,H_STAR_RATING,Summary star rating — Summary star rating,hcahps,True,4.0,431.0,2024-10-01,2025-09-30,3.267357838517122,3.2663755458515285,0.595537397862979
450643,DOCTORS HOSPITAL OF LAREDO,TX,WEBB,True,False,Proprietary,H_STAR_RATING,Summary star rating — Summary star rating,hcahps,True,3.0,452.0,2024-10-01,2025-09-30,3.267357838517122,3.2663755458515285,0.188560653676933
450869,DOCTORS HOSPTAL AT RENAISSANCE,TX,HIDALGO,True,False,Physician,H_STAR_RATING,Summary star rating — Summary star rating,hcahps,True,3.0,3413.0,2024-10-01,2025-09-30,3.267357838517122,3.2663755458515285,0.188560653676933
450694,EL CAMPO MEMORIAL HOSPITAL,TX,WHARTON,True,False,Voluntary non-profit - Other,H_STAR_RATING,Summary star rating — Summary star rating,hcahps,True,3.0,123.0,2024-10-01,2025-09-30,3.267357838517122,3.2663755458515285,0.188560653676933
450092,FORT DUNCAN MEDICAL CENTER,TX,MAVERICK,True,False,Proprietary,H_STAR_RATING,Summary star rating — Summary star rating,hcahps,True,3.0,143.0,2024-10-01,2025-09-30,3.267357838517122,3.2663755458515285,0.188560653676933
450104,GUADALUPE REGIONAL MEDICAL CENTER,TX,GUADALUPE,True,False,Government - Local,H_STAR_RATING,Summary star rating — Summary star rating,hcahps,True,5.0,296.0,2024-10-01,2025-09-30,3.267357838517122,3.2663755458515285,0.930546825895663
450855,HARLINGEN MEDICAL CENTER,TX,CAMERON,True,False,Proprietary,H_STAR_RATING,Summary star rating — Summary star rating,hcahps,True,3.0,400.0,2024-10-01,2025-09-30,3.267357838517122,3.2663755458515285,0.188560653676933
450289,HARRIS HEALTH,TX,HARRIS,True,True,Government - Hospital District or Authority,H_STAR_RATING,Summary star rating — Summary star rating,hcahps,True,3.0,530.0,2024-10-01,2025-09-30,3.267357838517122,3.2663755458515285,0.188560653676933
450617,HCA HOUSTON HEALTHCARE CLEAR LAKE,TX,HARRIS,True,True,Proprietary,H_STAR_RATING,Summary star rating — Summary star rating,hcahps,True,2.0,1085.0,2024-10-01,2025-09-30,3.267357838517122,3.2663755458515285,0.0185417976115651
450222,HCA HOUSTON HEALTHCARE CONROE,TX,MONTGOMERY,True,True,Proprietary,H_STAR_RATING,Summary star rating — Summary star rating,hcahps,True,2.0,554.0,2024-10-01,2025-09-30,3.267357838517122,3.2663755458515285,0.0185417976115651
450775,HCA HOUSTON HEALTHCARE KINGWOOD,TX,HARRIS,True,True,Proprietary,H_STAR_RATING,Summary star rating — Summary star rating,hcahps,True,1.0,1187.0,2024-10-01,2025-09-30,3.267357838517122,3.2663755458515285,0.0
450659,HCA HOUSTON HEALTHCARE MEDICAL CENTER,TX,HARRIS,True,True,Proprietary,H_STAR_RATING,Summary star rating — Summary star rating,hcahps,True,2.0,778.0,2024-10-01,2025-09-30,3.267357838517122,3.2663755458515285,0.0185417976115651
450638,HCA HOUSTON HEALTHCARE NORTHWEST,TX,HARRIS,True,True,Proprietary,H_STAR_RATING,Summary star rating — Summary star rating,hcahps,True,2.0,816.0,2024-10-01,2025-09-30,3.267357838517122,3.2663755458515285,0.0185417976115651
670106,HCA HOUSTON HEALTHCARE PEARLAND,TX,BRAZORIA,True,True,Proprietary,H_STAR_RATING,Summary star rating — Summary star rating,hcahps,True,2.0,323.0,2024-10-01,2025-09-30,3.267357838517122,3.2663755458515285,0.0185417976115651
450097,HCA HOUSTON HEALTHCARE SOUTHEAST,TX,HARRIS,True,True,Proprietary,H_STAR_RATING,Summary star rating — Summary star rating,hcahps,True,2.0,708.0,2024-10-01,2025-09-30,3.267357838517122,3.2663755458515285,0.0185417976115651
450670,HCA HOUSTON HEALTHCARE TOMBALL,TX,HARRIS,True,True,Proprietary,H_STAR_RATING,Summary star rating — Summary star rating,hcahps,True,2.0,642.0,2024-10-01,2025-09-30,3.267357838517122,3.2663755458515285,0.0185417976115651
450644,HCA HOUSTON HEALTHCARE WEST,TX,HARRIS,True,True,Proprietary,H_STAR_RATING,Summary star rating — Summary star rating,hcahps,True,2.0,714.0,2024-10-01,2025-09-30,3.267357838517122,3.2663755458515285,0.0185417976115651
450229,HENDRICK MEDICAL CENTER,TX,TAYLOR,True,False,Voluntary non-profit - Private,H_STAR_RATING,Summary star rating — Summary star rating,hcahps,True,3.0,359.0,2024-10-01,2025-09-30,3.267357838517122,3.2663755458515285,0.188560653676933
450587,HENDRICK MEDICAL CENTER BROWNWOOD,TX,BROWN,True,False,Voluntary non-profit - Private,H_STAR_RATING,Summary star rating — Summary star rating,hcahps,True,2.0,392.0,2024-10-01,2025-09-30,3.267357838517122,3.2663755458515285,0.0185417976115651
450604,HILL COUNTRY MEMORIAL HOSPITAL,TX,GILLESPIE,True,False,Proprietary,H_STAR_RATING,Summary star rating — Summary star rating,hcahps,True,4.0,420.0,2024-10-01,2025-09-30,3.267357838517122,3.2663755458515285,0.595537397862979
451395,HILL REGIONAL HOSPITAL,TX,HILL,True,False,Voluntary non-profit - Private,H_STAR_RATING,Summary star rating — Summary star rating,hcahps,True,3.0,103.0,2024-10-01,2025-09-30,3.267357838517122,3.2663755458515285,0.188560653676933
450424,HOUSTON METHODIST BAYTOWN HOSPITAL,TX,HARRIS,True,True,Voluntary non-profit - Private,H_STAR_RATING,Summary star rating — Summary star rating,hcahps,True,4.0,1585.0,2024-10-01,2025-09-30,3.267357838517122,3.2663755458515285,0.595537397862979
450709,HOUSTON METHODIST CLEAR LAKE HOSPITAL,TX,HARRIS,True,True,Voluntary non-profit - Private,H_STAR_RATING,Summary star rating — Summary star rating,hcahps,True,4.0,1198.0,2024-10-01,2025-09-30,3.267357838517122,3.2663755458515285,0.595537397862979
450358,HOUSTON METHODIST HOSPITAL,TX,HARRIS,True,True,Voluntary non-profit - Private,H_STAR_RATING,Summary star rating — Summary star rating,hcahps,True,4.0,7035.0,2024-10-01,2025-09-30,3.267357838517122,3.2663755458515285,0.595537397862979
450820,HOUSTON METHODIST SUGARLAND HOSPITAL,TX,FORT BEND,True,True,Voluntary non-profit - Private,H_STAR_RATING,Summary star rating — Summary star rating,hcahps,True,4.0,3134.0,2024-10-01,2025-09-30,3.267357838517122,3.2663755458515285,0.595537397862979
670122,HOUSTON METHODIST THE WOODLANDS HOSPITAL,TX,MONTGOMERY,True,True,Voluntary non-profit - Private,H_STAR_RATING,Summary star rating — Summary star rating,hcahps,True,4.0,3184.0,2024-10-01,2025-09-30,3.267357838517122,3.2663755458515285,0.595537397862979
670077,HOUSTON METHODIST WEST HOSPITAL,TX,HARRIS,True,True,Voluntary non-profit - Private,H_STAR_RATING,Summary star rating — Summary star rating,hcahps,True,4.0,2208.0,2024-10-01,2025-09-30,3.267357838517122,3.2663755458515285,0.595537397862979
450844,HOUSTON METHODIST WILLOWBROOK HOSPITAL,TX,HARRIS,True,True,Voluntary non-profit - Private,H_STAR_RATING,Summary star rating — Summary star rating,hcahps,True,4.0,2797.0,2024-10-01,2025-09-30,3.267357838517122,3.2663755458515285,0.595537397862979
45074F,HOUSTON VA MEDICAL CENTER,TX,HARRIS,True,True,Veterans Health Administration,H_STAR_RATING,Summary star rating — Summary star rating,hcahps,True,4.0,545.0,2024-10-01,2025-09-30,3.267357838517122,3.2663755458515285,0.595537397862979
450352,HUNT REGIONAL MEDICAL CENTER,TX,HUNT,True,False,Government - Hospital District or Authority,H_STAR_RATING,Summary star rating — Summary star rating,hcahps,True,3.0,686.0,2024-10-01,2025-09-30,3.267357838517122,3.2663755458515285,0.188560653676933
450347,HUNTSVILLE MEMORIAL HOSPITAL,TX,WALKER,True,False,Voluntary non-profit - Private,H_STAR_RATING,Summary star rating — Summary star rating,hcahps,True,3.0,314.0,2024-10-01,2025-09-30,3.267357838517122,3.2663755458515285,0.188560653676933
450039,JPS HEALTH NETWORK,TX,TARRANT,True,False,Government - Hospital District or Authority,H_STAR_RATING,Summary star rating — Summary star rating,hcahps,True,3.0,2442.0,2024-10-01,2025-09-30,3.267357838517122,3.2663755458515285,0.188560653676933
450128,KNAPP MEDICAL CENTER,TX,HIDALGO,True,False,Voluntary non-profit - Private,H_STAR_RATING,Summary star rating — Summary star rating,hcahps,True,3.0,418.0,2024-10-01,2025-09-30,3.267357838517122,3.2663755458515285,0.188560653676933
450596,LAKE GRANBURY MEDICAL CENTER,TX,HOOD,True,False,Proprietary,H_STAR_RATING,Summary star rating — Summary star rating,hcahps,True,2.0,449.0,2024-10-01,2025-09-30,3.267357838517122,3.2663755458515285,0.0185417976115651
450029,LAREDO MEDICAL CENTER,TX,WEBB,True,False,Proprietary,H_STAR_RATING,Summary star rating — Summary star rating,hcahps,True,2.0,386.0,2024-10-01,2025-09-30,3.267357838517122,3.2663755458515285,0.0185417976115651
450107,LAS PALMAS MEDICAL CENTER A CAMPUS OF LPDS HEALTHC,TX,EL PASO,True,False,Proprietary,H_STAR_RATING,Summary star rating — Summary star rating,hcahps,True,2.0,1372.0,2024-10-01,2025-09-30,3.267357838517122,3.2663755458515285,0.0185417976115651
670112,LEGENT ORTHOPEDIC + SPINE,TX,BEXAR,True,False,Proprietary,H_STAR_RATING,Summary star rating — Summary star rating,hcahps,True,5.0,119.0,2024-10-01,2025-09-30,3.267357838517122,3.2663755458515285,0.930546825895663
670265,LEGENT ORTHOPEDIC HOSPITAL,TX,TARRANT,True,False,Proprietary,H_STAR_RATING,Summary star rating — Summary star rating,hcahps,True,3.0,122.0,2024-10-01,2025-09-30,3.267357838517122,3.2663755458515285,0.188560653676933
450702,LONGVIEW REGIONAL MEDICAL CENTER,TX,GREGG,True,False,Proprietary,H_STAR_RATING,Summary star rating — Summary star rating,hcahps,True,3.0,719.0,2024-10-01,2025-09-30,3.267357838517122,3.2663755458515285,0.188560653676933
450876,LUBBOCK HEART HOSPITAL LP,TX,LUBBOCK,True,False,Government - Hospital District or Authority,H_STAR_RATING,Summary star rating — Summary star rating,hcahps,True,4.0,339.0,2024-10-01,2025-09-30,3.267357838517122,3.2663755458515285,0.595537397862979
450465,MATAGORDA REGIONAL MEDICAL CENTER,TX,MATAGORDA,True,False,Government - Hospital District or Authority,H_STAR_RATING,Summary star rating — Summary star rating,hcahps,True,4.0,145.0,2024-10-01,2025-09-30,3.267357838517122,3.2663755458515285,0.595537397862979
450132,MEDICAL CENTER HOSPITAL,TX,ECTOR,True,False,Government - Hospital District or Authority,H_STAR_RATING,Summary star rating — Summary star rating,hcahps,True,3.0,2131.0,2024-10-01,2025-09-30,3.267357838517122,3.2663755458515285,0.188560653676933
450403,MEDICAL CENTER OF MCKINNEY,TX,COLLIN,True,False,Proprietary,H_STAR_RATING,Summary star rating — Summary star rating,hcahps,True,3.0,688.0,2024-10-01,2025-09-30,3.267357838517122,3.2663755458515285,0.188560653676933
670103,MEDICAL CITY ALLIANCE,TX,TARRANT,True,False,Voluntary non-profit - Private,H_STAR_RATING,Summary star rating — Summary star rating,hcahps,True,3.0,669.0,2024-10-01,2025-09-30,3.267357838517122,3.2663755458515285,0.188560653676933
450675,MEDICAL CITY ARLINGTON,TX,TARRANT,True,False,Proprietary,H_STAR_RATING,Summary star rating — Summary star rating,hcahps,True,2.0,810.0,2024-10-01,2025-09-30,3.267357838517122,3.2663755458515285,0.0185417976115651
450647,MEDICAL CITY DALLAS HOSPITAL,TX,DALLAS,True,False,Proprietary,H_STAR_RATING,Summary star rating — Summary star rating,hcahps,True,2.0,1291.0,2024-10-01,2025-09-30,3.267357838517122,3.2663755458515285,0.0185417976115651
450634,MEDICAL CITY DENTON,TX,DENTON,True,False,Proprietary,H_STAR_RATING,Summary star rating — Summary star rating,hcahps,True,2.0,1338.0,2024-10-01,2025-09-30,3.267357838517122,3.2663755458515285,0.0185417976115651
450672,MEDICAL CITY FORT WORTH,TX,TARRANT,True,False,Proprietary,H_STAR_RATING,Summary star rating — Summary star rating,hcahps,True,3.0,719.0,2024-10-01,2025-09-30,3.267357838517122,3.2663755458515285,0.188560653676933
450822,MEDICAL CITY LAS COLINAS,TX,DALLAS,True,False,Proprietary,H_STAR_RATING,Summary star rating — Summary star rating,hcahps,True,2.0,531.0,2024-10-01,2025-09-30,3.267357838517122,3.2663755458515285,0.0185417976115651
450669,MEDICAL CITY LEWISVILLE,TX,DENTON,True,False,Voluntary non-profit - Private,H_STAR_RATING,Summary star rating — Summary star rating,hcahps,True,3.0,564.0,2024-10-01,2025-09-30,3.267357838517122,3.2663755458515285,0.188560653676933
450087,MEDICAL CITY NORTH HILLS,TX,TARRANT,True,False,Proprietary,H_STAR_RATING,Summary star rating — Summary star rating,hcahps,True,3.0,540.0,2024-10-01,2025-09-30,3.267357838517122,3.2663755458515285,0.188560653676933
450651,MEDICAL CITY PLANO,TX,COLLIN,True,False,Proprietary,H_STAR_RATING,Summary star rating — Summary star rating,hcahps,True,2.0,1436.0,2024-10-01,2025-09-30,3.267357838517122,3.2663755458515285,0.0185417976115651
450203,MEDICAL CITY WEATHERFORD,TX,PARKER,True,False,Proprietary,H_STAR_RATING,Summary star rating — Summary star rating,hcahps,True,3.0,700.0,2024-10-01,2025-09-30,3.267357838517122,3.2663755458515285,0.188560653676933
450068,MEMORIAL HERMANN - TEXAS MEDICAL CENTER,TX,HARRIS,True,True,Voluntary non-profit - Private,H_STAR_RATING,Summary star rating — Summary star rating,hcahps,True,3.0,2509.0,2024-10-01,2025-09-30,3.267357838517122,3.2663755458515285,0.188560653676933
450184,MEMORIAL HERMANN HOSPITAL SYSTEM,TX,HARRIS,True,True,Voluntary non-profit - Private,H_STAR_RATING,Summary star rating — Summary star rating,hcahps,True,3.0,2132.0,2024-10-01,2025-09-30,3.267357838517122,3.2663755458515285,0.188560653676933
670008,MEMORIAL HERMANN HOUSTON PHYSICIANS HOSPITAL,TX,HARRIS,True,True,Physician,H_STAR_RATING,Summary star rating — Summary star rating,hcahps,True,5.0,192.0,2024-10-01,2025-09-30,3.267357838517122,3.2663755458515285,0.930546825895663
450847,MEMORIAL HERMANN KATY HOSPITAL,TX,FORT BEND,True,True,Voluntary non-profit - Private,H_STAR_RATING,Summary star rating — Summary star rating,hcahps,True,3.0,784.0,2024-10-01,2025-09-30,3.267357838517122,3.2663755458515285,0.188560653676933
450610,MEMORIAL HERMANN MEMORIAL CITY HOSPITAL,TX,HARRIS,True,True,Voluntary non-profit - Private,H_STAR_RATING,Summary star rating — Summary star rating,hcahps,True,3.0,902.0,2024-10-01,2025-09-30,3.267357838517122,3.2663755458515285,0.188560653676933
450684,MEMORIAL HERMANN NORTHEAST HOSPITAL,TX,HARRIS,True,True,Voluntary non-profit - Private,H_STAR_RATING,Summary star rating — Summary star rating,hcahps,True,3.0,619.0,2024-10-01,2025-09-30,3.267357838517122,3.2663755458515285,0.188560653676933
450848,MEMORIAL HERMANN SUGAR LAND HOSPITAL,TX,FORT BEND,True,True,Voluntary non-profit - Private,H_STAR_RATING,Summary star rating — Summary star rating,hcahps,True,3.0,851.0,2024-10-01,2025-09-30,3.267357838517122,3.2663755458515285,0.188560653676933
450723,METHODIST CHARLTON MEDICAL CENTER,TX,DALLAS,True,False,Voluntary non-profit - Private,H_STAR_RATING,Summary star rating — Summary star rating,hcahps,True,3.0,861.0,2024-10-01,2025-09-30,3.267357838517122,3.2663755458515285,0.188560653676933
450051,METHODIST DALLAS MEDICAL CENTER,TX,DALLAS,True,False,Voluntary non-profit - Other,H_STAR_RATING,Summary star rating — Summary star rating,hcahps,True,3.0,1126.0,2024-10-01,2025-09-30,3.267357838517122,3.2663755458515285,0.188560653676933
450388,METHODIST HOSPITAL,TX,BEXAR,True,False,Proprietary,H_STAR_RATING,Summary star rating — Summary star rating,hcahps,True,3.0,4150.0,2024-10-01,2025-09-30,3.267357838517122,3.2663755458515285,0.188560653676933
670055,METHODIST HOSPITAL  STONE OAK,TX,BEXAR,True,False,Proprietary,H_STAR_RATING,Summary star rating — Summary star rating,hcahps,True,3.0,682.0,2024-10-01,2025-09-30,3.267357838517122,3.2663755458515285,0.188560653676933
450165,METHODIST HOSPITAL ATASCOSA,TX,ATASCOSA,True,False,Proprietary,H_STAR_RATING,Summary star rating — Summary star rating,hcahps,True,3.0,139.0,2024-10-01,2025-09-30,3.267357838517122,3.2663755458515285,0.188560653676933
670073,METHODIST HOSPITAL FOR SURGERY,TX,DALLAS,True,False,Proprietary,H_STAR_RATING,Summary star rating — Summary star rating,hcahps,True,4.0,392.0,2024-10-01,2025-09-30,3.267357838517122,3.2663755458515285,0.595537397862979
670023,METHODIST MANSFIELD MEDICAL CENTER,TX,TARRANT,True,False,Voluntary non-profit - Private,H_STAR_RATING,Summary star rating — Summary star rating,hcahps,True,4.0,1371.0,2024-10-01,2025-09-30,3.267357838517122,3.2663755458515285,0.595537397862979
670300,METHODIST MIDLOTHIAN MEDICAL CENTER,TX,ELLIS,True,False,Voluntary non-profit - Private,H_STAR_RATING,Summary star rating — Summary star rating,hcahps,True,4.0,382.0,2024-10-01,2025-09-30,3.267357838517122,3.2663755458515285,0.595537397862979
450537,METHODIST RICHARDSON MEDICAL CENTER,TX,COLLIN,True,False,Voluntary non-profit - Private,H_STAR_RATING,Summary star rating — Summary star rating,hcahps,True,4.0,1275.0,2024-10-01,2025-09-30,3.267357838517122,3.2663755458515285,0.595537397862979
670132,METHODIST SOUTHLAKE MEDICAL CENTER,TX,TARRANT,True,False,Proprietary,H_STAR_RATING,Summary star rating — Summary star rating,hcahps,True,5.0,111.0,2024-10-01,2025-09-30,3.267357838517122,3.2663755458515285,0.930546825895663
450133,MIDLAND MEMORIAL HOSPITAL,TX,MIDLAND,True,False,Government - Hospital District or Authority,H_STAR_RATING,Summary star rating — Summary star rating,hcahps,True,3.0,783.0,2024-10-01,2025-09-30,3.267357838517122,3.2663755458515285,0.188560653676933
450176,MISSION REGIONAL MEDICAL CENTER,TX,HIDALGO,True,False,Voluntary non-profit - Private,H_STAR_RATING,Summary star rating — Summary star rating,hcahps,True,3.0,531.0,2024-10-01,2025-09-30,3.267357838517122,3.2663755458515285,0.188560653676933
450656,NACOGDOCHES MEDICAL CENTER,TX,NACOGDOCHES,True,False,Voluntary non-profit - Other,H_STAR_RATING,Summary star rating — Summary star rating,hcahps,True,4.0,629.0,2024-10-01,2025-09-30,3.267357838517122,3.2663755458515285,0.595537397862979
450508,NACOGDOCHES MEMORIAL HOSPITAL,TX,NACOGDOCHES,True,False,Proprietary,H_STAR_RATING,Summary star rating — Summary star rating,hcahps,True,3.0,142.0,2024-10-01,2025-09-30,3.267357838517122,3.2663755458515285,0.188560653676933
450447,NAVARRO REGIONAL HOSPITAL,TX,NAVARRO,True,False,Government - Hospital District or Authority,H_STAR_RATING,Summary star rating — Summary star rating,hcahps,True,3.0,213.0,2024-10-01,2025-09-30,3.267357838517122,3.2663755458515285,0.188560653676933
450809,NORTH AUSTIN MEDICAL CENTER,TX,TRAVIS,True,False,Proprietary,H_STAR_RATING,Summary star rating — Summary star rating,hcahps,True,2.0,1005.0,2024-10-01,2025-09-30,3.267357838517122,3.2663755458515285,0.0185417976115651
670049,NORTH CENTRAL SURGICAL CENTER LLP,TX,DALLAS,True,False,Voluntary non-profit - Other,H_STAR_RATING,Summary star rating — Summary star rating,hcahps,True,4.0,361.0,2024-10-01,2025-09-30,3.267357838517122,3.2663755458515285,0.595537397862979
450090,NORTH TEXAS MEDICAL CENTER,TX,COOKE,True,False,Voluntary non-profit - Private,H_STAR_RATING,Summary star rating — Summary star rating,hcahps,True,4.0,300.0,2024-10-01,2025-09-30,3.267357838517122,3.2663755458515285,0.595537397862979
450209,NORTHWEST TEXAS HOSPITAL,TX,POTTER,True,False,Voluntary non-profit - Private,H_STAR_RATING,Summary star rating — Summary star rating,hcahps,True,3.0,671.0,2024-10-01,2025-09-30,3.267357838517122,3.2663755458515285,0.188560653676933
450330,OAKBEND MEDICAL CENTER,TX,FORT BEND,True,True,Government - Hospital District or Authority,H_STAR_RATING,Summary star rating — Summary star rating,hcahps,True,2.0,227.0,2024-10-01,2025-09-30,3.267357838517122,3.2663755458515285,0.0185417976115651
450661,ODESSA REGIONAL MEDICAL CENTER,TX,ECTOR,True,False,Proprietary,H_STAR_RATING,Summary star rating — Summary star rating,hcahps,True,2.0,304.0,2024-10-01,2025-09-30,3.267357838517122,3.2663755458515285,0.0185417976115651
450747,PALESTINE REGIONAL MEDICAL CENTER,TX,ANDERSON,True,False,Proprietary,H_STAR_RATING,Summary star rating — Summary star rating,hcahps,True,3.0,217.0,2024-10-01,2025-09-30,3.267357838517122,3.2663755458515285,0.188560653676933
450565,PALO PINTO GENERAL HOSPITAL,TX,PALO PINTO,True,False,Government - Hospital District or Authority,H_STAR_RATING,Summary star rating — Summary star rating,hcahps,True,3.0,127.0,2024-10-01,2025-09-30,3.267357838517122,3.2663755458515285,0.188560653676933
450196,PARIS REGIONAL MEDICAL CENTER,TX,LAMAR,True,False,Proprietary,H_STAR_RATING,Summary star rating — Summary star rating,hcahps,True,2.0,1114.0,2024-10-01,2025-09-30,3.267357838517122,3.2663755458515285,0.0185417976115651
450015,PARKLAND HEALTH & HOSPITAL SYSTEM,TX,DALLAS,True,False,Government - Hospital District or Authority,H_STAR_RATING,Summary star rating — Summary star rating,hcahps,True,3.0,1989.0,2024-10-01,2025-09-30,3.267357838517122,3.2663755458515285,0.188560653676933
450007,PETERSON REGIONAL MEDICAL CENTER,TX,KERR,True,False,Voluntary non-profit - Private,H_STAR_RATING,Summary star rating — Summary star rating,hcahps,True,4.0,779.0,2024-10-01,2025-09-30,3.267357838517122,3.2663755458515285,0.595537397862979
450834,"PHYSICIANS CENTRE,THE",TX,BRAZOS,True,False,Proprietary,H_STAR_RATING,Summary star rating — Summary star rating,hcahps,True,5.0,199.0,2024-10-01,2025-09-30,3.267357838517122,3.2663755458515285,0.930546825895663
450875,QUAIL CREEK SURGICAL HOSPITAL,TX,POTTER,True,False,Proprietary,H_STAR_RATING,Summary star rating — Summary star rating,hcahps,True,5.0,260.0,2024-10-01,2025-09-30,3.267357838517122,3.2663755458515285,0.930546825895663
670098,RESOLUTE HEALTH HOSPITAL,TX,COMAL,True,False,Proprietary,H_STAR_RATING,Summary star rating — Summary star rating,hcahps,True,3.0,784.0,2024-10-01,2025-09-30,3.267357838517122,3.2663755458515285,0.188560653676933
450711,RIO GRANDE REGIONAL HOSPITAL,TX,HIDALGO,True,False,Proprietary,H_STAR_RATING,Summary star rating — Summary star rating,hcahps,True,2.0,527.0,2024-10-01,2025-09-30,3.267357838517122,3.2663755458515285,0.0185417976115651
450055,ROLLING PLAINS MEMORIAL HOSPITAL,TX,NOLAN,True,False,Government - Hospital District or Authority,H_STAR_RATING,Summary star rating — Summary star rating,hcahps,True,4.0,118.0,2024-10-01,2025-09-30,3.267357838517122,3.2663755458515285,0.595537397862979
450718,ROUND ROCK MEDICAL CENTER,TX,WILLIAMSON,True,False,Proprietary,H_STAR_RATING,Summary star rating — Summary star rating,hcahps,True,3.0,902.0,2024-10-01,2025-09-30,3.267357838517122,3.2663755458515285,0.188560653676933
45090F,SAN ANTONIO VA MEDICAL CENTER (VA SOUTH TEXAS HEALTHCARE SYSTEM),TX,BEXAR,True,False,Veterans Health Administration,H_STAR_RATING,Summary star rating — Summary star rating,hcahps,True,4.0,621.0,2024-10-01,2025-09-30,3.267357838517122,3.2663755458515285,0.595537397862979
670080,SETON MEDICAL CENTER HARKER HEIGHTS,TX,BELL,True,False,Proprietary,H_STAR_RATING,Summary star rating — Summary star rating,hcahps,True,4.0,455.0,2024-10-01,2025-09-30,3.267357838517122,3.2663755458515285,0.595537397862979
450571,SHANNON MEDICAL CENTER,TX,TOM GREEN,True,False,Voluntary non-profit - Private,H_STAR_RATING,Summary star rating — Summary star rating,hcahps,True,3.0,483.0,2024-10-01,2025-09-30,3.267357838517122,3.2663755458515285,0.188560653676933
450668,SIERRA MEDICAL CENTER,TX,EL PASO,True,False,Proprietary,H_STAR_RATING,Summary star rating — Summary star rating,hcahps,True,2.0,1319.0,2024-10-01,2025-09-30,3.267357838517122,3.2663755458515285,0.0185417976115651
450119,SOUTH TEXAS HEALTH SYSTEM,TX,HIDALGO,True,False,Proprietary,H_STAR_RATING,Summary star rating — Summary star rating,hcahps,True,2.0,1529.0,2024-10-01,2025-09-30,3.267357838517122,3.2663755458515285,0.0185417976115651
450856,SOUTH TEXAS SPINE AND SURGICAL HOSPITAL,TX,BEXAR,True,False,Physician,H_STAR_RATING,Summary star rating — Summary star rating,hcahps,True,4.0,291.0,2024-10-01,2025-09-30,3.267357838517122,3.2663755458515285,0.595537397862979
450431,ST DAVID'S MEDICAL CENTER,TX,TRAVIS,True,False,Proprietary,H_STAR_RATING,Summary star rating — Summary star rating,hcahps,True,3.0,1827.0,2024-10-01,2025-09-30,3.267357838517122,3.2663755458515285,0.188560653676933
450713,ST DAVID'S SOUTH AUSTIN MEDICAL CENTER,TX,TRAVIS,True,False,Proprietary,H_STAR_RATING,Summary star rating — Summary star rating,hcahps,True,3.0,574.0,2024-10-01,2025-09-30,3.267357838517122,3.2663755458515285,0.188560653676933
450035,ST JOSEPH MEDICAL CENTER,TX,HARRIS,True,True,Physician,H_STAR_RATING,Summary star rating — Summary star rating,hcahps,True,2.0,267.0,2024-10-01,2025-09-30,3.267357838517122,3.2663755458515285,0.0185417976115651
670075,ST LUKE'S HOSPITAL AT THE VINTAGE,TX,HARRIS,True,True,Voluntary non-profit - Private,H_STAR_RATING,Summary star rating — Summary star rating,hcahps,True,3.0,432.0,2024-10-01,2025-09-30,3.267357838517122,3.2663755458515285,0.188560653676933
670031,ST LUKE'S PATIENTS MEDICAL CENTER,TX,HARRIS,True,True,Proprietary,H_STAR_RATING,Summary star rating — Summary star rating,hcahps,True,2.0,389.0,2024-10-01,2025-09-30,3.267357838517122,3.2663755458515285,0.0185417976115651
670053,ST LUKE'S SUGAR LAND HOSPITAL,TX,FORT BEND,True,True,Voluntary non-profit - Private,H_STAR_RATING,Summary star rating — Summary star rating,hcahps,True,2.0,317.0,2024-10-01,2025-09-30,3.267357838517122,3.2663755458515285,0.0185417976115651
450862,ST LUKE'S THE WOODLANDS HOSPITAL,TX,MONTGOMERY,True,True,Voluntary non-profit - Private,H_STAR_RATING,Summary star rating — Summary star rating,hcahps,True,4.0,452.0,2024-10-01,2025-09-30,3.267357838517122,3.2663755458515285,0.595537397862979
45086F,TEMPLE VA MEDICAL CENTER (VA CENTRAL TEXAS HEALTHCARE SYSTEM),TX,BELL,True,False,Veterans Health Administration,H_STAR_RATING,Summary star rating — Summary star rating,hcahps,True,4.0,480.0,2024-10-01,2025-09-30,3.267357838517122,3.2663755458515285,0.595537397862979
450064,TEXAS HEALTH ARLINGTON MEMORIAL HOSPITAL,TX,TARRANT,True,False,Voluntary non-profit - Private,H_STAR_RATING,Summary star rating — Summary star rating,hcahps,True,3.0,889.0,2024-10-01,2025-09-30,3.267357838517122,3.2663755458515285,0.188560653676933
450891,TEXAS HEALTH CENTER FOR DIAGNOSTICS & SURGERY PLAN,TX,COLLIN,True,False,Physician,H_STAR_RATING,Summary star rating — Summary star rating,hcahps,True,4.0,126.0,2024-10-01,2025-09-30,3.267357838517122,3.2663755458515285,0.595537397862979
450135,TEXAS HEALTH HARRIS METHODIST FORT WORTH,TX,TARRANT,True,False,Voluntary non-profit - Private,H_STAR_RATING,Summary star rating — Summary star rating,hcahps,True,3.0,3735.0,2024-10-01,2025-09-30,3.267357838517122,3.2663755458515285,0.188560653676933
670085,TEXAS HEALTH HARRIS METHODIST HOSPITAL ALLIANCE,TX,TARRANT,True,False,Voluntary non-profit - Private,H_STAR_RATING,Summary star rating — Summary star rating,hcahps,True,3.0,650.0,2024-10-01,2025-09-30,3.267357838517122,3.2663755458515285,0.188560653676933
450419,TEXAS HEALTH HARRIS METHODIST HOSPITAL AZLE,TX,TARRANT,True,False,Voluntary non-profit - Private,H_STAR_RATING,Summary star rating — Summary star rating,hcahps,True,3.0,196.0,2024-10-01,2025-09-30,3.267357838517122,3.2663755458515285,0.188560653676933
450148,TEXAS HEALTH HARRIS METHODIST HOSPITAL CLEBURNE,TX,JOHNSON,True,False,Voluntary non-profit - Private,H_STAR_RATING,Summary star rating — Summary star rating,hcahps,True,4.0,327.0,2024-10-01,2025-09-30,3.267357838517122,3.2663755458515285,0.595537397862979
450888,TEXAS HEALTH HARRIS METHODIST HOSPITAL SOUTHLAKE,TX,TARRANT,True,False,Proprietary,H_STAR_RATING,Summary star rating — Summary star rating,hcahps,True,4.0,147.0,2024-10-01,2025-09-30,3.267357838517122,3.2663755458515285,0.595537397862979
450779,TEXAS HEALTH HARRIS METHODIST HOSPITAL SOUTHWEST F,TX,TARRANT,True,False,Voluntary non-profit - Private,H_STAR_RATING,Summary star rating — Summary star rating,hcahps,True,4.0,1609.0,2024-10-01,2025-09-30,3.267357838517122,3.2663755458515285,0.595537397862979
450351,TEXAS HEALTH HARRIS METHODIST HOSPITAL STEPHENVILL,TX,ERATH,True,False,Voluntary non-profit - Private,H_STAR_RATING,Summary star rating — Summary star rating,hcahps,True,4.0,190.0,2024-10-01,2025-09-30,3.267357838517122,3.2663755458515285,0.595537397862979
450639,TEXAS HEALTH HARRIS METHODIST HURST-EULESS-BEDFORD,TX,TARRANT,True,False,Voluntary non-profit - Private,H_STAR_RATING,Summary star rating — Summary star rating,hcahps,True,3.0,1005.0,2024-10-01,2025-09-30,3.267357838517122,3.2663755458515285,0.188560653676933
670071,TEXAS HEALTH HEART & VASCULAR HOSPITAL ARLINGTON,TX,TARRANT,True,False,Physician,H_STAR_RATING,Summary star rating — Summary star rating,hcahps,True,4.0,297.0,2024-10-01,2025-09-30,3.267357838517122,3.2663755458515285,0.595537397862979
670260,TEXAS HEALTH HOSPITAL FRISCO,TX,DENTON,True,False,Voluntary non-profit - Private,H_STAR_RATING,Summary star rating — Summary star rating,hcahps,True,3.0,746.0,2024-10-01,2025-09-30,3.267357838517122,3.2663755458515285,0.188560653676933
670309,TEXAS HEALTH HOSPITAL MANSFIELD,TX,TARRANT,True,False,Voluntary non-profit - Private,H_STAR_RATING,Summary star rating — Summary star rating,hcahps,True,4.0,186.0,2024-10-01,2025-09-30,3.267357838517122,3.2663755458515285,0.595537397862979
450677,TEXAS HEALTH HUGULEY HOSPITAL FORT WORTH SOUTH,TX,TARRANT,True,False,Voluntary non-profit - Private,H_STAR_RATING,Summary star rating — Summary star rating,hcahps,True,3.0,1449.0,2024-10-01,2025-09-30,3.267357838517122,3.2663755458515285,0.188560653676933
450840,TEXAS HEALTH PRESBYTERIAN HOSPITAL ALLEN,TX,COLLIN,True,False,Voluntary non-profit - Private,H_STAR_RATING,Summary star rating — Summary star rating,hcahps,True,4.0,563.0,2024-10-01,2025-09-30,3.267357838517122,3.2663755458515285,0.595537397862979
450462,TEXAS HEALTH PRESBYTERIAN HOSPITAL DALLAS,TX,DALLAS,True,False,Voluntary non-profit - Private,H_STAR_RATING,Summary star rating — Summary star rating,hcahps,True,3.0,1857.0,2024-10-01,2025-09-30,3.267357838517122,3.2663755458515285,0.188560653676933
450743,TEXAS HEALTH PRESBYTERIAN HOSPITAL DENTON,TX,DENTON,True,False,Voluntary non-profit - Private,H_STAR_RATING,Summary star rating — Summary star rating,hcahps,True,4.0,1027.0,2024-10-01,2025-09-30,3.267357838517122,3.2663755458515285,0.595537397862979
670068,TEXAS HEALTH PRESBYTERIAN HOSPITAL FLOWER MOUND,TX,DENTON,True,False,Proprietary,H_STAR_RATING,Summary star rating — Summary star rating,hcahps,True,4.0,958.0,2024-10-01,2025-09-30,3.267357838517122,3.2663755458515285,0.595537397862979
450292,TEXAS HEALTH PRESBYTERIAN HOSPITAL KAUFMAN,TX,KAUFMAN,True,False,Voluntary non-profit - Private,H_STAR_RATING,Summary star rating — Summary star rating,hcahps,True,4.0,141.0,2024-10-01,2025-09-30,3.267357838517122,3.2663755458515285,0.595537397862979
450771,TEXAS HEALTH PRESBYTERIAN HOSPITAL PLANO,TX,COLLIN,True,False,Voluntary non-profit - Private,H_STAR_RATING,Summary star rating — Summary star rating,hcahps,True,3.0,1447.0,2024-10-01,2025-09-30,3.267357838517122,3.2663755458515285,0.188560653676933
670044,TEXAS HEALTH PRESBYTERIAN HOSPITAL ROCKWALL,TX,ROCKWALL,True,False,Proprietary,H_STAR_RATING,Summary star rating — Summary star rating,hcahps,True,4.0,898.0,2024-10-01,2025-09-30,3.267357838517122,3.2663755458515285,0.595537397862979
450889,TEXAS INSTITUTE FOR SURGERY AT PRESBYTERIAN HOSPIT,TX,DALLAS,True,False,Physician,H_STAR_RATING,Summary star rating — Summary star rating,hcahps,True,5.0,124.0,2024-10-01,2025-09-30,3.267357838517122,3.2663755458515285,0.930546825895663
450804,TEXAS ORTHOPEDIC HOSPITAL,TX,HARRIS,True,True,Voluntary non-profit - Other,H_STAR_RATING,Summary star rating — Summary star rating,hcahps,True,4.0,429.0,2024-10-01,2025-09-30,3.267357838517122,3.2663755458515285,0.595537397862979
450324,TEXOMA MEDICAL CENTER,TX,GRAYSON,True,False,Proprietary,H_STAR_RATING,Summary star rating — Summary star rating,hcahps,True,3.0,622.0,2024-10-01,2025-09-30,3.267357838517122,3.2663755458515285,0.188560653676933
450893,THE HEART HOSPITAL BAYLOR DENTON,TX,DENTON,True,False,Physician,H_STAR_RATING,Summary star rating — Summary star rating,hcahps,True,4.0,349.0,2024-10-01,2025-09-30,3.267357838517122,3.2663755458515285,0.595537397862979
670006,THE HOSPITAL AT WESTLAKE MEDICAL CENTER,TX,TRAVIS,True,False,Physician,H_STAR_RATING,Summary star rating — Summary star rating,hcahps,True,3.0,143.0,2024-10-01,2025-09-30,3.267357838517122,3.2663755458515285,0.188560653676933
670047,THE HOSPITALS OF PROVIDENCE - EAST CAMPUS,TX,EL PASO,True,False,Proprietary,H_STAR_RATING,Summary star rating — Summary star rating,hcahps,True,2.0,894.0,2024-10-01,2025-09-30,3.267357838517122,3.2663755458515285,0.0185417976115651
450002,THE HOSPITALS OF PROVIDENCE - MEMORIAL CAMPUS,TX,EL PASO,True,False,Proprietary,H_STAR_RATING,Summary star rating — Summary star rating,hcahps,True,2.0,541.0,2024-10-01,2025-09-30,3.267357838517122,3.2663755458515285,0.0185417976115651
670120,THE HOSPITALS OF PROVIDENCE TRANSMOUNTAIN CAMPUS,TX,EL PASO,True,False,Proprietary,H_STAR_RATING,Summary star rating — Summary star rating,hcahps,True,2.0,731.0,2024-10-01,2025-09-30,3.267357838517122,3.2663755458515285,0.0185417976115651
450518,THE MEDICAL CENTER OF SOUTHEAST TEXAS,TX,JEFFERSON,True,False,Physician,H_STAR_RATING,Summary star rating — Summary star rating,hcahps,True,3.0,308.0,2024-10-01,2025-09-30,3.267357838517122,3.2663755458515285,0.188560653676933
450080,TITUS REGIONAL MEDICAL CENTER,TX,TITUS,True,False,Government - Hospital District or Authority,H_STAR_RATING,Summary star rating — Summary star rating,hcahps,True,4.0,437.0,2024-10-01,2025-09-30,3.267357838517122,3.2663755458515285,0.595537397862979
450774,TOPS SURGICAL SPECIALTY HOSPITAL,TX,HARRIS,True,True,Physician,H_STAR_RATING,Summary star rating — Summary star rating,hcahps,True,4.0,129.0,2024-10-01,2025-09-30,3.267357838517122,3.2663755458515285,0.595537397862979
450010,UNITED REGIONAL HEALTH CARE SYSTEM,TX,WICHITA,True,False,Voluntary non-profit - Private,H_STAR_RATING,Summary star rating — Summary star rating,hcahps,True,4.0,488.0,2024-10-01,2025-09-30,3.267357838517122,3.2663755458515285,0.595537397862979
450213,UNIVERSITY HEALTH SYSTEM,TX,BEXAR,True,False,Government - Hospital District or Authority,H_STAR_RATING,Summary star rating — Summary star rating,hcahps,True,4.0,2347.0,2024-10-01,2025-09-30,3.267357838517122,3.2663755458515285,0.595537397862979
450686,UNIVERSITY MEDICAL CENTER,TX,LUBBOCK,True,False,Government - Hospital District or Authority,H_STAR_RATING,Summary star rating — Summary star rating,hcahps,True,3.0,601.0,2024-10-01,2025-09-30,3.267357838517122,3.2663755458515285,0.188560653676933
450024,UNIVERSITY MEDICAL CENTER OF EL PASO,TX,EL PASO,True,False,Physician,H_STAR_RATING,Summary star rating — Summary star rating,hcahps,True,3.0,2426.0,2024-10-01,2025-09-30,3.267357838517122,3.2663755458515285,0.188560653676933
450690,UNIVERSITY OF TEXAS HEALTH SCIENCE CENTER AT TYLER,TX,SMITH,True,False,Government - State,H_STAR_RATING,Summary star rating — Summary star rating,hcahps,True,5.0,142.0,2024-10-01,2025-09-30,3.267357838517122,3.2663755458515285,0.930546825895663
450018,UNIVERSITY OF TEXAS MEDICAL BRANCH GALVESTON,TX,GALVESTON,True,True,Government - State,H_STAR_RATING,Summary star rating — Summary star rating,hcahps,True,3.0,1536.0,2024-10-01,2025-09-30,3.267357838517122,3.2663755458515285,0.188560653676933
450872,USMD HOSPITAL AT ARLINGTON L P,TX,TARRANT,True,False,Physician,H_STAR_RATING,Summary star rating — Summary star rating,hcahps,True,3.0,131.0,2024-10-01,2025-09-30,3.267357838517122,3.2663755458515285,0.188560653676933
450389,UT HEALTH EAST TEXAS ATHENS HOSPITAL,TX,HENDERSON,True,False,Proprietary,H_STAR_RATING,Summary star rating — Summary star rating,hcahps,True,4.0,322.0,2024-10-01,2025-09-30,3.267357838517122,3.2663755458515285,0.595537397862979
450475,UT HEALTH EAST TEXAS HENDERSON HOSPITAL,TX,RUSK,True,False,Proprietary,H_STAR_RATING,Summary star rating — Summary star rating,hcahps,True,4.0,129.0,2024-10-01,2025-09-30,3.267357838517122,3.2663755458515285,0.595537397862979
450194,UT HEALTH EAST TEXAS JACKSONVILLE HOSPITAL,TX,CHEROKEE,True,False,Proprietary,H_STAR_RATING,Summary star rating — Summary star rating,hcahps,True,4.0,149.0,2024-10-01,2025-09-30,3.267357838517122,3.2663755458515285,0.595537397862979
451367,UT HEALTH EAST TEXAS PITTSBURG HOSPITAL,TX,CAMP,True,False,Proprietary,H_STAR_RATING,Summary star rating — Summary star rating,hcahps,True,5.0,149.0,2024-10-01,2025-09-30,3.267357838517122,3.2663755458515285,0.930546825895663
451380,UT HEALTH EAST TEXAS QUITMAN HOSPITAL,TX,WOOD,True,False,Voluntary non-profit - Other,H_STAR_RATING,Summary star rating — Summary star rating,hcahps,True,4.0,150.0,2024-10-01,2025-09-30,3.267357838517122,3.2663755458515285,0.595537397862979
450083,UT HEALTH EAST TEXAS TYLER REGIONAL HOSPITAL,TX,SMITH,True,False,Proprietary,H_STAR_RATING,Summary star rating — Summary star rating,hcahps,True,2.0,1615.0,2024-10-01,2025-09-30,3.267357838517122,3.2663755458515285,0.0185417976115651
450044,UT OF TEXAS  SOUTHWESTERN UNIVERSITY HOSPITAL - WILLIAM P. CLEMENTS JR.,TX,DALLAS,True,False,Government - State,H_STAR_RATING,Summary star rating — Summary star rating,hcahps,True,4.0,3378.0,2024-10-01,2025-09-30,3.267357838517122,3.2663755458515285,0.595537397862979
451387,UVALDE MEMORIAL HOSPITAL,TX,UVALDE,True,False,Government - Hospital District or Authority,H_STAR_RATING,Summary star rating — Summary star rating,hcahps,True,4.0,172.0,2024-10-01,2025-09-30,3.267357838517122,3.2663755458515285,0.595537397862979
45060F,VA AMARILLO HEALTHCARE SYSTEM,TX,POTTER,True,False,Veterans Health Administration,H_STAR_RATING,Summary star rating — Summary star rating,hcahps,True,4.0,481.0,2024-10-01,2025-09-30,3.267357838517122,3.2663755458515285,0.595537397862979
450154,VAL VERDE REGIONAL MEDICAL CENTER,TX,VAL VERDE,True,False,Government - Hospital District or Authority,H_STAR_RATING,Summary star rating — Summary star rating,hcahps,True,3.0,103.0,2024-10-01,2025-09-30,3.267357838517122,3.2663755458515285,0.188560653676933
450028,VALLEY BAPTIST MEDICAL CENTER- BROWNSVILLE,TX,CAMERON,True,False,Proprietary,H_STAR_RATING,Summary star rating — Summary star rating,hcahps,True,2.0,428.0,2024-10-01,2025-09-30,3.267357838517122,3.2663755458515285,0.0185417976115651
450662,VALLEY REGIONAL MEDICAL CENTER,TX,CAMERON,True,False,Proprietary,H_STAR_RATING,Summary star rating — Summary star rating,hcahps,True,2.0,809.0,2024-10-01,2025-09-30,3.267357838517122,3.2663755458515285,0.0185417976115651
450033,VHS HARLINGEN HOSPITAL COMPANY LLC,TX,CAMERON,True,False,Proprietary,H_STAR_RATING,Summary star rating — Summary star rating,hcahps,True,2.0,727.0,2024-10-01,2025-09-30,3.267357838517122,3.2663755458515285,0.0185417976115651
45068F,William Beaumont AMG (FT Bliss),TX,EL PASO,True,False,Department of Defense,H_STAR_RATING,Summary star rating — Summary star rating,hcahps,True,5.0,723.0,2024-10-01,2025-09-30,3.267357838517122,3.2663755458515285,0.930546825895663
450469,WILSON N JONES REGIONAL MEDICAL CENTER,TX,GRAYSON,True,False,Proprietary,H_STAR_RATING,Summary star rating — Summary star rating,hcahps,True,3.0,167.0,2024-10-01,2025-09-30,3.267357838517122,3.2663755458515285,0.188560653676933
450674,"WOMANS HOSPITAL OF TEXAS,THE",TX,HARRIS,True,True,Proprietary,H_STAR_RATING,Summary star rating — Summary star rating,hcahps,True,3.0,920.0,2024-10-01,2025-09-30,3.267357838517122,3.2663755458515285,0.188560653676933
450484,WOODLAND HEIGHTS MEDICAL CENTER,TX,ANGELINA,True,False,Proprietary,H_STAR_RATING,Summary star rating — Summary star rating,hcahps,True,2.0,424.0,2024-10-01,2025-09-30,3.267357838517122,3.2663755458515285,0.0185417976115651
670056,ASCENSION  SETON HAYS,TX,HAYS,True,False,Voluntary non-profit - Private,HAI_1_SIR,Central Line Associated Bloodstream Infection (ICU + select Wards),hai,False,0.612,,2024-10-01,2025-09-30,0.5847644628099173,0.5239735099337748,0.616020671834625
450042,ASCENSION PROVIDENCE,TX,MC LENNAN,True,False,Voluntary non-profit - Private,HAI_1_SIR,Central Line Associated Bloodstream Infection (ICU + select Wards),hai,False,0.306,,2024-10-01,2025-09-30,0.5847644628099173,0.5239735099337748,0.344702842377261
450056,ASCENSION SETON MEDICAL CENTER AUSTIN,TX,TRAVIS,True,False,Voluntary non-profit - Private,HAI_1_SIR,Central Line Associated Bloodstream Infection (ICU + select Wards),hai,False,0.535,,2024-10-01,2025-09-30,0.5847644628099173,0.5239735099337748,0.544702842377261
450867,ASCENSION SETON NORTHWEST,TX,TRAVIS,True,False,Voluntary non-profit - Private,HAI_1_SIR,Central Line Associated Bloodstream Infection (ICU + select Wards),hai,False,0.0,,2024-10-01,2025-09-30,0.5847644628099173,0.5239735099337748,0.0
670041,ASCENSION SETON WILLIAMSON,TX,WILLIAMSON,True,False,Voluntary non-profit - Private,HAI_1_SIR,Central Line Associated Bloodstream Infection (ICU + select Wards),hai,False,1.291,,2024-10-01,2025-09-30,0.5847644628099173,0.5239735099337748,0.915762273901809
450346,BAPTIST BEAUMONT HOSPITAL,TX,JEFFERSON,True,False,Voluntary non-profit - Private,HAI_1_SIR,Central Line Associated Bloodstream Infection (ICU + select Wards),hai,False,0.173,,2024-10-01,2025-09-30,0.5847644628099173,0.5239735099337748,0.247545219638243
450058,BAPTIST MEDICAL CENTER,TX,BEXAR,True,False,Proprietary,HAI_1_SIR,Central Line Associated Bloodstream Infection (ICU + select Wards),hai,False,0.327,,2024-10-01,2025-09-30,0.5847644628099173,0.5239735099337748,0.360206718346253
450563,BAYLOR SCOTT & WHITE MEDICAL CENTER  GRAPEVINE,TX,TARRANT,True,False,Voluntary non-profit - Private,HAI_1_SIR,Central Line Associated Bloodstream Infection (ICU + select Wards),hai,False,0.554,,2024-10-01,2025-09-30,0.5847644628099173,0.5239735099337748,0.55968992248062
670034,BAYLOR SCOTT & WHITE MEDICAL CENTER - ROUND ROCK,TX,WILLIAMSON,True,False,Voluntary non-profit - Private,HAI_1_SIR,Central Line Associated Bloodstream Infection (ICU + select Wards),hai,False,0.0,,2024-10-01,2025-09-30,0.5847644628099173,0.5239735099337748,0.0
450054,BAYLOR SCOTT & WHITE MEDICAL CENTER - TEMPLE,TX,BELL,True,False,Voluntary non-profit - Private,HAI_1_SIR,Central Line Associated Bloodstream Infection (ICU + select Wards),hai,False,0.51,,2024-10-01,2025-09-30,0.5847644628099173,0.5239735099337748,0.521963824289406
450079,BAYLOR SCOTT & WHITE MEDICAL CENTER AT IRVING,TX,DALLAS,True,False,Voluntary non-profit - Private,HAI_1_SIR,Central Line Associated Bloodstream Infection (ICU + select Wards),hai,False,1.187,,2024-10-01,2025-09-30,0.5847644628099173,0.5239735099337748,0.896640826873385
450101,BAYLOR SCOTT & WHITE MEDICAL CENTER HILLCREST,TX,MC LENNAN,True,False,Voluntary non-profit - Private,HAI_1_SIR,Central Line Associated Bloodstream Infection (ICU + select Wards),hai,False,0.371,,2024-10-01,2025-09-30,0.5847644628099173,0.5239735099337748,0.396382428940568
450890,BAYLOR SCOTT & WHITE MEDICAL CENTER PLANO,TX,COLLIN,True,False,Voluntary non-profit - Other,HAI_1_SIR,Central Line Associated Bloodstream Infection (ICU + select Wards),hai,False,0.251,,2024-10-01,2025-09-30,0.5847644628099173,0.5239735099337748,0.30077519379845
670088,BAYLOR SCOTT & WHITE MEDICAL CENTER- COLLEGE STATI,TX,BRAZOS,True,False,Voluntary non-profit - Private,HAI_1_SIR,Central Line Associated Bloodstream Infection (ICU + select Wards),hai,False,0.948,,2024-10-01,2025-09-30,0.5847644628099173,0.5239735099337748,0.822739018087855
670082,BAYLOR SCOTT AND WHITE  MEDICAL CENTER  MCKINNEY,TX,COLLIN,True,False,Voluntary non-profit - Private,HAI_1_SIR,Central Line Associated Bloodstream Infection (ICU + select Wards),hai,False,0.0,,2024-10-01,2025-09-30,0.5847644628099173,0.5239735099337748,0.0
450137,BAYLOR SCOTT AND WHITE ALL SAINTS MEDICAL CENTER,TX,TARRANT,True,False,Voluntary non-profit - Private,HAI_1_SIR,Central Line Associated Bloodstream Infection (ICU + select Wards),hai,False,0.516,,2024-10-01,2025-09-30,0.5847644628099173,0.5239735099337748,0.527131782945736
450742,BAYLOR SCOTT AND WHITE MEDICAL CENTER LAKE POINTE,TX,DALLAS,True,False,Voluntary non-profit - Private,HAI_1_SIR,Central Line Associated Bloodstream Infection (ICU + select Wards),hai,False,0.0,,2024-10-01,2025-09-30,0.5847644628099173,0.5239735099337748,0.0
670060,BAYLOR SCOTT AND WHITE MEDICAL CENTER SUNNYVALE,TX,DALLAS,True,False,Proprietary,HAI_1_SIR,Central Line Associated Bloodstream Infection (ICU + select Wards),hai,False,0.912,,2024-10-01,2025-09-30,0.5847644628099173,0.5239735099337748,0.803617571059432
450193,Baylor St Lukes Medical Center,TX,HARRIS,True,True,Voluntary non-profit - Church,HAI_1_SIR,Central Line Associated Bloodstream Infection (ICU + select Wards),hai,False,0.77,,2024-10-01,2025-09-30,0.5847644628099173,0.5239735099337748,0.722997416020672
450021,BAYLOR UNIVERSITY MEDICAL CENTER,TX,DALLAS,True,False,Voluntary non-profit - Private,HAI_1_SIR,Central Line Associated Bloodstream Infection (ICU + select Wards),hai,False,0.463,,2024-10-01,2025-09-30,0.5847644628099173,0.5239735099337748,0.483204134366925
45069F,Brooke Army Medical Center (FT Sam Houston),TX,BEXAR,True,False,Department of Defense,HAI_1_SIR,Central Line Associated Bloodstream Infection (ICU + select Wards),hai,False,0.442,,2024-10-01,2025-09-30,0.5847644628099173,0.5239735099337748,0.46046511627907
450231,BSA HOSPITAL,TX,POTTER,True,False,Proprietary,HAI_1_SIR,Central Line Associated Bloodstream Infection (ICU + select Wards),hai,False,0.749,,2024-10-01,2025-09-30,0.5847644628099173,0.5239735099337748,0.71266149870801
450011,CHI ST JOSEPH HEALTH REGIONAL HOSPITAL,TX,BRAZOS,True,False,Voluntary non-profit - Private,HAI_1_SIR,Central Line Associated Bloodstream Infection (ICU + select Wards),hai,False,1.744,,2024-10-01,2025-09-30,0.5847644628099173,0.5239735099337748,0.961240310077519
450072,CHI ST LUKE'S HEALTH BRAZOSPORT,TX,BRAZORIA,True,True,Voluntary non-profit - Private,HAI_1_SIR,Central Line Associated Bloodstream Infection (ICU + select Wards),hai,False,0.921,,2024-10-01,2025-09-30,0.5847644628099173,0.5239735099337748,0.809819121447028
450211,CHI ST LUKES HEALTH MEMORIAL LUFKIN,TX,ANGELINA,True,False,Voluntary non-profit - Private,HAI_1_SIR,Central Line Associated Bloodstream Infection (ICU + select Wards),hai,False,1.574,,2024-10-01,2025-09-30,0.5847644628099173,0.5239735099337748,0.949354005167959
450032,CHRISTUS GOOD SHEPHERD MEDICAL CENTER,TX,GREGG,True,False,Voluntary non-profit - Private,HAI_1_SIR,Central Line Associated Bloodstream Infection (ICU + select Wards),hai,False,0.34,,2024-10-01,2025-09-30,0.5847644628099173,0.5239735099337748,0.371059431524548
450102,CHRISTUS MOTHER FRANCES HOSPITAL,TX,SMITH,True,False,Voluntary non-profit - Private,HAI_1_SIR,Central Line Associated Bloodstream Infection (ICU + select Wards),hai,False,0.301,,2024-10-01,2025-09-30,0.5847644628099173,0.5239735099337748,0.341085271317829
450272,CHRISTUS SANTA ROSA HOSPITAL-SAN MARCOS,TX,HAYS,True,False,Voluntary non-profit - Church,HAI_1_SIR,Central Line Associated Bloodstream Infection (ICU + select Wards),hai,False,0.548,,2024-10-01,2025-09-30,0.5847644628099173,0.5239735099337748,0.552454780361757
450237,CHRISTUS SANTA ROSA MEDICAL CENTER,TX,BEXAR,True,False,Voluntary non-profit - Private,HAI_1_SIR,Central Line Associated Bloodstream Infection (ICU + select Wards),hai,False,1.091,,2024-10-01,2025-09-30,0.5847644628099173,0.5239735099337748,0.87390180878553
450034,CHRISTUS SOUTHEAST TEXAS- ST ELIZABETH,TX,JEFFERSON,True,False,Voluntary non-profit - Private,HAI_1_SIR,Central Line Associated Bloodstream Infection (ICU + select Wards),hai,False,0.132,,2024-10-01,2025-09-30,0.5847644628099173,0.5239735099337748,0.227390180878553
450046,CHRISTUS SPOHN HOSPITAL CORPUS CHRISTI,TX,NUECES,True,False,Voluntary non-profit - Private,HAI_1_SIR,Central Line Associated Bloodstream Infection (ICU + select Wards),hai,False,0.256,,2024-10-01,2025-09-30,0.5847644628099173,0.5239735099337748,0.304392764857881
450801,CHRISTUS ST MICHAEL HEALTH SYSTEM,TX,BOWIE,True,False,Voluntary non-profit - Private,HAI_1_SIR,Central Line Associated Bloodstream Infection (ICU + select Wards),hai,False,0.421,,2024-10-01,2025-09-30,0.5847644628099173,0.5239735099337748,0.443410852713178
450023,CITIZENS MEDICAL CENTER,TX,VICTORIA,True,False,Voluntary non-profit - Other,HAI_1_SIR,Central Line Associated Bloodstream Infection (ICU + select Wards),hai,False,0.0,,2024-10-01,2025-09-30,0.5847644628099173,0.5239735099337748,0.0
450788,"CORPUS CHRISTI MEDICAL CENTER,THE",TX,NUECES,True,False,Voluntary non-profit - Other,HAI_1_SIR,Central Line Associated Bloodstream Infection (ICU + select Wards),hai,False,0.0,,2024-10-01,2025-09-30,0.5847644628099173,0.5239735099337748,0.0
450040,COVENANT MEDICAL CENTER,TX,LUBBOCK,True,False,Voluntary non-profit - Private,HAI_1_SIR,Central Line Associated Bloodstream Infection (ICU + select Wards),hai,False,0.418,,2024-10-01,2025-09-30,0.5847644628099173,0.5239735099337748,0.438759689922481
450688,DALLAS REGIONAL MEDICAL CENTER,TX,DALLAS,True,False,Proprietary,HAI_1_SIR,Central Line Associated Bloodstream Infection (ICU + select Wards),hai,False,0.435,,2024-10-01,2025-09-30,0.5847644628099173,0.5239735099337748,0.455813953488372
45066F,DALLAS VA MEDICAL CENTER (VA NORTH TEXAS HEALTHCARE SYSTEM),TX,DALLAS,True,False,Veterans Health Administration,HAI_1_SIR,Central Line Associated Bloodstream Infection (ICU + select Wards),hai,False,0.38,,2024-10-01,2025-09-30,0.5847644628099173,0.5239735099337748,0.403100775193798
450147,DE TAR HOSPITAL NAVARRO,TX,VICTORIA,True,False,Proprietary,HAI_1_SIR,Central Line Associated Bloodstream Infection (ICU + select Wards),hai,False,1.471,,2024-10-01,2025-09-30,0.5847644628099173,0.5239735099337748,0.940051679586563
450124,DELL SETON  MED CENTER AT THE UNIVERSITY OF TX,TX,TRAVIS,True,False,Voluntary non-profit - Private,HAI_1_SIR,Central Line Associated Bloodstream Infection (ICU + select Wards),hai,False,0.628,,2024-10-01,2025-09-30,0.5847644628099173,0.5239735099337748,0.635142118863049
450643,DOCTORS HOSPITAL OF LAREDO,TX,WEBB,True,False,Proprietary,HAI_1_SIR,Central Line Associated Bloodstream Infection (ICU + select Wards),hai,False,0.446,,2024-10-01,2025-09-30,0.5847644628099173,0.5239735099337748,0.463565891472868
450869,DOCTORS HOSPTAL AT RENAISSANCE,TX,HIDALGO,True,False,Physician,HAI_1_SIR,Central Line Associated Bloodstream Infection (ICU + select Wards),hai,False,0.0,,2024-10-01,2025-09-30,0.5847644628099173,0.5239735099337748,0.0
450104,GUADALUPE REGIONAL MEDICAL CENTER,TX,GUADALUPE,True,False,Government - Local,HAI_1_SIR,Central Line Associated Bloodstream Infection (ICU + select Wards),hai,False,0.842,,2024-10-01,2025-09-30,0.5847644628099173,0.5239735099337748,0.765891472868217
450855,HARLINGEN MEDICAL CENTER,TX,CAMERON,True,False,Proprietary,HAI_1_SIR,Central Line Associated Bloodstream Infection (ICU + select Wards),hai,False,0.954,,2024-10-01,2025-09-30,0.5847644628099173,0.5239735099337748,0.826356589147287
450289,HARRIS HEALTH,TX,HARRIS,True,True,Government - Hospital District or Authority,HAI_1_SIR,Central Line Associated Bloodstream Infection (ICU + select Wards),hai,False,1.142,,2024-10-01,2025-09-30,0.5847644628099173,0.5239735099337748,0.884237726098191
450617,HCA HOUSTON HEALTHCARE CLEAR LAKE,TX,HARRIS,True,True,Proprietary,HAI_1_SIR,Central Line Associated Bloodstream Infection (ICU + select Wards),hai,False,0.269,,2024-10-01,2025-09-30,0.5847644628099173,0.5239735099337748,0.312144702842377
450222,HCA HOUSTON HEALTHCARE CONROE,TX,MONTGOMERY,True,True,Proprietary,HAI_1_SIR,Central Line Associated Bloodstream Infection (ICU + select Wards),hai,False,0.702,,2024-10-01,2025-09-30,0.5847644628099173,0.5239735099337748,0.68578811369509
450775,HCA HOUSTON HEALTHCARE KINGWOOD,TX,HARRIS,True,True,Proprietary,HAI_1_SIR,Central Line Associated Bloodstream Infection (ICU + select Wards),hai,False,0.531,,2024-10-01,2025-09-30,0.5847644628099173,0.5239735099337748,0.541602067183462
450659,HCA HOUSTON HEALTHCARE MEDICAL CENTER,TX,HARRIS,True,True,Proprietary,HAI_1_SIR,Central Line Associated Bloodstream Infection (ICU + select Wards),hai,False,0.585,,2024-10-01,2025-09-30,0.5847644628099173,0.5239735099337748,0.590697674418605
450638,HCA HOUSTON HEALTHCARE NORTHWEST,TX,HARRIS,True,True,Proprietary,HAI_1_SIR,Central Line Associated Bloodstream Infection (ICU + select Wards),hai,False,0.248,,2024-10-01,2025-09-30,0.5847644628099173,0.5239735099337748,0.297674418604651
670106,HCA HOUSTON HEALTHCARE PEARLAND,TX,BRAZORIA,True,True,Proprietary,HAI_1_SIR,Central Line Associated Bloodstream Infection (ICU + select Wards),hai,False,0.898,,2024-10-01,2025-09-30,0.5847644628099173,0.5239735099337748,0.798966408268734
450097,HCA HOUSTON HEALTHCARE SOUTHEAST,TX,HARRIS,True,True,Proprietary,HAI_1_SIR,Central Line Associated Bloodstream Infection (ICU + select Wards),hai,False,0.629,,2024-10-01,2025-09-30,0.5847644628099173,0.5239735099337748,0.636692506459948
450670,HCA HOUSTON HEALTHCARE TOMBALL,TX,HARRIS,True,True,Proprietary,HAI_1_SIR,Central Line Associated Bloodstream Infection (ICU + select Wards),hai,False,0.0,,2024-10-01,2025-09-30,0.5847644628099173,0.5239735099337748,0.0
450644,HCA HOUSTON HEALTHCARE WEST,TX,HARRIS,True,True,Proprietary,HAI_1_SIR,Central Line Associated Bloodstream Infection (ICU + select Wards),hai,False,0.225,,2024-10-01,2025-09-30,0.5847644628099173,0.5239735099337748,0.280103359173127
450229,HENDRICK MEDICAL CENTER,TX,TAYLOR,True,False,Voluntary non-profit - Private,HAI_1_SIR,Central Line Associated Bloodstream Infection (ICU + select Wards),hai,False,1.07,,2024-10-01,2025-09-30,0.5847644628099173,0.5239735099337748,0.865633074935401
450424,HOUSTON METHODIST BAYTOWN HOSPITAL,TX,HARRIS,True,True,Voluntary non-profit - Private,HAI_1_SIR,Central Line Associated Bloodstream Infection (ICU + select Wards),hai,False,0.0,,2024-10-01,2025-09-30,0.5847644628099173,0.5239735099337748,0.0
450709,HOUSTON METHODIST CLEAR LAKE HOSPITAL,TX,HARRIS,True,True,Voluntary non-profit - Private,HAI_1_SIR,Central Line Associated Bloodstream Infection (ICU + select Wards),hai,False,0.589,,2024-10-01,2025-09-30,0.5847644628099173,0.5239735099337748,0.594832041343669
450358,HOUSTON METHODIST HOSPITAL,TX,HARRIS,True,True,Voluntary non-profit - Private,HAI_1_SIR,Central Line Associated Bloodstream Infection (ICU + select Wards),hai,False,0.363,,2024-10-01,2025-09-30,0.5847644628099173,0.5239735099337748,0.391731266149871
450820,HOUSTON METHODIST SUGARLAND HOSPITAL,TX,FORT BEND,True,True,Voluntary non-profit - Private,HAI_1_SIR,Central Line Associated Bloodstream Infection (ICU + select Wards),hai,False,0.826,,2024-10-01,2025-09-30,0.5847644628099173,0.5239735099337748,0.759173126614987
670122,HOUSTON METHODIST THE WOODLANDS HOSPITAL,TX,MONTGOMERY,True,True,Voluntary non-profit - Private,HAI_1_SIR,Central Line Associated Bloodstream Infection (ICU + select Wards),hai,False,0.357,,2024-10-01,2025-09-30,0.5847644628099173,0.5239735099337748,0.38656330749354
670077,HOUSTON METHODIST WEST HOSPITAL,TX,HARRIS,True,True,Voluntary non-profit - Private,HAI_1_SIR,Central Line Associated Bloodstream Infection (ICU + select Wards),hai,False,0.469,,2024-10-01,2025-09-30,0.5847644628099173,0.5239735099337748,0.488372093023256
450844,HOUSTON METHODIST WILLOWBROOK HOSPITAL,TX,HARRIS,True,True,Voluntary non-profit - Private,HAI_1_SIR,Central Line Associated Bloodstream Infection (ICU + select Wards),hai,False,0.183,,2024-10-01,2025-09-30,0.5847644628099173,0.5239735099337748,0.254780361757106
45074F,HOUSTON VA MEDICAL CENTER,TX,HARRIS,True,True,Veterans Health Administration,HAI_1_SIR,Central Line Associated Bloodstream Infection (ICU + select Wards),hai,False,0.313,,2024-10-01,2025-09-30,0.5847644628099173,0.5239735099337748,0.348320413436693
450352,HUNT REGIONAL MEDICAL CENTER,TX,HUNT,True,False,Government - Hospital District or Authority,HAI_1_SIR,Central Line Associated Bloodstream Infection (ICU + select Wards),hai,False,2.071,,2024-10-01,2025-09-30,0.5847644628099173,0.5239735099337748,0.977777777777778
450347,HUNTSVILLE MEMORIAL HOSPITAL,TX,WALKER,True,False,Voluntary non-profit - Private,HAI_1_SIR,Central Line Associated Bloodstream Infection (ICU + select Wards),hai,False,1.739,,2024-10-01,2025-09-30,0.5847644628099173,0.5239735099337748,0.960206718346253
450039,JPS HEALTH NETWORK,TX,TARRANT,True,False,Government - Hospital District or Authority,HAI_1_SIR,Central Line Associated Bloodstream Infection (ICU + select Wards),hai,False,1.289,,2024-10-01,2025-09-30,0.5847644628099173,0.5239735099337748,0.915245478036176
450128,KNAPP MEDICAL CENTER,TX,HIDALGO,True,False,Voluntary non-profit - Private,HAI_1_SIR,Central Line Associated Bloodstream Infection (ICU + select Wards),hai,False,0.47,,2024-10-01,2025-09-30,0.5847644628099173,0.5239735099337748,0.489922480620155
450029,LAREDO MEDICAL CENTER,TX,WEBB,True,False,Proprietary,HAI_1_SIR,Central Line Associated Bloodstream Infection (ICU + select Wards),hai,False,0.121,,2024-10-01,2025-09-30,0.5847644628099173,0.5239735099337748,0.224806201550388
450107,LAS PALMAS MEDICAL CENTER A CAMPUS OF LPDS HEALTHC,TX,EL PASO,True,False,Proprietary,HAI_1_SIR,Central Line Associated Bloodstream Infection (ICU + select Wards),hai,False,0.498,,2024-10-01,2025-09-30,0.5847644628099173,0.5239735099337748,0.511627906976744
450702,LONGVIEW REGIONAL MEDICAL CENTER,TX,GREGG,True,False,Proprietary,HAI_1_SIR,Central Line Associated Bloodstream Infection (ICU + select Wards),hai,False,0.508,,2024-10-01,2025-09-30,0.5847644628099173,0.5239735099337748,0.52093023255814
450132,MEDICAL CENTER HOSPITAL,TX,ECTOR,True,False,Government - Hospital District or Authority,HAI_1_SIR,Central Line Associated Bloodstream Infection (ICU + select Wards),hai,False,0.991,,2024-10-01,2025-09-30,0.5847644628099173,0.5239735099337748,0.838242894056848
450403,MEDICAL CENTER OF MCKINNEY,TX,COLLIN,True,False,Proprietary,HAI_1_SIR,Central Line Associated Bloodstream Infection (ICU + select Wards),hai,False,0.238,,2024-10-01,2025-09-30,0.5847644628099173,0.5239735099337748,0.291472868217054
670103,MEDICAL CITY ALLIANCE,TX,TARRANT,True,False,Voluntary non-profit - Private,HAI_1_SIR,Central Line Associated Bloodstream Infection (ICU + select Wards),hai,False,1.037,,2024-10-01,2025-09-30,0.5847644628099173,0.5239735099337748,0.859948320413437
450675,MEDICAL CITY ARLINGTON,TX,TARRANT,True,False,Proprietary,HAI_1_SIR,Central Line Associated Bloodstream Infection (ICU + select Wards),hai,False,0.195,,2024-10-01,2025-09-30,0.5847644628099173,0.5239735099337748,0.26046511627907
450647,MEDICAL CITY DALLAS HOSPITAL,TX,DALLAS,True,False,Proprietary,HAI_1_SIR,Central Line Associated Bloodstream Infection (ICU + select Wards),hai,False,0.767,,2024-10-01,2025-09-30,0.5847644628099173,0.5239735099337748,0.722480620155039
450634,MEDICAL CITY DENTON,TX,DENTON,True,False,Proprietary,HAI_1_SIR,Central Line Associated Bloodstream Infection (ICU + select Wards),hai,False,0.138,,2024-10-01,2025-09-30,0.5847644628099173,0.5239735099337748,0.229457364341085
450672,MEDICAL CITY FORT WORTH,TX,TARRANT,True,False,Proprietary,HAI_1_SIR,Central Line Associated Bloodstream Infection (ICU + select Wards),hai,False,0.522,,2024-10-01,2025-09-30,0.5847644628099173,0.5239735099337748,0.531266149870801
450822,MEDICAL CITY LAS COLINAS,TX,DALLAS,True,False,Proprietary,HAI_1_SIR,Central Line Associated Bloodstream Infection (ICU + select Wards),hai,False,1.999,,2024-10-01,2025-09-30,0.5847644628099173,0.5239735099337748,0.974160206718346
450669,MEDICAL CITY LEWISVILLE,TX,DENTON,True,False,Voluntary non-profit - Private,HAI_1_SIR,Central Line Associated Bloodstream Infection (ICU + select Wards),hai,False,0.405,,2024-10-01,2025-09-30,0.5847644628099173,0.5239735099337748,0.423772609819121
450087,MEDICAL CITY NORTH HILLS,TX,TARRANT,True,False,Proprietary,HAI_1_SIR,Central Line Associated Bloodstream Infection (ICU + select Wards),hai,False,0.3,,2024-10-01,2025-09-30,0.5847644628099173,0.5239735099337748,0.338501291989664
450651,MEDICAL CITY PLANO,TX,COLLIN,True,False,Proprietary,HAI_1_SIR,Central Line Associated Bloodstream Infection (ICU + select Wards),hai,False,0.53,,2024-10-01,2025-09-30,0.5847644628099173,0.5239735099337748,0.540568475452196
450203,MEDICAL CITY WEATHERFORD,TX,PARKER,True,False,Proprietary,HAI_1_SIR,Central Line Associated Bloodstream Infection (ICU + select Wards),hai,False,0.0,,2024-10-01,2025-09-30,0.5847644628099173,0.5239735099337748,0.0
450068,MEMORIAL HERMANN - TEXAS MEDICAL CENTER,TX,HARRIS,True,True,Voluntary non-profit - Private,HAI_1_SIR,Central Line Associated Bloodstream Infection (ICU + select Wards),hai,False,0.317,,2024-10-01,2025-09-30,0.5847644628099173,0.5239735099337748,0.351421188630491
450184,MEMORIAL HERMANN HOSPITAL SYSTEM,TX,HARRIS,True,True,Voluntary non-profit - Private,HAI_1_SIR,Central Line Associated Bloodstream Infection (ICU + select Wards),hai,False,0.507,,2024-10-01,2025-09-30,0.5847644628099173,0.5239735099337748,0.51937984496124
450847,MEMORIAL HERMANN KATY HOSPITAL,TX,FORT BEND,True,True,Voluntary non-profit - Private,HAI_1_SIR,Central Line Associated Bloodstream Infection (ICU + select Wards),hai,False,0.15,,2024-10-01,2025-09-30,0.5847644628099173,0.5239735099337748,0.23359173126615
450610,MEMORIAL HERMANN MEMORIAL CITY HOSPITAL,TX,HARRIS,True,True,Voluntary non-profit - Private,HAI_1_SIR,Central Line Associated Bloodstream Infection (ICU + select Wards),hai,False,0.638,,2024-10-01,2025-09-30,0.5847644628099173,0.5239735099337748,0.641343669250646
450684,MEMORIAL HERMANN NORTHEAST HOSPITAL,TX,HARRIS,True,True,Voluntary non-profit - Private,HAI_1_SIR,Central Line Associated Bloodstream Infection (ICU + select Wards),hai,False,0.595,,2024-10-01,2025-09-30,0.5847644628099173,0.5239735099337748,0.602583979328165
450848,MEMORIAL HERMANN SUGAR LAND HOSPITAL,TX,FORT BEND,True,True,Voluntary non-profit - Private,HAI_1_SIR,Central Line Associated Bloodstream Infection (ICU + select Wards),hai,False,0.531,,2024-10-01,2025-09-30,0.5847644628099173,0.5239735099337748,0.541602067183462
450723,METHODIST CHARLTON MEDICAL CENTER,TX,DALLAS,True,False,Voluntary non-profit - Private,HAI_1_SIR,Central Line Associated Bloodstream Infection (ICU + select Wards),hai,False,0.311,,2024-10-01,2025-09-30,0.5847644628099173,0.5239735099337748,0.347286821705426
450051,METHODIST DALLAS MEDICAL CENTER,TX,DALLAS,True,False,Voluntary non-profit - Other,HAI_1_SIR,Central Line Associated Bloodstream Infection (ICU + select Wards),hai,False,0.577,,2024-10-01,2025-09-30,0.5847644628099173,0.5239735099337748,0.581395348837209
450388,METHODIST HOSPITAL,TX,BEXAR,True,False,Proprietary,HAI_1_SIR,Central Line Associated Bloodstream Infection (ICU + select Wards),hai,False,0.41,,2024-10-01,2025-09-30,0.5847644628099173,0.5239735099337748,0.429974160206718
670055,METHODIST HOSPITAL  STONE OAK,TX,BEXAR,True,False,Proprietary,HAI_1_SIR,Central Line Associated Bloodstream Infection (ICU + select Wards),hai,False,0.695,,2024-10-01,2025-09-30,0.5847644628099173,0.5239735099337748,0.681136950904393
670023,METHODIST MANSFIELD MEDICAL CENTER,TX,TARRANT,True,False,Voluntary non-profit - Private,HAI_1_SIR,Central Line Associated Bloodstream Infection (ICU + select Wards),hai,False,0.697,,2024-10-01,2025-09-30,0.5847644628099173,0.5239735099337748,0.681653746770026
450537,METHODIST RICHARDSON MEDICAL CENTER,TX,COLLIN,True,False,Voluntary non-profit - Private,HAI_1_SIR,Central Line Associated Bloodstream Infection (ICU + select Wards),hai,False,0.401,,2024-10-01,2025-09-30,0.5847644628099173,0.5239735099337748,0.419638242894057
450133,MIDLAND MEMORIAL HOSPITAL,TX,MIDLAND,True,False,Government - Hospital District or Authority,HAI_1_SIR,Central Line Associated Bloodstream Infection (ICU + select Wards),hai,False,1.194,,2024-10-01,2025-09-30,0.5847644628099173,0.5239735099337748,0.898191214470284
450176,MISSION REGIONAL MEDICAL CENTER,TX,HIDALGO,True,False,Voluntary non-profit - Private,HAI_1_SIR,Central Line Associated Bloodstream Infection (ICU + select Wards),hai,False,0.0,,2024-10-01,2025-09-30,0.5847644628099173,0.5239735099337748,0.0
450656,NACOGDOCHES MEDICAL CENTER,TX,NACOGDOCHES,True,False,Voluntary non-profit - Other,HAI_1_SIR,Central Line Associated Bloodstream Infection (ICU + select Wards),hai,False,0.685,,2024-10-01,2025-09-30,0.5847644628099173,0.5239735099337748,0.675452196382429
450508,NACOGDOCHES MEMORIAL HOSPITAL,TX,NACOGDOCHES,True,False,Proprietary,HAI_1_SIR,Central Line Associated Bloodstream Infection (ICU + select Wards),hai,False,0.0,,2024-10-01,2025-09-30,0.5847644628099173,0.5239735099337748,0.0
450447,NAVARRO REGIONAL HOSPITAL,TX,NAVARRO,True,False,Government - Hospital District or Authority,HAI_1_SIR,Central Line Associated Bloodstream Infection (ICU + select Wards),hai,False,0.0,,2024-10-01,2025-09-30,0.5847644628099173,0.5239735099337748,0.0
450809,NORTH AUSTIN MEDICAL CENTER,TX,TRAVIS,True,False,Proprietary,HAI_1_SIR,Central Line Associated Bloodstream Infection (ICU + select Wards),hai,False,0.234,,2024-10-01,2025-09-30,0.5847644628099173,0.5239735099337748,0.28733850129199
450209,NORTHWEST TEXAS HOSPITAL,TX,POTTER,True,False,Voluntary non-profit - Private,HAI_1_SIR,Central Line Associated Bloodstream Infection (ICU + select Wards),hai,False,0.7,,2024-10-01,2025-09-30,0.5847644628099173,0.5239735099337748,0.683720930232558
450330,OAKBEND MEDICAL CENTER,TX,FORT BEND,True,True,Government - Hospital District or Authority,HAI_1_SIR,Central Line Associated Bloodstream Infection (ICU + select Wards),hai,False,0.968,,2024-10-01,2025-09-30,0.5847644628099173,0.5239735099337748,0.830490956072351
450661,ODESSA REGIONAL MEDICAL CENTER,TX,ECTOR,True,False,Proprietary,HAI_1_SIR,Central Line Associated Bloodstream Infection (ICU + select Wards),hai,False,0.523,,2024-10-01,2025-09-30,0.5847644628099173,0.5239735099337748,0.532299741602067
450196,PARIS REGIONAL MEDICAL CENTER,TX,LAMAR,True,False,Proprietary,HAI_1_SIR,Central Line Associated Bloodstream Infection (ICU + select Wards),hai,False,0.222,,2024-10-01,2025-09-30,0.5847644628099173,0.5239735099337748,0.278036175710594
450015,PARKLAND HEALTH & HOSPITAL SYSTEM,TX,DALLAS,True,False,Government - Hospital District or Authority,HAI_1_SIR,Central Line Associated Bloodstream Infection (ICU + select Wards),hai,False,0.677,,2024-10-01,2025-09-30,0.5847644628099173,0.5239735099337748,0.6671834625323
450007,PETERSON REGIONAL MEDICAL CENTER,TX,KERR,True,False,Voluntary non-profit - Private,HAI_1_SIR,Central Line Associated Bloodstream Infection (ICU + select Wards),hai,False,0.0,,2024-10-01,2025-09-30,0.5847644628099173,0.5239735099337748,0.0
670098,RESOLUTE HEALTH HOSPITAL,TX,COMAL,True,False,Proprietary,HAI_1_SIR,Central Line Associated Bloodstream Infection (ICU + select Wards),hai,False,0.0,,2024-10-01,2025-09-30,0.5847644628099173,0.5239735099337748,0.0
450711,RIO GRANDE REGIONAL HOSPITAL,TX,HIDALGO,True,False,Proprietary,HAI_1_SIR,Central Line Associated Bloodstream Infection (ICU + select Wards),hai,False,0.0,,2024-10-01,2025-09-30,0.5847644628099173,0.5239735099337748,0.0
450718,ROUND ROCK MEDICAL CENTER,TX,WILLIAMSON,True,False,Proprietary,HAI_1_SIR,Central Line Associated Bloodstream Infection (ICU + select Wards),hai,False,0.296,,2024-10-01,2025-09-30,0.5847644628099173,0.5239735099337748,0.335400516795866
45090F,SAN ANTONIO VA MEDICAL CENTER (VA SOUTH TEXAS HEALTHCARE SYSTEM),TX,BEXAR,True,False,Veterans Health Administration,HAI_1_SIR,Central Line Associated Bloodstream Infection (ICU + select Wards),hai,False,0.452,,2024-10-01,2025-09-30,0.5847644628099173,0.5239735099337748,0.468217054263566
670080,SETON MEDICAL CENTER HARKER HEIGHTS,TX,BELL,True,False,Proprietary,HAI_1_SIR,Central Line Associated Bloodstream Infection (ICU + select Wards),hai,False,0.0,,2024-10-01,2025-09-30,0.5847644628099173,0.5239735099337748,0.0
450571,SHANNON MEDICAL CENTER,TX,TOM GREEN,True,False,Voluntary non-profit - Private,HAI_1_SIR,Central Line Associated Bloodstream Infection (ICU + select Wards),hai,False,0.309,,2024-10-01,2025-09-30,0.5847644628099173,0.5239735099337748,0.34625322997416
450668,SIERRA MEDICAL CENTER,TX,EL PASO,True,False,Proprietary,HAI_1_SIR,Central Line Associated Bloodstream Infection (ICU + select Wards),hai,False,0.85,,2024-10-01,2025-09-30,0.5847644628099173,0.5239735099337748,0.772609819121447
450119,SOUTH TEXAS HEALTH SYSTEM,TX,HIDALGO,True,False,Proprietary,HAI_1_SIR,Central Line Associated Bloodstream Infection (ICU + select Wards),hai,False,0.849,,2024-10-01,2025-09-30,0.5847644628099173,0.5239735099337748,0.771059431524548
450431,ST DAVID'S MEDICAL CENTER,TX,TRAVIS,True,False,Proprietary,HAI_1_SIR,Central Line Associated Bloodstream Infection (ICU + select Wards),hai,False,0.401,,2024-10-01,2025-09-30,0.5847644628099173,0.5239735099337748,0.419638242894057
450713,ST DAVID'S SOUTH AUSTIN MEDICAL CENTER,TX,TRAVIS,True,False,Proprietary,HAI_1_SIR,Central Line Associated Bloodstream Infection (ICU + select Wards),hai,False,0.788,,2024-10-01,2025-09-30,0.5847644628099173,0.5239735099337748,0.735400516795866
450035,ST JOSEPH MEDICAL CENTER,TX,HARRIS,True,True,Physician,HAI_1_SIR,Central Line Associated Bloodstream Infection (ICU + select Wards),hai,False,0.0,,2024-10-01,2025-09-30,0.5847644628099173,0.5239735099337748,0.0
670075,ST LUKE'S HOSPITAL AT THE VINTAGE,TX,HARRIS,True,True,Voluntary non-profit - Private,HAI_1_SIR,Central Line Associated Bloodstream Infection (ICU + select Wards),hai,False,0.0,,2024-10-01,2025-09-30,0.5847644628099173,0.5239735099337748,0.0
670031,ST LUKE'S PATIENTS MEDICAL CENTER,TX,HARRIS,True,True,Proprietary,HAI_1_SIR,Central Line Associated Bloodstream Infection (ICU + select Wards),hai,False,0.0,,2024-10-01,2025-09-30,0.5847644628099173,0.5239735099337748,0.0
670053,ST LUKE'S SUGAR LAND HOSPITAL,TX,FORT BEND,True,True,Voluntary non-profit - Private,HAI_1_SIR,Central Line Associated Bloodstream Infection (ICU + select Wards),hai,False,0.0,,2024-10-01,2025-09-30,0.5847644628099173,0.5239735099337748,0.0
450862,ST LUKE'S THE WOODLANDS HOSPITAL,TX,MONTGOMERY,True,True,Voluntary non-profit - Private,HAI_1_SIR,Central Line Associated Bloodstream Infection (ICU + select Wards),hai,False,0.527,,2024-10-01,2025-09-30,0.5847644628099173,0.5239735099337748,0.536950904392765
450064,TEXAS HEALTH ARLINGTON MEMORIAL HOSPITAL,TX,TARRANT,True,False,Voluntary non-profit - Private,HAI_1_SIR,Central Line Associated Bloodstream Infection (ICU + select Wards),hai,False,0.277,,2024-10-01,2025-09-30,0.5847644628099173,0.5239735099337748,0.317312661498708
450135,TEXAS HEALTH HARRIS METHODIST FORT WORTH,TX,TARRANT,True,False,Voluntary non-profit - Private,HAI_1_SIR,Central Line Associated Bloodstream Infection (ICU + select Wards),hai,False,0.108,,2024-10-01,2025-09-30,0.5847644628099173,0.5239735099337748,0.217054263565891
670085,TEXAS HEALTH HARRIS METHODIST HOSPITAL ALLIANCE,TX,TARRANT,True,False,Voluntary non-profit - Private,HAI_1_SIR,Central Line Associated Bloodstream Infection (ICU + select Wards),hai,False,0.0,,2024-10-01,2025-09-30,0.5847644628099173,0.5239735099337748,0.0
450779,TEXAS HEALTH HARRIS METHODIST HOSPITAL SOUTHWEST F,TX,TARRANT,True,False,Voluntary non-profit - Private,HAI_1_SIR,Central Line Associated Bloodstream Infection (ICU + select Wards),hai,False,0.897,,2024-10-01,2025-09-30,0.5847644628099173,0.5239735099337748,0.798449612403101
450639,TEXAS HEALTH HARRIS METHODIST HURST-EULESS-BEDFORD,TX,TARRANT,True,False,Voluntary non-profit - Private,HAI_1_SIR,Central Line Associated Bloodstream Infection (ICU + select Wards),hai,False,0.277,,2024-10-01,2025-09-30,0.5847644628099173,0.5239735099337748,0.317312661498708
670260,TEXAS HEALTH HOSPITAL FRISCO,TX,DENTON,True,False,Voluntary non-profit - Private,HAI_1_SIR,Central Line Associated Bloodstream Infection (ICU + select Wards),hai,False,0.0,,2024-10-01,2025-09-30,0.5847644628099173,0.5239735099337748,0.0
450677,TEXAS HEALTH HUGULEY HOSPITAL FORT WORTH SOUTH,TX,TARRANT,True,False,Voluntary non-profit - Private,HAI_1_SIR,Central Line Associated Bloodstream Infection (ICU + select Wards),hai,False,0.0,,2024-10-01,2025-09-30,0.5847644628099173,0.5239735099337748,0.0
450462,TEXAS HEALTH PRESBYTERIAN HOSPITAL DALLAS,TX,DALLAS,True,False,Voluntary non-profit - Private,HAI_1_SIR,Central Line Associated Bloodstream Infection (ICU + select Wards),hai,False,0.161,,2024-10-01,2025-09-30,0.5847644628099173,0.5239735099337748,0.241343669250646
450743,TEXAS HEALTH PRESBYTERIAN HOSPITAL DENTON,TX,DENTON,True,False,Voluntary non-profit - Private,HAI_1_SIR,Central Line Associated Bloodstream Infection (ICU + select Wards),hai,False,0.0,,2024-10-01,2025-09-30,0.5847644628099173,0.5239735099337748,0.0
670068,TEXAS HEALTH PRESBYTERIAN HOSPITAL FLOWER MOUND,TX,DENTON,True,False,Proprietary,HAI_1_SIR,Central Line Associated Bloodstream Infection (ICU + select Wards),hai,False,0.617,,2024-10-01,2025-09-30,0.5847644628099173,0.5239735099337748,0.62015503875969
450771,TEXAS HEALTH PRESBYTERIAN HOSPITAL PLANO,TX,COLLIN,True,False,Voluntary non-profit - Private,HAI_1_SIR,Central Line Associated Bloodstream Infection (ICU + select Wards),hai,False,0.202,,2024-10-01,2025-09-30,0.5847644628099173,0.5239735099337748,0.265116279069767
670044,TEXAS HEALTH PRESBYTERIAN HOSPITAL ROCKWALL,TX,ROCKWALL,True,False,Proprietary,HAI_1_SIR,Central Line Associated Bloodstream Infection (ICU + select Wards),hai,False,0.0,,2024-10-01,2025-09-30,0.5847644628099173,0.5239735099337748,0.0
450324,TEXOMA MEDICAL CENTER,TX,GRAYSON,True,False,Proprietary,HAI_1_SIR,Central Line Associated Bloodstream Infection (ICU + select Wards),hai,False,0.491,,2024-10-01,2025-09-30,0.5847644628099173,0.5239735099337748,0.504392764857881
670047,THE HOSPITALS OF PROVIDENCE - EAST CAMPUS,TX,EL PASO,True,False,Proprietary,HAI_1_SIR,Central Line Associated Bloodstream Infection (ICU + select Wards),hai,False,1.233,,2024-10-01,2025-09-30,0.5847644628099173,0.5239735099337748,0.904392764857881
450002,THE HOSPITALS OF PROVIDENCE - MEMORIAL CAMPUS,TX,EL PASO,True,False,Proprietary,HAI_1_SIR,Central Line Associated Bloodstream Infection (ICU + select Wards),hai,False,0.408,,2024-10-01,2025-09-30,0.5847644628099173,0.5239735099337748,0.428423772609819
670120,THE HOSPITALS OF PROVIDENCE TRANSMOUNTAIN CAMPUS,TX,EL PASO,True,False,Proprietary,HAI_1_SIR,Central Line Associated Bloodstream Infection (ICU + select Wards),hai,False,0.0,,2024-10-01,2025-09-30,0.5847644628099173,0.5239735099337748,0.0
450010,UNITED REGIONAL HEALTH CARE SYSTEM,TX,WICHITA,True,False,Voluntary non-profit - Private,HAI_1_SIR,Central Line Associated Bloodstream Infection (ICU + select Wards),hai,False,0.0,,2024-10-01,2025-09-30,0.5847644628099173,0.5239735099337748,0.0
450213,UNIVERSITY HEALTH SYSTEM,TX,BEXAR,True,False,Government - Hospital District or Authority,HAI_1_SIR,Central Line Associated Bloodstream Infection (ICU + select Wards),hai,False,0.388,,2024-10-01,2025-09-30,0.5847644628099173,0.5239735099337748,0.409302325581395
450686,UNIVERSITY MEDICAL CENTER,TX,LUBBOCK,True,False,Government - Hospital District or Authority,HAI_1_SIR,Central Line Associated Bloodstream Infection (ICU + select Wards),hai,False,0.076,,2024-10-01,2025-09-30,0.5847644628099173,0.5239735099337748,0.208785529715762
450024,UNIVERSITY MEDICAL CENTER OF EL PASO,TX,EL PASO,True,False,Physician,HAI_1_SIR,Central Line Associated Bloodstream Infection (ICU + select Wards),hai,False,0.686,,2024-10-01,2025-09-30,0.5847644628099173,0.5239735099337748,0.677002583979328
450690,UNIVERSITY OF TEXAS HEALTH SCIENCE CENTER AT TYLER,TX,SMITH,True,False,Government - State,HAI_1_SIR,Central Line Associated Bloodstream Infection (ICU + select Wards),hai,False,1.936,,2024-10-01,2025-09-30,0.5847644628099173,0.5239735099337748,0.971059431524548
450018,UNIVERSITY OF TEXAS MEDICAL BRANCH GALVESTON,TX,GALVESTON,True,True,Government - State,HAI_1_SIR,Central Line Associated Bloodstream Infection (ICU + select Wards),hai,False,0.231,,2024-10-01,2025-09-30,0.5847644628099173,0.5239735099337748,0.284237726098191
450389,UT HEALTH EAST TEXAS ATHENS HOSPITAL,TX,HENDERSON,True,False,Proprietary,HAI_1_SIR,Central Line Associated Bloodstream Infection (ICU + select Wards),hai,False,1.994,,2024-10-01,2025-09-30,0.5847644628099173,0.5239735099337748,0.973643410852713
450083,UT HEALTH EAST TEXAS TYLER REGIONAL HOSPITAL,TX,SMITH,True,False,Proprietary,HAI_1_SIR,Central Line Associated Bloodstream Infection (ICU + select Wards),hai,False,1.371,,2024-10-01,2025-09-30,0.5847644628099173,0.5239735099337748,0.929198966408269
450044,UT OF TEXAS  SOUTHWESTERN UNIVERSITY HOSPITAL - WILLIAM P. CLEMENTS JR.,TX,DALLAS,True,False,Government - State,HAI_1_SIR,Central Line Associated Bloodstream Infection (ICU + select Wards),hai,False,0.582,,2024-10-01,2025-09-30,0.5847644628099173,0.5239735099337748,0.58656330749354
450028,VALLEY BAPTIST MEDICAL CENTER- BROWNSVILLE,TX,CAMERON,True,False,Proprietary,HAI_1_SIR,Central Line Associated Bloodstream Infection (ICU + select Wards),hai,False,0.0,,2024-10-01,2025-09-30,0.5847644628099173,0.5239735099337748,0.0
450662,VALLEY REGIONAL MEDICAL CENTER,TX,CAMERON,True,False,Proprietary,HAI_1_SIR,Central Line Associated Bloodstream Infection (ICU + select Wards),hai,False,0.87,,2024-10-01,2025-09-30,0.5847644628099173,0.5239735099337748,0.784496124031008
450033,VHS HARLINGEN HOSPITAL COMPANY LLC,TX,CAMERON,True,False,Proprietary,HAI_1_SIR,Central Line Associated Bloodstream Infection (ICU + select Wards),hai,False,0.931,,2024-10-01,2025-09-30,0.5847644628099173,0.5239735099337748,0.814987080103359
45068F,William Beaumont AMG (FT Bliss),TX,EL PASO,True,False,Department of Defense,HAI_1_SIR,Central Line Associated Bloodstream Infection (ICU + select Wards),hai,False,1.787,,2024-10-01,2025-09-30,0.5847644628099173,0.5239735099337748,0.962273901808786
450674,"WOMANS HOSPITAL OF TEXAS,THE",TX,HARRIS,True,True,Proprietary,HAI_1_SIR,Central Line Associated Bloodstream Infection (ICU + select Wards),hai,False,0.553,,2024-10-01,2025-09-30,0.5847644628099173,0.5239735099337748,0.559173126614987
450484,WOODLAND HEIGHTS MEDICAL CENTER,TX,ANGELINA,True,False,Proprietary,HAI_1_SIR,Central Line Associated Bloodstream Infection (ICU + select Wards),hai,False,0.504,,2024-10-01,2025-09-30,0.5847644628099173,0.5239735099337748,0.517312661498708
670056,ASCENSION  SETON HAYS,TX,HAYS,True,False,Voluntary non-profit - Private,HAI_2_SIR,Catheter Associated Urinary Tract Infections (ICU + select Wards),hai,False,0.564,,2024-10-01,2025-09-30,0.48479194630872485,0.36706832298136643,0.655774395702775
450042,ASCENSION PROVIDENCE,TX,MC LENNAN,True,False,Voluntary non-profit - Private,HAI_2_SIR,Catheter Associated Urinary Tract Infections (ICU + select Wards),hai,False,0.648,,2024-10-01,2025-09-30,0.48479194630872485,0.36706832298136643,0.723813786929275
670043,ASCENSION SETON CEDAR PARK,TX,WILLIAMSON,True,False,Voluntary non-profit - Private,HAI_2_SIR,Catheter Associated Urinary Tract Infections (ICU + select Wards),hai,False,0.0,,2024-10-01,2025-09-30,0.48479194630872485,0.36706832298136643,0.0
450056,ASCENSION SETON MEDICAL CENTER AUSTIN,TX,TRAVIS,True,False,Voluntary non-profit - Private,HAI_2_SIR,Catheter Associated Urinary Tract Infections (ICU + select Wards),hai,False,0.394,,2024-10-01,2025-09-30,0.48479194630872485,0.36706832298136643,0.49059982094897
450867,ASCENSION SETON NORTHWEST,TX,TRAVIS,True,False,Voluntary non-profit - Private,HAI_2_SIR,Catheter Associated Urinary Tract Infections (ICU + select Wards),hai,False,0.661,,2024-10-01,2025-09-30,0.48479194630872485,0.36706832298136643,0.730080572963295
670041,ASCENSION SETON WILLIAMSON,TX,WILLIAMSON,True,False,Voluntary non-profit - Private,HAI_2_SIR,Catheter Associated Urinary Tract Infections (ICU + select Wards),hai,False,0.417,,2024-10-01,2025-09-30,0.48479194630872485,0.36706832298136643,0.517905102954342
450346,BAPTIST BEAUMONT HOSPITAL,TX,JEFFERSON,True,False,Voluntary non-profit - Private,HAI_2_SIR,Catheter Associated Urinary Tract Infections (ICU + select Wards),hai,False,0.273,,2024-10-01,2025-09-30,0.48479194630872485,0.36706832298136643,0.384064458370636
450058,BAPTIST MEDICAL CENTER,TX,BEXAR,True,False,Proprietary,HAI_2_SIR,Catheter Associated Urinary Tract Infections (ICU + select Wards),hai,False,0.311,,2024-10-01,2025-09-30,0.48479194630872485,0.36706832298136643,0.412712623097583
450563,BAYLOR SCOTT & WHITE MEDICAL CENTER  GRAPEVINE,TX,TARRANT,True,False,Voluntary non-profit - Private,HAI_2_SIR,Catheter Associated Urinary Tract Infections (ICU + select Wards),hai,False,0.215,,2024-10-01,2025-09-30,0.48479194630872485,0.36706832298136643,0.336615935541629
670034,BAYLOR SCOTT & WHITE MEDICAL CENTER - ROUND ROCK,TX,WILLIAMSON,True,False,Voluntary non-profit - Private,HAI_2_SIR,Catheter Associated Urinary Tract Infections (ICU + select Wards),hai,False,0.498,,2024-10-01,2025-09-30,0.48479194630872485,0.36706832298136643,0.59892569382274
450054,BAYLOR SCOTT & WHITE MEDICAL CENTER - TEMPLE,TX,BELL,True,False,Voluntary non-profit - Private,HAI_2_SIR,Catheter Associated Urinary Tract Infections (ICU + select Wards),hai,False,0.155,,2024-10-01,2025-09-30,0.48479194630872485,0.36706832298136643,0.287376902417189
450079,BAYLOR SCOTT & WHITE MEDICAL CENTER AT IRVING,TX,DALLAS,True,False,Voluntary non-profit - Private,HAI_2_SIR,Catheter Associated Urinary Tract Infections (ICU + select Wards),hai,False,0.0,,2024-10-01,2025-09-30,0.48479194630872485,0.36706832298136643,0.0
450101,BAYLOR SCOTT & WHITE MEDICAL CENTER HILLCREST,TX,MC LENNAN,True,False,Voluntary non-profit - Private,HAI_2_SIR,Catheter Associated Urinary Tract Infections (ICU + select Wards),hai,False,0.19,,2024-10-01,2025-09-30,0.48479194630872485,0.36706832298136643,0.316472694717995
450890,BAYLOR SCOTT & WHITE MEDICAL CENTER PLANO,TX,COLLIN,True,False,Voluntary non-profit - Other,HAI_2_SIR,Catheter Associated Urinary Tract Infections (ICU + select Wards),hai,False,0.0,,2024-10-01,2025-09-30,0.48479194630872485,0.36706832298136643,0.0
670088,BAYLOR SCOTT & WHITE MEDICAL CENTER- COLLEGE STATI,TX,BRAZOS,True,False,Voluntary non-profit - Private,HAI_2_SIR,Catheter Associated Urinary Tract Infections (ICU + select Wards),hai,False,1.411,,2024-10-01,2025-09-30,0.48479194630872485,0.36706832298136643,0.948075201432408
450864,BAYLOR SCOTT & WHITE TEXAS SPINE & JOINT HOSPITAL,TX,SMITH,True,False,Physician,HAI_2_SIR,Catheter Associated Urinary Tract Infections (ICU + select Wards),hai,False,0.0,,2024-10-01,2025-09-30,0.48479194630872485,0.36706832298136643,0.0
670082,BAYLOR SCOTT AND WHITE  MEDICAL CENTER  MCKINNEY,TX,COLLIN,True,False,Voluntary non-profit - Private,HAI_2_SIR,Catheter Associated Urinary Tract Infections (ICU + select Wards),hai,False,1.583,,2024-10-01,2025-09-30,0.48479194630872485,0.36706832298136643,0.961504028648165
450137,BAYLOR SCOTT AND WHITE ALL SAINTS MEDICAL CENTER,TX,TARRANT,True,False,Voluntary non-profit - Private,HAI_2_SIR,Catheter Associated Urinary Tract Infections (ICU + select Wards),hai,False,0.517,,2024-10-01,2025-09-30,0.48479194630872485,0.36706832298136643,0.616383169203223
450742,BAYLOR SCOTT AND WHITE MEDICAL CENTER LAKE POINTE,TX,DALLAS,True,False,Voluntary non-profit - Private,HAI_2_SIR,Catheter Associated Urinary Tract Infections (ICU + select Wards),hai,False,0.0,,2024-10-01,2025-09-30,0.48479194630872485,0.36706832298136643,0.0
670060,BAYLOR SCOTT AND WHITE MEDICAL CENTER SUNNYVALE,TX,DALLAS,True,False,Proprietary,HAI_2_SIR,Catheter Associated Urinary Tract Infections (ICU + select Wards),hai,False,2.363,,2024-10-01,2025-09-30,0.48479194630872485,0.36706832298136643,0.994180841539839
450193,Baylor St Lukes Medical Center,TX,HARRIS,True,True,Voluntary non-profit - Church,HAI_2_SIR,Catheter Associated Urinary Tract Infections (ICU + select Wards),hai,False,0.417,,2024-10-01,2025-09-30,0.48479194630872485,0.36706832298136643,0.517905102954342
450021,BAYLOR UNIVERSITY MEDICAL CENTER,TX,DALLAS,True,False,Voluntary non-profit - Private,HAI_2_SIR,Catheter Associated Urinary Tract Infections (ICU + select Wards),hai,False,0.428,,2024-10-01,2025-09-30,0.48479194630872485,0.36706832298136643,0.529991047448523
45069F,Brooke Army Medical Center (FT Sam Houston),TX,BEXAR,True,False,Department of Defense,HAI_2_SIR,Catheter Associated Urinary Tract Infections (ICU + select Wards),hai,False,0.224,,2024-10-01,2025-09-30,0.48479194630872485,0.36706832298136643,0.346463742166517
450231,BSA HOSPITAL,TX,POTTER,True,False,Proprietary,HAI_2_SIR,Catheter Associated Urinary Tract Infections (ICU + select Wards),hai,False,0.675,,2024-10-01,2025-09-30,0.48479194630872485,0.36706832298136643,0.739480752014324
450730,CARROLLTON REGIONAL MEDICAL CENTER,TX,DENTON,True,False,Proprietary,HAI_2_SIR,Catheter Associated Urinary Tract Infections (ICU + select Wards),hai,False,0.0,,2024-10-01,2025-09-30,0.48479194630872485,0.36706832298136643,0.0
450011,CHI ST JOSEPH HEALTH REGIONAL HOSPITAL,TX,BRAZOS,True,False,Voluntary non-profit - Private,HAI_2_SIR,Catheter Associated Urinary Tract Infections (ICU + select Wards),hai,False,0.431,,2024-10-01,2025-09-30,0.48479194630872485,0.36706832298136643,0.534467323187108
450072,CHI ST LUKE'S HEALTH BRAZOSPORT,TX,BRAZORIA,True,True,Voluntary non-profit - Private,HAI_2_SIR,Catheter Associated Urinary Tract Infections (ICU + select Wards),hai,False,0.0,,2024-10-01,2025-09-30,0.48479194630872485,0.36706832298136643,0.0
450211,CHI ST LUKES HEALTH MEMORIAL LUFKIN,TX,ANGELINA,True,False,Voluntary non-profit - Private,HAI_2_SIR,Catheter Associated Urinary Tract Infections (ICU + select Wards),hai,False,0.231,,2024-10-01,2025-09-30,0.48479194630872485,0.36706832298136643,0.350940017905103
450032,CHRISTUS GOOD SHEPHERD MEDICAL CENTER,TX,GREGG,True,False,Voluntary non-profit - Private,HAI_2_SIR,Catheter Associated Urinary Tract Infections (ICU + select Wards),hai,False,0.387,,2024-10-01,2025-09-30,0.48479194630872485,0.36706832298136643,0.486123545210385
450102,CHRISTUS MOTHER FRANCES HOSPITAL,TX,SMITH,True,False,Voluntary non-profit - Private,HAI_2_SIR,Catheter Associated Urinary Tract Infections (ICU + select Wards),hai,False,0.063,,2024-10-01,2025-09-30,0.48479194630872485,0.36706832298136643,0.243509400179051
450236,CHRISTUS MOTHER FRANCES HOSPITAL SULPHUR SPRINGS,TX,HOPKINS,True,False,Voluntary non-profit - Private,HAI_2_SIR,Catheter Associated Urinary Tract Infections (ICU + select Wards),hai,False,0.604,,2024-10-01,2025-09-30,0.48479194630872485,0.36706832298136643,0.689346463742167
450272,CHRISTUS SANTA ROSA HOSPITAL-SAN MARCOS,TX,HAYS,True,False,Voluntary non-profit - Church,HAI_2_SIR,Catheter Associated Urinary Tract Infections (ICU + select Wards),hai,False,0.436,,2024-10-01,2025-09-30,0.48479194630872485,0.36706832298136643,0.541629364368845
450237,CHRISTUS SANTA ROSA MEDICAL CENTER,TX,BEXAR,True,False,Voluntary non-profit - Private,HAI_2_SIR,Catheter Associated Urinary Tract Infections (ICU + select Wards),hai,False,0.703,,2024-10-01,2025-09-30,0.48479194630872485,0.36706832298136643,0.756490599820949
450034,CHRISTUS SOUTHEAST TEXAS- ST ELIZABETH,TX,JEFFERSON,True,False,Voluntary non-profit - Private,HAI_2_SIR,Catheter Associated Urinary Tract Infections (ICU + select Wards),hai,False,0.0,,2024-10-01,2025-09-30,0.48479194630872485,0.36706832298136643,0.0
450046,CHRISTUS SPOHN HOSPITAL CORPUS CHRISTI,TX,NUECES,True,False,Voluntary non-profit - Private,HAI_2_SIR,Catheter Associated Urinary Tract Infections (ICU + select Wards),hai,False,0.166,,2024-10-01,2025-09-30,0.48479194630872485,0.36706832298136643,0.294538943598926
450801,CHRISTUS ST MICHAEL HEALTH SYSTEM,TX,BOWIE,True,False,Voluntary non-profit - Private,HAI_2_SIR,Catheter Associated Urinary Tract Infections (ICU + select Wards),hai,False,0.493,,2024-10-01,2025-09-30,0.48479194630872485,0.36706832298136643,0.596687555953447
450023,CITIZENS MEDICAL CENTER,TX,VICTORIA,True,False,Voluntary non-profit - Other,HAI_2_SIR,Catheter Associated Urinary Tract Infections (ICU + select Wards),hai,False,0.156,,2024-10-01,2025-09-30,0.48479194630872485,0.36706832298136643,0.287824529991047
450788,"CORPUS CHRISTI MEDICAL CENTER,THE",TX,NUECES,True,False,Voluntary non-profit - Other,HAI_2_SIR,Catheter Associated Urinary Tract Infections (ICU + select Wards),hai,False,0.217,,2024-10-01,2025-09-30,0.48479194630872485,0.36706832298136643,0.339301700984781
451379,CORYELL MEMORIAL HOSPITAL,TX,CORYELL,True,False,Government - Hospital District or Authority,HAI_2_SIR,Catheter Associated Urinary Tract Infections (ICU + select Wards),hai,False,0.0,,2024-10-01,2025-09-30,0.48479194630872485,0.36706832298136643,0.0
450040,COVENANT MEDICAL CENTER,TX,LUBBOCK,True,False,Voluntary non-profit - Private,HAI_2_SIR,Catheter Associated Urinary Tract Infections (ICU + select Wards),hai,False,0.367,,2024-10-01,2025-09-30,0.48479194630872485,0.36706832298136643,0.466875559534467
450688,DALLAS REGIONAL MEDICAL CENTER,TX,DALLAS,True,False,Proprietary,HAI_2_SIR,Catheter Associated Urinary Tract Infections (ICU + select Wards),hai,False,0.316,,2024-10-01,2025-09-30,0.48479194630872485,0.36706832298136643,0.41674127126231
45066F,DALLAS VA MEDICAL CENTER (VA NORTH TEXAS HEALTHCARE SYSTEM),TX,DALLAS,True,False,Veterans Health Administration,HAI_2_SIR,Catheter Associated Urinary Tract Infections (ICU + select Wards),hai,False,0.206,,2024-10-01,2025-09-30,0.48479194630872485,0.36706832298136643,0.328558639212175
450147,DE TAR HOSPITAL NAVARRO,TX,VICTORIA,True,False,Proprietary,HAI_2_SIR,Catheter Associated Urinary Tract Infections (ICU + select Wards),hai,False,0.0,,2024-10-01,2025-09-30,0.48479194630872485,0.36706832298136643,0.0
450124,DELL SETON  MED CENTER AT THE UNIVERSITY OF TX,TX,TRAVIS,True,False,Voluntary non-profit - Private,HAI_2_SIR,Catheter Associated Urinary Tract Infections (ICU + select Wards),hai,False,0.253,,2024-10-01,2025-09-30,0.48479194630872485,0.36706832298136643,0.370188003581021
450643,DOCTORS HOSPITAL OF LAREDO,TX,WEBB,True,False,Proprietary,HAI_2_SIR,Catheter Associated Urinary Tract Infections (ICU + select Wards),hai,False,0.0,,2024-10-01,2025-09-30,0.48479194630872485,0.36706832298136643,0.0
450869,DOCTORS HOSPTAL AT RENAISSANCE,TX,HIDALGO,True,False,Physician,HAI_2_SIR,Catheter Associated Urinary Tract Infections (ICU + select Wards),hai,False,0.252,,2024-10-01,2025-09-30,0.48479194630872485,0.36706832298136643,0.368397493285586
450092,FORT DUNCAN MEDICAL CENTER,TX,MAVERICK,True,False,Proprietary,HAI_2_SIR,Catheter Associated Urinary Tract Infections (ICU + select Wards),hai,False,0.0,,2024-10-01,2025-09-30,0.48479194630872485,0.36706832298136643,0.0
450104,GUADALUPE REGIONAL MEDICAL CENTER,TX,GUADALUPE,True,False,Government - Local,HAI_2_SIR,Catheter Associated Urinary Tract Infections (ICU + select Wards),hai,False,2.326,,2024-10-01,2025-09-30,0.48479194630872485,0.36706832298136643,0.993285586392122
450855,HARLINGEN MEDICAL CENTER,TX,CAMERON,True,False,Proprietary,HAI_2_SIR,Catheter Associated Urinary Tract Infections (ICU + select Wards),hai,False,0.265,,2024-10-01,2025-09-30,0.48479194630872485,0.36706832298136643,0.377350044762757
450289,HARRIS HEALTH,TX,HARRIS,True,True,Government - Hospital District or Authority,HAI_2_SIR,Catheter Associated Urinary Tract Infections (ICU + select Wards),hai,False,0.654,,2024-10-01,2025-09-30,0.48479194630872485,0.36706832298136643,0.726947179946285
450617,HCA HOUSTON HEALTHCARE CLEAR LAKE,TX,HARRIS,True,True,Proprietary,HAI_2_SIR,Catheter Associated Urinary Tract Infections (ICU + select Wards),hai,False,0.157,,2024-10-01,2025-09-30,0.48479194630872485,0.36706832298136643,0.288719785138765
450222,HCA HOUSTON HEALTHCARE CONROE,TX,MONTGOMERY,True,True,Proprietary,HAI_2_SIR,Catheter Associated Urinary Tract Infections (ICU + select Wards),hai,False,0.089,,2024-10-01,2025-09-30,0.48479194630872485,0.36706832298136643,0.252014324082363
450775,HCA HOUSTON HEALTHCARE KINGWOOD,TX,HARRIS,True,True,Proprietary,HAI_2_SIR,Catheter Associated Urinary Tract Infections (ICU + select Wards),hai,False,0.352,,2024-10-01,2025-09-30,0.48479194630872485,0.36706832298136643,0.45076096687556
450659,HCA HOUSTON HEALTHCARE MEDICAL CENTER,TX,HARRIS,True,True,Proprietary,HAI_2_SIR,Catheter Associated Urinary Tract Infections (ICU + select Wards),hai,False,0.87,,2024-10-01,2025-09-30,0.48479194630872485,0.36706832298136643,0.839301700984781
450638,HCA HOUSTON HEALTHCARE NORTHWEST,TX,HARRIS,True,True,Proprietary,HAI_2_SIR,Catheter Associated Urinary Tract Infections (ICU + select Wards),hai,False,0.371,,2024-10-01,2025-09-30,0.48479194630872485,0.36706832298136643,0.47538048343778
670106,HCA HOUSTON HEALTHCARE PEARLAND,TX,BRAZORIA,True,True,Proprietary,HAI_2_SIR,Catheter Associated Urinary Tract Infections (ICU + select Wards),hai,False,0.963,,2024-10-01,2025-09-30,0.48479194630872485,0.36706832298136643,0.874664279319606
450097,HCA HOUSTON HEALTHCARE SOUTHEAST,TX,HARRIS,True,True,Proprietary,HAI_2_SIR,Catheter Associated Urinary Tract Infections (ICU + select Wards),hai,False,0.0,,2024-10-01,2025-09-30,0.48479194630872485,0.36706832298136643,0.0
450670,HCA HOUSTON HEALTHCARE TOMBALL,TX,HARRIS,True,True,Proprietary,HAI_2_SIR,Catheter Associated Urinary Tract Infections (ICU + select Wards),hai,False,0.0,,2024-10-01,2025-09-30,0.48479194630872485,0.36706832298136643,0.0
450644,HCA HOUSTON HEALTHCARE WEST,TX,HARRIS,True,True,Proprietary,HAI_2_SIR,Catheter Associated Urinary Tract Infections (ICU + select Wards),hai,False,0.0,,2024-10-01,2025-09-30,0.48479194630872485,0.36706832298136643,0.0
450229,HENDRICK MEDICAL CENTER,TX,TAYLOR,True,False,Voluntary non-profit - Private,HAI_2_SIR,Catheter Associated Urinary Tract Infections (ICU + select Wards),hai,False,0.809,,2024-10-01,2025-09-30,0.48479194630872485,0.36706832298136643,0.808415398388541
450424,HOUSTON METHODIST BAYTOWN HOSPITAL,TX,HARRIS,True,True,Voluntary non-profit - Private,HAI_2_SIR,Catheter Associated Urinary Tract Infections (ICU + select Wards),hai,False,0.0,,2024-10-01,2025-09-30,0.48479194630872485,0.36706832298136643,0.0
450709,HOUSTON METHODIST CLEAR LAKE HOSPITAL,TX,HARRIS,True,True,Voluntary non-profit - Private,HAI_2_SIR,Catheter Associated Urinary Tract Infections (ICU + select Wards),hai,False,0.0,,2024-10-01,2025-09-30,0.48479194630872485,0.36706832298136643,0.0
450358,HOUSTON METHODIST HOSPITAL,TX,HARRIS,True,True,Voluntary non-profit - Private,HAI_2_SIR,Catheter Associated Urinary Tract Infections (ICU + select Wards),hai,False,0.278,,2024-10-01,2025-09-30,0.48479194630872485,0.36706832298136643,0.386750223813787
450820,HOUSTON METHODIST SUGARLAND HOSPITAL,TX,FORT BEND,True,True,Voluntary non-profit - Private,HAI_2_SIR,Catheter Associated Urinary Tract Infections (ICU + select Wards),hai,False,0.114,,2024-10-01,2025-09-30,0.48479194630872485,0.36706832298136643,0.262757385854969
670122,HOUSTON METHODIST THE WOODLANDS HOSPITAL,TX,MONTGOMERY,True,True,Voluntary non-profit - Private,HAI_2_SIR,Catheter Associated Urinary Tract Infections (ICU + select Wards),hai,False,0.325,,2024-10-01,2025-09-30,0.48479194630872485,0.36706832298136643,0.424798567591764
670077,HOUSTON METHODIST WEST HOSPITAL,TX,HARRIS,True,True,Voluntary non-profit - Private,HAI_2_SIR,Catheter Associated Urinary Tract Infections (ICU + select Wards),hai,False,0.358,,2024-10-01,2025-09-30,0.48479194630872485,0.36706832298136643,0.457027752909579
450844,HOUSTON METHODIST WILLOWBROOK HOSPITAL,TX,HARRIS,True,True,Voluntary non-profit - Private,HAI_2_SIR,Catheter Associated Urinary Tract Infections (ICU + select Wards),hai,False,0.078,,2024-10-01,2025-09-30,0.48479194630872485,0.36706832298136643,0.250223813786929
45074F,HOUSTON VA MEDICAL CENTER,TX,HARRIS,True,True,Veterans Health Administration,HAI_2_SIR,Catheter Associated Urinary Tract Infections (ICU + select Wards),hai,False,0.397,,2024-10-01,2025-09-30,0.48479194630872485,0.36706832298136643,0.495076096687556
450352,HUNT REGIONAL MEDICAL CENTER,TX,HUNT,True,False,Government - Hospital District or Authority,HAI_2_SIR,Catheter Associated Urinary Tract Infections (ICU + select Wards),hai,False,0.639,,2024-10-01,2025-09-30,0.48479194630872485,0.36706832298136643,0.718442256042972
450347,HUNTSVILLE MEMORIAL HOSPITAL,TX,WALKER,True,False,Voluntary non-profit - Private,HAI_2_SIR,Catheter Associated Urinary Tract Infections (ICU + select Wards),hai,False,0.0,,2024-10-01,2025-09-30,0.48479194630872485,0.36706832298136643,0.0
450039,JPS HEALTH NETWORK,TX,TARRANT,True,False,Government - Hospital District or Authority,HAI_2_SIR,Catheter Associated Urinary Tract Infections (ICU + select Wards),hai,False,0.664,,2024-10-01,2025-09-30,0.48479194630872485,0.36706832298136643,0.733213965980304
450128,KNAPP MEDICAL CENTER,TX,HIDALGO,True,False,Voluntary non-profit - Private,HAI_2_SIR,Catheter Associated Urinary Tract Infections (ICU + select Wards),hai,False,0.0,,2024-10-01,2025-09-30,0.48479194630872485,0.36706832298136643,0.0
450596,LAKE GRANBURY MEDICAL CENTER,TX,HOOD,True,False,Proprietary,HAI_2_SIR,Catheter Associated Urinary Tract Infections (ICU + select Wards),hai,False,0.0,,2024-10-01,2025-09-30,0.48479194630872485,0.36706832298136643,0.0
450029,LAREDO MEDICAL CENTER,TX,WEBB,True,False,Proprietary,HAI_2_SIR,Catheter Associated Urinary Tract Infections (ICU + select Wards),hai,False,0.0,,2024-10-01,2025-09-30,0.48479194630872485,0.36706832298136643,0.0
450107,LAS PALMAS MEDICAL CENTER A CAMPUS OF LPDS HEALTHC,TX,EL PASO,True,False,Proprietary,HAI_2_SIR,Catheter Associated Urinary Tract Infections (ICU + select Wards),hai,False,0.072,,2024-10-01,2025-09-30,0.48479194630872485,0.36706832298136643,0.248880931065354
450702,LONGVIEW REGIONAL MEDICAL CENTER,TX,GREGG,True,False,Proprietary,HAI_2_SIR,Catheter Associated Urinary Tract Infections (ICU + select Wards),hai,False,0.19,,2024-10-01,2025-09-30,0.48479194630872485,0.36706832298136643,0.316472694717995
450132,MEDICAL CENTER HOSPITAL,TX,ECTOR,True,False,Government - Hospital District or Authority,HAI_2_SIR,Catheter Associated Urinary Tract Infections (ICU + select Wards),hai,False,0.367,,2024-10-01,2025-09-30,0.48479194630872485,0.36706832298136643,0.466875559534467
450403,MEDICAL CENTER OF MCKINNEY,TX,COLLIN,True,False,Proprietary,HAI_2_SIR,Catheter Associated Urinary Tract Infections (ICU + select Wards),hai,False,0.0,,2024-10-01,2025-09-30,0.48479194630872485,0.36706832298136643,0.0
670103,MEDICAL CITY ALLIANCE,TX,TARRANT,True,False,Voluntary non-profit - Private,HAI_2_SIR,Catheter Associated Urinary Tract Infections (ICU + select Wards),hai,False,0.0,,2024-10-01,2025-09-30,0.48479194630872485,0.36706832298136643,0.0
450675,MEDICAL CITY ARLINGTON,TX,TARRANT,True,False,Proprietary,HAI_2_SIR,Catheter Associated Urinary Tract Infections (ICU + select Wards),hai,False,0.537,,2024-10-01,2025-09-30,0.48479194630872485,0.36706832298136643,0.633840644583706
450647,MEDICAL CITY DALLAS HOSPITAL,TX,DALLAS,True,False,Proprietary,HAI_2_SIR,Catheter Associated Urinary Tract Infections (ICU + select Wards),hai,False,0.68,,2024-10-01,2025-09-30,0.48479194630872485,0.36706832298136643,0.74395702775291
450634,MEDICAL CITY DENTON,TX,DENTON,True,False,Proprietary,HAI_2_SIR,Catheter Associated Urinary Tract Infections (ICU + select Wards),hai,False,0.107,,2024-10-01,2025-09-30,0.48479194630872485,0.36706832298136643,0.260519247985676
450672,MEDICAL CITY FORT WORTH,TX,TARRANT,True,False,Proprietary,HAI_2_SIR,Catheter Associated Urinary Tract Infections (ICU + select Wards),hai,False,0.342,,2024-10-01,2025-09-30,0.48479194630872485,0.36706832298136643,0.442703670546106
450669,MEDICAL CITY LEWISVILLE,TX,DENTON,True,False,Voluntary non-profit - Private,HAI_2_SIR,Catheter Associated Urinary Tract Infections (ICU + select Wards),hai,False,0.0,,2024-10-01,2025-09-30,0.48479194630872485,0.36706832298136643,0.0
450087,MEDICAL CITY NORTH HILLS,TX,TARRANT,True,False,Proprietary,HAI_2_SIR,Catheter Associated Urinary Tract Infections (ICU + select Wards),hai,False,0.0,,2024-10-01,2025-09-30,0.48479194630872485,0.36706832298136643,0.0
450651,MEDICAL CITY PLANO,TX,COLLIN,True,False,Proprietary,HAI_2_SIR,Catheter Associated Urinary Tract Infections (ICU + select Wards),hai,False,0.284,,2024-10-01,2025-09-30,0.48479194630872485,0.36706832298136643,0.390331244404655
450203,MEDICAL CITY WEATHERFORD,TX,PARKER,True,False,Proprietary,HAI_2_SIR,Catheter Associated Urinary Tract Infections (ICU + select Wards),hai,False,0.0,,2024-10-01,2025-09-30,0.48479194630872485,0.36706832298136643,0.0
450068,MEMORIAL HERMANN - TEXAS MEDICAL CENTER,TX,HARRIS,True,True,Voluntary non-profit - Private,HAI_2_SIR,Catheter Associated Urinary Tract Infections (ICU + select Wards),hai,False,0.233,,2024-10-01,2025-09-30,0.48479194630872485,0.36706832298136643,0.353178155774396
450184,MEMORIAL HERMANN HOSPITAL SYSTEM,TX,HARRIS,True,True,Voluntary non-profit - Private,HAI_2_SIR,Catheter Associated Urinary Tract Infections (ICU + select Wards),hai,False,0.196,,2024-10-01,2025-09-30,0.48479194630872485,0.36706832298136643,0.320501342882722
450847,MEMORIAL HERMANN KATY HOSPITAL,TX,FORT BEND,True,True,Voluntary non-profit - Private,HAI_2_SIR,Catheter Associated Urinary Tract Infections (ICU + select Wards),hai,False,0.0,,2024-10-01,2025-09-30,0.48479194630872485,0.36706832298136643,0.0
450610,MEMORIAL HERMANN MEMORIAL CITY HOSPITAL,TX,HARRIS,True,True,Voluntary non-profit - Private,HAI_2_SIR,Catheter Associated Urinary Tract Infections (ICU + select Wards),hai,False,0.207,,2024-10-01,2025-09-30,0.48479194630872485,0.36706832298136643,0.329901521933751
450684,MEMORIAL HERMANN NORTHEAST HOSPITAL,TX,HARRIS,True,True,Voluntary non-profit - Private,HAI_2_SIR,Catheter Associated Urinary Tract Infections (ICU + select Wards),hai,False,1.293,,2024-10-01,2025-09-30,0.48479194630872485,0.36706832298136643,0.938675022381379
450848,MEMORIAL HERMANN SUGAR LAND HOSPITAL,TX,FORT BEND,True,True,Voluntary non-profit - Private,HAI_2_SIR,Catheter Associated Urinary Tract Infections (ICU + select Wards),hai,False,0.493,,2024-10-01,2025-09-30,0.48479194630872485,0.36706832298136643,0.596687555953447
450723,METHODIST CHARLTON MEDICAL CENTER,TX,DALLAS,True,False,Voluntary non-profit - Private,HAI_2_SIR,Catheter Associated Urinary Tract Infections (ICU + select Wards),hai,False,0.0,,2024-10-01,2025-09-30,0.48479194630872485,0.36706832298136643,0.0
450051,METHODIST DALLAS MEDICAL CENTER,TX,DALLAS,True,False,Voluntary non-profit - Other,HAI_2_SIR,Catheter Associated Urinary Tract Infections (ICU + select Wards),hai,False,0.58,,2024-10-01,2025-09-30,0.48479194630872485,0.36706832298136643,0.668307967770815
450388,METHODIST HOSPITAL,TX,BEXAR,True,False,Proprietary,HAI_2_SIR,Catheter Associated Urinary Tract Infections (ICU + select Wards),hai,False,0.404,,2024-10-01,2025-09-30,0.48479194630872485,0.36706832298136643,0.502685765443151
670055,METHODIST HOSPITAL  STONE OAK,TX,BEXAR,True,False,Proprietary,HAI_2_SIR,Catheter Associated Urinary Tract Infections (ICU + select Wards),hai,False,0.397,,2024-10-01,2025-09-30,0.48479194630872485,0.36706832298136643,0.495076096687556
670073,METHODIST HOSPITAL FOR SURGERY,TX,DALLAS,True,False,Proprietary,HAI_2_SIR,Catheter Associated Urinary Tract Infections (ICU + select Wards),hai,False,0.0,,2024-10-01,2025-09-30,0.48479194630872485,0.36706832298136643,0.0
670023,METHODIST MANSFIELD MEDICAL CENTER,TX,TARRANT,True,False,Voluntary non-profit - Private,HAI_2_SIR,Catheter Associated Urinary Tract Infections (ICU + select Wards),hai,False,0.373,,2024-10-01,2025-09-30,0.48479194630872485,0.36706832298136643,0.477170993733214
450537,METHODIST RICHARDSON MEDICAL CENTER,TX,COLLIN,True,False,Voluntary non-profit - Private,HAI_2_SIR,Catheter Associated Urinary Tract Infections (ICU + select Wards),hai,False,0.094,,2024-10-01,2025-09-30,0.48479194630872485,0.36706832298136643,0.255595344673232
450133,MIDLAND MEMORIAL HOSPITAL,TX,MIDLAND,True,False,Government - Hospital District or Authority,HAI_2_SIR,Catheter Associated Urinary Tract Infections (ICU + select Wards),hai,False,0.484,,2024-10-01,2025-09-30,0.48479194630872485,0.36706832298136643,0.588182632050134
450176,MISSION REGIONAL MEDICAL CENTER,TX,HIDALGO,True,False,Voluntary non-profit - Private,HAI_2_SIR,Catheter Associated Urinary Tract Infections (ICU + select Wards),hai,False,0.0,,2024-10-01,2025-09-30,0.48479194630872485,0.36706832298136643,0.0
450656,NACOGDOCHES MEDICAL CENTER,TX,NACOGDOCHES,True,False,Voluntary non-profit - Other,HAI_2_SIR,Catheter Associated Urinary Tract Infections (ICU + select Wards),hai,False,0.23,,2024-10-01,2025-09-30,0.48479194630872485,0.36706832298136643,0.350492390331244
450447,NAVARRO REGIONAL HOSPITAL,TX,NAVARRO,True,False,Government - Hospital District or Authority,HAI_2_SIR,Catheter Associated Urinary Tract Infections (ICU + select Wards),hai,False,0.862,,2024-10-01,2025-09-30,0.48479194630872485,0.36706832298136643,0.835720680393912
450809,NORTH AUSTIN MEDICAL CENTER,TX,TRAVIS,True,False,Proprietary,HAI_2_SIR,Catheter Associated Urinary Tract Infections (ICU + select Wards),hai,False,0.543,,2024-10-01,2025-09-30,0.48479194630872485,0.36706832298136643,0.637421665174575
450090,NORTH TEXAS MEDICAL CENTER,TX,COOKE,True,False,Voluntary non-profit - Private,HAI_2_SIR,Catheter Associated Urinary Tract Infections (ICU + select Wards),hai,False,0.0,,2024-10-01,2025-09-30,0.48479194630872485,0.36706832298136643,0.0
450209,NORTHWEST TEXAS HOSPITAL,TX,POTTER,True,False,Voluntary non-profit - Private,HAI_2_SIR,Catheter Associated Urinary Tract Infections (ICU + select Wards),hai,False,0.415,,2024-10-01,2025-09-30,0.48479194630872485,0.36706832298136643,0.515219337511191
450661,ODESSA REGIONAL MEDICAL CENTER,TX,ECTOR,True,False,Proprietary,HAI_2_SIR,Catheter Associated Urinary Tract Infections (ICU + select Wards),hai,False,0.785,,2024-10-01,2025-09-30,0.48479194630872485,0.36706832298136643,0.79632945389436
450747,PALESTINE REGIONAL MEDICAL CENTER,TX,ANDERSON,True,False,Proprietary,HAI_2_SIR,Catheter Associated Urinary Tract Infections (ICU + select Wards),hai,False,0.0,,2024-10-01,2025-09-30,0.48479194630872485,0.36706832298136643,0.0
450196,PARIS REGIONAL MEDICAL CENTER,TX,LAMAR,True,False,Proprietary,HAI_2_SIR,Catheter Associated Urinary Tract Infections (ICU + select Wards),hai,False,0.406,,2024-10-01,2025-09-30,0.48479194630872485,0.36706832298136643,0.50626678603402
450015,PARKLAND HEALTH & HOSPITAL SYSTEM,TX,DALLAS,True,False,Government - Hospital District or Authority,HAI_2_SIR,Catheter Associated Urinary Tract Infections (ICU + select Wards),hai,False,0.936,,2024-10-01,2025-09-30,0.48479194630872485,0.36706832298136643,0.865711727842435
450007,PETERSON REGIONAL MEDICAL CENTER,TX,KERR,True,False,Voluntary non-profit - Private,HAI_2_SIR,Catheter Associated Urinary Tract Infections (ICU + select Wards),hai,False,0.468,,2024-10-01,2025-09-30,0.48479194630872485,0.36706832298136643,0.574753804834378
670098,RESOLUTE HEALTH HOSPITAL,TX,COMAL,True,False,Proprietary,HAI_2_SIR,Catheter Associated Urinary Tract Infections (ICU + select Wards),hai,False,0.0,,2024-10-01,2025-09-30,0.48479194630872485,0.36706832298136643,0.0
450711,RIO GRANDE REGIONAL HOSPITAL,TX,HIDALGO,True,False,Proprietary,HAI_2_SIR,Catheter Associated Urinary Tract Infections (ICU + select Wards),hai,False,0.698,,2024-10-01,2025-09-30,0.48479194630872485,0.36706832298136643,0.755147717099373
450718,ROUND ROCK MEDICAL CENTER,TX,WILLIAMSON,True,False,Proprietary,HAI_2_SIR,Catheter Associated Urinary Tract Infections (ICU + select Wards),hai,False,0.0,,2024-10-01,2025-09-30,0.48479194630872485,0.36706832298136643,0.0
45090F,SAN ANTONIO VA MEDICAL CENTER (VA SOUTH TEXAS HEALTHCARE SYSTEM),TX,BEXAR,True,False,Veterans Health Administration,HAI_2_SIR,Catheter Associated Urinary Tract Infections (ICU + select Wards),hai,False,0.327,,2024-10-01,2025-09-30,0.48479194630872485,0.36706832298136643,0.427484333034915
670080,SETON MEDICAL CENTER HARKER HEIGHTS,TX,BELL,True,False,Proprietary,HAI_2_SIR,Catheter Associated Urinary Tract Infections (ICU + select Wards),hai,False,0.0,,2024-10-01,2025-09-30,0.48479194630872485,0.36706832298136643,0.0
450571,SHANNON MEDICAL CENTER,TX,TOM GREEN,True,False,Voluntary non-profit - Private,HAI_2_SIR,Catheter Associated Urinary Tract Infections (ICU + select Wards),hai,False,0.831,,2024-10-01,2025-09-30,0.48479194630872485,0.36706832298136643,0.817367949865712
450668,SIERRA MEDICAL CENTER,TX,EL PASO,True,False,Proprietary,HAI_2_SIR,Catheter Associated Urinary Tract Infections (ICU + select Wards),hai,False,0.242,,2024-10-01,2025-09-30,0.48479194630872485,0.36706832298136643,0.35810205908684
450119,SOUTH TEXAS HEALTH SYSTEM,TX,HIDALGO,True,False,Proprietary,HAI_2_SIR,Catheter Associated Urinary Tract Infections (ICU + select Wards),hai,False,0.823,,2024-10-01,2025-09-30,0.48479194630872485,0.36706832298136643,0.813786929274843
450431,ST DAVID'S MEDICAL CENTER,TX,TRAVIS,True,False,Proprietary,HAI_2_SIR,Catheter Associated Urinary Tract Infections (ICU + select Wards),hai,False,0.262,,2024-10-01,2025-09-30,0.48479194630872485,0.36706832298136643,0.375559534467323
450713,ST DAVID'S SOUTH AUSTIN MEDICAL CENTER,TX,TRAVIS,True,False,Proprietary,HAI_2_SIR,Catheter Associated Urinary Tract Infections (ICU + select Wards),hai,False,0.065,,2024-10-01,2025-09-30,0.48479194630872485,0.36706832298136643,0.244404655326768
450035,ST JOSEPH MEDICAL CENTER,TX,HARRIS,True,True,Physician,HAI_2_SIR,Catheter Associated Urinary Tract Infections (ICU + select Wards),hai,False,0.5,,2024-10-01,2025-09-30,0.48479194630872485,0.36706832298136643,0.600716204118174
670075,ST LUKE'S HOSPITAL AT THE VINTAGE,TX,HARRIS,True,True,Voluntary non-profit - Private,HAI_2_SIR,Catheter Associated Urinary Tract Infections (ICU + select Wards),hai,False,0.0,,2024-10-01,2025-09-30,0.48479194630872485,0.36706832298136643,0.0
670031,ST LUKE'S PATIENTS MEDICAL CENTER,TX,HARRIS,True,True,Proprietary,HAI_2_SIR,Catheter Associated Urinary Tract Infections (ICU + select Wards),hai,False,0.0,,2024-10-01,2025-09-30,0.48479194630872485,0.36706832298136643,0.0
670053,ST LUKE'S SUGAR LAND HOSPITAL,TX,FORT BEND,True,True,Voluntary non-profit - Private,HAI_2_SIR,Catheter Associated Urinary Tract Infections (ICU + select Wards),hai,False,0.502,,2024-10-01,2025-09-30,0.48479194630872485,0.36706832298136643,0.602059086839749
450862,ST LUKE'S THE WOODLANDS HOSPITAL,TX,MONTGOMERY,True,True,Voluntary non-profit - Private,HAI_2_SIR,Catheter Associated Urinary Tract Infections (ICU + select Wards),hai,False,0.68,,2024-10-01,2025-09-30,0.48479194630872485,0.36706832298136643,0.74395702775291
45086F,TEMPLE VA MEDICAL CENTER (VA CENTRAL TEXAS HEALTHCARE SYSTEM),TX,BELL,True,False,Veterans Health Administration,HAI_2_SIR,Catheter Associated Urinary Tract Infections (ICU + select Wards),hai,False,1.922,,2024-10-01,2025-09-30,0.48479194630872485,0.36706832298136643,0.984333034914951
450064,TEXAS HEALTH ARLINGTON MEMORIAL HOSPITAL,TX,TARRANT,True,False,Voluntary non-profit - Private,HAI_2_SIR,Catheter Associated Urinary Tract Infections (ICU + select Wards),hai,False,0.0,,2024-10-01,2025-09-30,0.48479194630872485,0.36706832298136643,0.0
450135,TEXAS HEALTH HARRIS METHODIST FORT WORTH,TX,TARRANT,True,False,Voluntary non-profit - Private,HAI_2_SIR,Catheter Associated Urinary Tract Infections (ICU + select Wards),hai,False,0.251,,2024-10-01,2025-09-30,0.48479194630872485,0.36706832298136643,0.366606982990152
670085,TEXAS HEALTH HARRIS METHODIST HOSPITAL ALLIANCE,TX,TARRANT,True,False,Voluntary non-profit - Private,HAI_2_SIR,Catheter Associated Urinary Tract Infections (ICU + select Wards),hai,False,0.0,,2024-10-01,2025-09-30,0.48479194630872485,0.36706832298136643,0.0
450779,TEXAS HEALTH HARRIS METHODIST HOSPITAL SOUTHWEST F,TX,TARRANT,True,False,Voluntary non-profit - Private,HAI_2_SIR,Catheter Associated Urinary Tract Infections (ICU + select Wards),hai,False,0.261,,2024-10-01,2025-09-30,0.48479194630872485,0.36706832298136643,0.374216651745748
450639,TEXAS HEALTH HARRIS METHODIST HURST-EULESS-BEDFORD,TX,TARRANT,True,False,Voluntary non-profit - Private,HAI_2_SIR,Catheter Associated Urinary Tract Infections (ICU + select Wards),hai,False,0.0,,2024-10-01,2025-09-30,0.48479194630872485,0.36706832298136643,0.0
670260,TEXAS HEALTH HOSPITAL FRISCO,TX,DENTON,True,False,Voluntary non-profit - Private,HAI_2_SIR,Catheter Associated Urinary Tract Infections (ICU + select Wards),hai,False,0.885,,2024-10-01,2025-09-30,0.48479194630872485,0.36706832298136643,0.844225604297225
450677,TEXAS HEALTH HUGULEY HOSPITAL FORT WORTH SOUTH,TX,TARRANT,True,False,Voluntary non-profit - Private,HAI_2_SIR,Catheter Associated Urinary Tract Infections (ICU + select Wards),hai,False,0.429,,2024-10-01,2025-09-30,0.48479194630872485,0.36706832298136643,0.531333930170098
450840,TEXAS HEALTH PRESBYTERIAN HOSPITAL ALLEN,TX,COLLIN,True,False,Voluntary non-profit - Private,HAI_2_SIR,Catheter Associated Urinary Tract Infections (ICU + select Wards),hai,False,0.0,,2024-10-01,2025-09-30,0.48479194630872485,0.36706832298136643,0.0
450462,TEXAS HEALTH PRESBYTERIAN HOSPITAL DALLAS,TX,DALLAS,True,False,Voluntary non-profit - Private,HAI_2_SIR,Catheter Associated Urinary Tract Infections (ICU + select Wards),hai,False,0.188,,2024-10-01,2025-09-30,0.48479194630872485,0.36706832298136643,0.312444046553268
450743,TEXAS HEALTH PRESBYTERIAN HOSPITAL DENTON,TX,DENTON,True,False,Voluntary non-profit - Private,HAI_2_SIR,Catheter Associated Urinary Tract Infections (ICU + select Wards),hai,False,0.617,,2024-10-01,2025-09-30,0.48479194630872485,0.36706832298136643,0.70053715308863
670068,TEXAS HEALTH PRESBYTERIAN HOSPITAL FLOWER MOUND,TX,DENTON,True,False,Proprietary,HAI_2_SIR,Catheter Associated Urinary Tract Infections (ICU + select Wards),hai,False,0.505,,2024-10-01,2025-09-30,0.48479194630872485,0.36706832298136643,0.605192479856759
450771,TEXAS HEALTH PRESBYTERIAN HOSPITAL PLANO,TX,COLLIN,True,False,Voluntary non-profit - Private,HAI_2_SIR,Catheter Associated Urinary Tract Infections (ICU + select Wards),hai,False,0.218,,2024-10-01,2025-09-30,0.48479194630872485,0.36706832298136643,0.340644583706356
670044,TEXAS HEALTH PRESBYTERIAN HOSPITAL ROCKWALL,TX,ROCKWALL,True,False,Proprietary,HAI_2_SIR,Catheter Associated Urinary Tract Infections (ICU + select Wards),hai,False,0.0,,2024-10-01,2025-09-30,0.48479194630872485,0.36706832298136643,0.0
450324,TEXOMA MEDICAL CENTER,TX,GRAYSON,True,False,Proprietary,HAI_2_SIR,Catheter Associated Urinary Tract Infections (ICU + select Wards),hai,False,0.429,,2024-10-01,2025-09-30,0.48479194630872485,0.36706832298136643,0.531333930170098
670047,THE HOSPITALS OF PROVIDENCE - EAST CAMPUS,TX,EL PASO,True,False,Proprietary,HAI_2_SIR,Catheter Associated Urinary Tract Infections (ICU + select Wards),hai,False,0.479,,2024-10-01,2025-09-30,0.48479194630872485,0.36706832298136643,0.584153983885407
450002,THE HOSPITALS OF PROVIDENCE - MEMORIAL CAMPUS,TX,EL PASO,True,False,Proprietary,HAI_2_SIR,Catheter Associated Urinary Tract Infections (ICU + select Wards),hai,False,0.251,,2024-10-01,2025-09-30,0.48479194630872485,0.36706832298136643,0.366606982990152
670120,THE HOSPITALS OF PROVIDENCE TRANSMOUNTAIN CAMPUS,TX,EL PASO,True,False,Proprietary,HAI_2_SIR,Catheter Associated Urinary Tract Infections (ICU + select Wards),hai,False,0.0,,2024-10-01,2025-09-30,0.48479194630872485,0.36706832298136643,0.0
450010,UNITED REGIONAL HEALTH CARE SYSTEM,TX,WICHITA,True,False,Voluntary non-profit - Private,HAI_2_SIR,Catheter Associated Urinary Tract Infections (ICU + select Wards),hai,False,0.269,,2024-10-01,2025-09-30,0.48479194630872485,0.36706832298136643,0.381378692927484
450213,UNIVERSITY HEALTH SYSTEM,TX,BEXAR,True,False,Government - Hospital District or Authority,HAI_2_SIR,Catheter Associated Urinary Tract Infections (ICU + select Wards),hai,False,0.405,,2024-10-01,2025-09-30,0.48479194630872485,0.36706832298136643,0.504923903312444
450686,UNIVERSITY MEDICAL CENTER,TX,LUBBOCK,True,False,Government - Hospital District or Authority,HAI_2_SIR,Catheter Associated Urinary Tract Infections (ICU + select Wards),hai,False,0.319,,2024-10-01,2025-09-30,0.48479194630872485,0.36706832298136643,0.41987466427932
450024,UNIVERSITY MEDICAL CENTER OF EL PASO,TX,EL PASO,True,False,Physician,HAI_2_SIR,Catheter Associated Urinary Tract Infections (ICU + select Wards),hai,False,0.441,,2024-10-01,2025-09-30,0.48479194630872485,0.36706832298136643,0.546105640107431
450018,UNIVERSITY OF TEXAS MEDICAL BRANCH GALVESTON,TX,GALVESTON,True,True,Government - State,HAI_2_SIR,Catheter Associated Urinary Tract Infections (ICU + select Wards),hai,False,0.675,,2024-10-01,2025-09-30,0.48479194630872485,0.36706832298136643,0.739480752014324
450389,UT HEALTH EAST TEXAS ATHENS HOSPITAL,TX,HENDERSON,True,False,Proprietary,HAI_2_SIR,Catheter Associated Urinary Tract Infections (ICU + select Wards),hai,False,0.0,,2024-10-01,2025-09-30,0.48479194630872485,0.36706832298136643,0.0
451380,UT HEALTH EAST TEXAS QUITMAN HOSPITAL,TX,WOOD,True,False,Voluntary non-profit - Other,HAI_2_SIR,Catheter Associated Urinary Tract Infections (ICU + select Wards),hai,False,0.0,,2024-10-01,2025-09-30,0.48479194630872485,0.36706832298136643,0.0
450083,UT HEALTH EAST TEXAS TYLER REGIONAL HOSPITAL,TX,SMITH,True,False,Proprietary,HAI_2_SIR,Catheter Associated Urinary Tract Infections (ICU + select Wards),hai,False,0.524,,2024-10-01,2025-09-30,0.48479194630872485,0.36706832298136643,0.623097582811101
450044,UT OF TEXAS  SOUTHWESTERN UNIVERSITY HOSPITAL - WILLIAM P. CLEMENTS JR.,TX,DALLAS,True,False,Government - State,HAI_2_SIR,Catheter Associated Urinary Tract Infections (ICU + select Wards),hai,False,0.416,,2024-10-01,2025-09-30,0.48479194630872485,0.36706832298136643,0.517009847806625
45060F,VA AMARILLO HEALTHCARE SYSTEM,TX,POTTER,True,False,Veterans Health Administration,HAI_2_SIR,Catheter Associated Urinary Tract Infections (ICU + select Wards),hai,False,2.83,,2024-10-01,2025-09-30,0.48479194630872485,0.36706832298136643,0.99686660698299
450028,VALLEY BAPTIST MEDICAL CENTER- BROWNSVILLE,TX,CAMERON,True,False,Proprietary,HAI_2_SIR,Catheter Associated Urinary Tract Infections (ICU + select Wards),hai,False,0.181,,2024-10-01,2025-09-30,0.48479194630872485,0.36706832298136643,0.306624888093107
450662,VALLEY REGIONAL MEDICAL CENTER,TX,CAMERON,True,False,Proprietary,HAI_2_SIR,Catheter Associated Urinary Tract Infections (ICU + select Wards),hai,False,0.556,,2024-10-01,2025-09-30,0.48479194630872485,0.36706832298136643,0.64816472694718
450033,VHS HARLINGEN HOSPITAL COMPANY LLC,TX,CAMERON,True,False,Proprietary,HAI_2_SIR,Catheter Associated Urinary Tract Infections (ICU + select Wards),hai,False,0.213,,2024-10-01,2025-09-30,0.48479194630872485,0.36706832298136643,0.335273052820054
45068F,William Beaumont AMG (FT Bliss),TX,EL PASO,True,False,Department of Defense,HAI_2_SIR,Catheter Associated Urinary Tract Infections (ICU + select Wards),hai,False,1.235,,2024-10-01,2025-09-30,0.48479194630872485,0.36706832298136643,0.925246195165622
450469,WILSON N JONES REGIONAL MEDICAL CENTER,TX,GRAYSON,True,False,Proprietary,HAI_2_SIR,Catheter Associated Urinary Tract Infections (ICU + select Wards),hai,False,0.0,,2024-10-01,2025-09-30,0.48479194630872485,0.36706832298136643,0.0
450484,WOODLAND HEIGHTS MEDICAL CENTER,TX,ANGELINA,True,False,Proprietary,HAI_2_SIR,Catheter Associated Urinary Tract Infections (ICU + select Wards),hai,False,0.757,,2024-10-01,2025-09-30,0.48479194630872485,0.36706832298136643,0.784691136974038
450152,ADVENTHEALTH CENTRAL TEXAS,TX,BELL,True,False,Voluntary non-profit - Church,MORT_30_HF,Death rate for heart failure patients,complications_deaths,False,12.9,199.0,2022-07-01,2025-06-30,11.073630698589701,10.516504854368932,0.828740157480315
670056,ASCENSION  SETON HAYS,TX,HAYS,True,False,Voluntary non-profit - Private,MORT_30_HF,Death rate for heart failure patients,complications_deaths,False,9.4,178.0,2022-07-01,2025-06-30,11.073630698589701,10.516504854368932,0.186351706036745
450042,ASCENSION PROVIDENCE,TX,MC LENNAN,True,False,Voluntary non-profit - Private,MORT_30_HF,Death rate for heart failure patients,complications_deaths,False,13.8,321.0,2022-07-01,2025-06-30,11.073630698589701,10.516504854368932,0.90748031496063
670043,ASCENSION SETON CEDAR PARK,TX,WILLIAMSON,True,False,Voluntary non-profit - Private,MORT_30_HF,Death rate for heart failure patients,complications_deaths,False,9.3,119.0,2022-07-01,2025-06-30,11.073630698589701,10.516504854368932,0.170275590551181
451365,ASCENSION SETON HIGHLAND LAKES,TX,BURNET,True,False,Voluntary non-profit - Private,MORT_30_HF,Death rate for heart failure patients,complications_deaths,False,9.6,34.0,2022-07-01,2025-06-30,11.073630698589701,10.516504854368932,0.219488188976378
450056,ASCENSION SETON MEDICAL CENTER AUSTIN,TX,TRAVIS,True,False,Voluntary non-profit - Private,MORT_30_HF,Death rate for heart failure patients,complications_deaths,False,9.6,245.0,2022-07-01,2025-06-30,11.073630698589701,10.516504854368932,0.219488188976378
450867,ASCENSION SETON NORTHWEST,TX,TRAVIS,True,False,Voluntary non-profit - Private,MORT_30_HF,Death rate for heart failure patients,complications_deaths,False,8.5,50.0,2022-07-01,2025-06-30,11.073630698589701,10.516504854368932,0.0862860892388451
670041,ASCENSION SETON WILLIAMSON,TX,WILLIAMSON,True,False,Voluntary non-profit - Private,MORT_30_HF,Death rate for heart failure patients,complications_deaths,False,11.5,183.0,2022-07-01,2025-06-30,11.073630698589701,10.516504854368932,0.599409448818898
450346,BAPTIST BEAUMONT HOSPITAL,TX,JEFFERSON,True,False,Voluntary non-profit - Private,MORT_30_HF,Death rate for heart failure patients,complications_deaths,False,10.6,340.0,2022-07-01,2025-06-30,11.073630698589701,10.516504854368932,0.413713910761155
450058,BAPTIST MEDICAL CENTER,TX,BEXAR,True,False,Proprietary,MORT_30_HF,Death rate for heart failure patients,complications_deaths,False,9.9,754.0,2022-07-01,2025-06-30,11.073630698589701,10.516504854368932,0.274278215223097
450885,BAYLOR SCOTT &  WHITE MEDICAL CENTER - CENTENNIAL,TX,COLLIN,True,False,Voluntary non-profit - Private,MORT_30_HF,Death rate for heart failure patients,complications_deaths,False,11.4,122.0,2022-07-01,2025-06-30,11.073630698589701,10.516504854368932,0.574146981627297
450851,BAYLOR SCOTT & WHITE HEART & VASCULAR HOSPITAL - DALLAS,TX,DALLAS,True,False,Proprietary,MORT_30_HF,Death rate for heart failure patients,complications_deaths,False,9.3,153.0,2022-07-01,2025-06-30,11.073630698589701,10.516504854368932,0.170275590551181
450563,BAYLOR SCOTT & WHITE MEDICAL CENTER  GRAPEVINE,TX,TARRANT,True,False,Voluntary non-profit - Private,MORT_30_HF,Death rate for heart failure patients,complications_deaths,False,8.8,390.0,2022-07-01,2025-06-30,11.073630698589701,10.516504854368932,0.111548556430446
670108,BAYLOR SCOTT & WHITE MEDICAL CENTER - MARBLE FALLS,TX,BURNET,True,False,Voluntary non-profit - Private,MORT_30_HF,Death rate for heart failure patients,complications_deaths,False,11.4,107.0,2022-07-01,2025-06-30,11.073630698589701,10.516504854368932,0.574146981627297
670034,BAYLOR SCOTT & WHITE MEDICAL CENTER - ROUND ROCK,TX,WILLIAMSON,True,False,Voluntary non-profit - Private,MORT_30_HF,Death rate for heart failure patients,complications_deaths,False,8.6,392.0,2022-07-01,2025-06-30,11.073630698589701,10.516504854368932,0.0931758530183727
450054,BAYLOR SCOTT & WHITE MEDICAL CENTER - TEMPLE,TX,BELL,True,False,Voluntary non-profit - Private,MORT_30_HF,Death rate for heart failure patients,complications_deaths,False,8.4,470.0,2022-07-01,2025-06-30,11.073630698589701,10.516504854368932,0.078740157480315
450079,BAYLOR SCOTT & WHITE MEDICAL CENTER AT IRVING,TX,DALLAS,True,False,Voluntary non-profit - Private,MORT_30_HF,Death rate for heart failure patients,complications_deaths,False,7.7,228.0,2022-07-01,2025-06-30,11.073630698589701,10.516504854368932,0.0370734908136483
450101,BAYLOR SCOTT & WHITE MEDICAL CENTER HILLCREST,TX,MC LENNAN,True,False,Voluntary non-profit - Private,MORT_30_HF,Death rate for heart failure patients,complications_deaths,False,14.2,196.0,2022-07-01,2025-06-30,11.073630698589701,10.516504854368932,0.931102362204724
670128,BAYLOR SCOTT & WHITE MEDICAL CENTER PFLUGERVILLE,TX,TRAVIS,True,False,Voluntary non-profit - Private,MORT_30_HF,Death rate for heart failure patients,complications_deaths,False,11.7,29.0,2022-07-01,2025-06-30,11.073630698589701,10.516504854368932,0.637139107611549
450890,BAYLOR SCOTT & WHITE MEDICAL CENTER PLANO,TX,COLLIN,True,False,Voluntary non-profit - Other,MORT_30_HF,Death rate for heart failure patients,complications_deaths,False,9.7,238.0,2022-07-01,2025-06-30,11.073630698589701,10.516504854368932,0.235892388451444
670088,BAYLOR SCOTT & WHITE MEDICAL CENTER- COLLEGE STATI,TX,BRAZOS,True,False,Voluntary non-profit - Private,MORT_30_HF,Death rate for heart failure patients,complications_deaths,False,10.9,248.0,2022-07-01,2025-06-30,11.073630698589701,10.516504854368932,0.467847769028871
450372,BAYLOR SCOTT & WHITE MEDICAL CENTER- WAXAHACHIE,TX,ELLIS,True,False,Voluntary non-profit - Private,MORT_30_HF,Death rate for heart failure patients,complications_deaths,False,12.6,301.0,2022-07-01,2025-06-30,11.073630698589701,10.516504854368932,0.789698162729659
670025,BAYLOR SCOTT & WHITE THE HEART HOSPITAL PLANO,TX,COLLIN,True,False,Physician,MORT_30_HF,Death rate for heart failure patients,complications_deaths,False,11.0,574.0,2022-07-01,2025-06-30,11.073630698589701,10.516504854368932,0.488188976377953
670082,BAYLOR SCOTT AND WHITE  MEDICAL CENTER  MCKINNEY,TX,COLLIN,True,False,Voluntary non-profit - Private,MORT_30_HF,Death rate for heart failure patients,complications_deaths,False,8.5,322.0,2022-07-01,2025-06-30,11.073630698589701,10.516504854368932,0.0862860892388451
450137,BAYLOR SCOTT AND WHITE ALL SAINTS MEDICAL CENTER,TX,TARRANT,True,False,Voluntary non-profit - Private,MORT_30_HF,Death rate for heart failure patients,complications_deaths,False,8.3,266.0,2022-07-01,2025-06-30,11.073630698589701,10.516504854368932,0.0715223097112861
450742,BAYLOR SCOTT AND WHITE MEDICAL CENTER LAKE POINTE,TX,DALLAS,True,False,Voluntary non-profit - Private,MORT_30_HF,Death rate for heart failure patients,complications_deaths,False,11.7,250.0,2022-07-01,2025-06-30,11.073630698589701,10.516504854368932,0.637139107611549
670060,BAYLOR SCOTT AND WHITE MEDICAL CENTER SUNNYVALE,TX,DALLAS,True,False,Proprietary,MORT_30_HF,Death rate for heart failure patients,complications_deaths,False,12.7,111.0,2022-07-01,2025-06-30,11.073630698589701,10.516504854368932,0.801837270341207
450193,Baylor St Lukes Medical Center,TX,HARRIS,True,True,Voluntary non-profit - Church,MORT_30_HF,Death rate for heart failure patients,complications_deaths,False,7.2,351.0,2022-07-01,2025-06-30,11.073630698589701,10.516504854368932,0.0213254593175853
450021,BAYLOR UNIVERSITY MEDICAL CENTER,TX,DALLAS,True,False,Voluntary non-profit - Private,MORT_30_HF,Death rate for heart failure patients,complications_deaths,False,12.9,389.0,2022-07-01,2025-06-30,11.073630698589701,10.516504854368932,0.828740157480315
450231,BSA HOSPITAL,TX,POTTER,True,False,Proprietary,MORT_30_HF,Death rate for heart failure patients,complications_deaths,False,11.4,651.0,2022-07-01,2025-06-30,11.073630698589701,10.516504854368932,0.574146981627297
450730,CARROLLTON REGIONAL MEDICAL CENTER,TX,DENTON,True,False,Proprietary,MORT_30_HF,Death rate for heart failure patients,complications_deaths,False,12.1,39.0,2022-07-01,2025-06-30,11.073630698589701,10.516504854368932,0.711286089238845
450011,CHI ST JOSEPH HEALTH REGIONAL HOSPITAL,TX,BRAZOS,True,False,Voluntary non-profit - Private,MORT_30_HF,Death rate for heart failure patients,complications_deaths,False,10.5,490.0,2022-07-01,2025-06-30,11.073630698589701,10.516504854368932,0.389435695538058
450072,CHI ST LUKE'S HEALTH BRAZOSPORT,TX,BRAZORIA,True,True,Voluntary non-profit - Private,MORT_30_HF,Death rate for heart failure patients,complications_deaths,False,11.5,147.0,2022-07-01,2025-06-30,11.073630698589701,10.516504854368932,0.599409448818898
450395,CHI ST LUKES HEALTH MEMORIAL LIVINGSTON,TX,POLK,True,False,Voluntary non-profit - Private,MORT_30_HF,Death rate for heart failure patients,complications_deaths,False,11.0,54.0,2022-07-01,2025-06-30,11.073630698589701,10.516504854368932,0.488188976377953
450211,CHI ST LUKES HEALTH MEMORIAL LUFKIN,TX,ANGELINA,True,False,Voluntary non-profit - Private,MORT_30_HF,Death rate for heart failure patients,complications_deaths,False,10.2,223.0,2022-07-01,2025-06-30,11.073630698589701,10.516504854368932,0.329068241469816
450032,CHRISTUS GOOD SHEPHERD MEDICAL CENTER,TX,GREGG,True,False,Voluntary non-profit - Private,MORT_30_HF,Death rate for heart failure patients,complications_deaths,False,8.6,424.0,2022-07-01,2025-06-30,11.073630698589701,10.516504854368932,0.0931758530183727
450573,CHRISTUS JASPER MEMORIAL HOSPITAL,TX,JASPER,True,False,Voluntary non-profit - Private,MORT_30_HF,Death rate for heart failure patients,complications_deaths,False,10.3,27.0,2022-07-01,2025-06-30,11.073630698589701,10.516504854368932,0.351706036745407
450102,CHRISTUS MOTHER FRANCES HOSPITAL,TX,SMITH,True,False,Voluntary non-profit - Private,MORT_30_HF,Death rate for heart failure patients,complications_deaths,False,12.1,862.0,2022-07-01,2025-06-30,11.073630698589701,10.516504854368932,0.711286089238845
450236,CHRISTUS MOTHER FRANCES HOSPITAL SULPHUR SPRINGS,TX,HOPKINS,True,False,Voluntary non-profit - Private,MORT_30_HF,Death rate for heart failure patients,complications_deaths,False,10.2,150.0,2022-07-01,2025-06-30,11.073630698589701,10.516504854368932,0.329068241469816
450272,CHRISTUS SANTA ROSA HOSPITAL-SAN MARCOS,TX,HAYS,True,False,Voluntary non-profit - Church,MORT_30_HF,Death rate for heart failure patients,complications_deaths,False,10.1,212.0,2022-07-01,2025-06-30,11.073630698589701,10.516504854368932,0.309383202099738
450237,CHRISTUS SANTA ROSA MEDICAL CENTER,TX,BEXAR,True,False,Voluntary non-profit - Private,MORT_30_HF,Death rate for heart failure patients,complications_deaths,False,9.0,617.0,2022-07-01,2025-06-30,11.073630698589701,10.516504854368932,0.132874015748032
450034,CHRISTUS SOUTHEAST TEXAS- ST ELIZABETH,TX,JEFFERSON,True,False,Voluntary non-profit - Private,MORT_30_HF,Death rate for heart failure patients,complications_deaths,False,11.3,363.0,2022-07-01,2025-06-30,11.073630698589701,10.516504854368932,0.550853018372703
450828,CHRISTUS SPOHN HOSPITAL ALICE,TX,JIM WELLS,True,False,Voluntary non-profit - Private,MORT_30_HF,Death rate for heart failure patients,complications_deaths,False,9.6,57.0,2022-07-01,2025-06-30,11.073630698589701,10.516504854368932,0.219488188976378
450082,CHRISTUS SPOHN HOSPITAL BEEVILLE,TX,BEE,True,False,Voluntary non-profit - Private,MORT_30_HF,Death rate for heart failure patients,complications_deaths,False,10.8,38.0,2022-07-01,2025-06-30,11.073630698589701,10.516504854368932,0.448490813648294
450046,CHRISTUS SPOHN HOSPITAL CORPUS CHRISTI,TX,NUECES,True,False,Voluntary non-profit - Private,MORT_30_HF,Death rate for heart failure patients,complications_deaths,False,10.3,249.0,2022-07-01,2025-06-30,11.073630698589701,10.516504854368932,0.351706036745407
450163,CHRISTUS SPOHN HOSPITAL KLEBERG,TX,KLEBERG,True,False,Voluntary non-profit - Private,MORT_30_HF,Death rate for heart failure patients,complications_deaths,False,10.5,40.0,2022-07-01,2025-06-30,11.073630698589701,10.516504854368932,0.389435695538058
450801,CHRISTUS ST MICHAEL HEALTH SYSTEM,TX,BOWIE,True,False,Voluntary non-profit - Private,MORT_30_HF,Death rate for heart failure patients,complications_deaths,False,13.3,555.0,2022-07-01,2025-06-30,11.073630698589701,10.516504854368932,0.871719160104987
450023,CITIZENS MEDICAL CENTER,TX,VICTORIA,True,False,Voluntary non-profit - Other,MORT_30_HF,Death rate for heart failure patients,complications_deaths,False,11.1,336.0,2022-07-01,2025-06-30,11.073630698589701,10.516504854368932,0.512795275590551
450370,COLUMBUS COMMUNITY HOSPITAL,TX,COLORADO,True,False,Voluntary non-profit - Private,MORT_30_HF,Death rate for heart failure patients,complications_deaths,False,11.2,40.0,2022-07-01,2025-06-30,11.073630698589701,10.516504854368932,0.536745406824147
451382,COMANCHE COUNTY MEDICAL CENTER,TX,COMANCHE,True,False,Voluntary non-profit - Private,MORT_30_HF,Death rate for heart failure patients,complications_deaths,False,11.4,31.0,2022-07-01,2025-06-30,11.073630698589701,10.516504854368932,0.574146981627297
450788,"CORPUS CHRISTI MEDICAL CENTER,THE",TX,NUECES,True,False,Voluntary non-profit - Other,MORT_30_HF,Death rate for heart failure patients,complications_deaths,False,7.5,313.0,2022-07-01,2025-06-30,11.073630698589701,10.516504854368932,0.0295275590551181
450539,COVENANT HOSPITAL PLAINVIEW,TX,HALE,True,False,Voluntary non-profit - Private,MORT_30_HF,Death rate for heart failure patients,complications_deaths,False,10.7,37.0,2022-07-01,2025-06-30,11.073630698589701,10.516504854368932,0.431430446194226
450040,COVENANT MEDICAL CENTER,TX,LUBBOCK,True,False,Voluntary non-profit - Private,MORT_30_HF,Death rate for heart failure patients,complications_deaths,False,9.7,534.0,2022-07-01,2025-06-30,11.073630698589701,10.516504854368932,0.235892388451444
450597,CUERO REGIONAL HOSPITAL,TX,DE WITT,True,False,Government - Hospital District or Authority,MORT_30_HF,Death rate for heart failure patients,complications_deaths,False,11.8,31.0,2022-07-01,2025-06-30,11.073630698589701,10.516504854368932,0.653871391076115
450688,DALLAS REGIONAL MEDICAL CENTER,TX,DALLAS,True,False,Proprietary,MORT_30_HF,Death rate for heart failure patients,complications_deaths,False,10.7,96.0,2022-07-01,2025-06-30,11.073630698589701,10.516504854368932,0.431430446194226
45066F,DALLAS VA MEDICAL CENTER (VA NORTH TEXAS HEALTHCARE SYSTEM),TX,DALLAS,True,False,Veterans Health Administration,MORT_30_HF,Death rate for heart failure patients,complications_deaths,False,5.8,715.0,2022-07-01,2025-06-30,11.073630698589701,10.516504854368932,0.0026246719160105
450147,DE TAR HOSPITAL NAVARRO,TX,VICTORIA,True,False,Proprietary,MORT_30_HF,Death rate for heart failure patients,complications_deaths,False,11.6,240.0,2022-07-01,2025-06-30,11.073630698589701,10.516504854368932,0.619094488188976
450124,DELL SETON  MED CENTER AT THE UNIVERSITY OF TX,TX,TRAVIS,True,False,Voluntary non-profit - Private,MORT_30_HF,Death rate for heart failure patients,complications_deaths,False,9.7,29.0,2022-07-01,2025-06-30,11.073630698589701,10.516504854368932,0.235892388451444
450643,DOCTORS HOSPITAL OF LAREDO,TX,WEBB,True,False,Proprietary,MORT_30_HF,Death rate for heart failure patients,complications_deaths,False,10.5,69.0,2022-07-01,2025-06-30,11.073630698589701,10.516504854368932,0.389435695538058
450869,DOCTORS HOSPTAL AT RENAISSANCE,TX,HIDALGO,True,False,Physician,MORT_30_HF,Death rate for heart failure patients,complications_deaths,False,10.1,158.0,2022-07-01,2025-06-30,11.073630698589701,10.516504854368932,0.309383202099738
450694,EL CAMPO MEMORIAL HOSPITAL,TX,WHARTON,True,False,Voluntary non-profit - Other,MORT_30_HF,Death rate for heart failure patients,complications_deaths,False,11.9,74.0,2022-07-01,2025-06-30,11.073630698589701,10.516504854368932,0.672900262467192
450092,FORT DUNCAN MEDICAL CENTER,TX,MAVERICK,True,False,Proprietary,MORT_30_HF,Death rate for heart failure patients,complications_deaths,False,11.0,43.0,2022-07-01,2025-06-30,11.073630698589701,10.516504854368932,0.488188976377953
450104,GUADALUPE REGIONAL MEDICAL CENTER,TX,GUADALUPE,True,False,Government - Local,MORT_30_HF,Death rate for heart failure patients,complications_deaths,False,12.2,189.0,2022-07-01,2025-06-30,11.073630698589701,10.516504854368932,0.726706036745407
450855,HARLINGEN MEDICAL CENTER,TX,CAMERON,True,False,Proprietary,MORT_30_HF,Death rate for heart failure patients,complications_deaths,False,8.8,111.0,2022-07-01,2025-06-30,11.073630698589701,10.516504854368932,0.111548556430446
450289,HARRIS HEALTH,TX,HARRIS,True,True,Government - Hospital District or Authority,MORT_30_HF,Death rate for heart failure patients,complications_deaths,False,9.7,48.0,2022-07-01,2025-06-30,11.073630698589701,10.516504854368932,0.235892388451444
450617,HCA HOUSTON HEALTHCARE CLEAR LAKE,TX,HARRIS,True,True,Proprietary,MORT_30_HF,Death rate for heart failure patients,complications_deaths,False,8.1,478.0,2022-07-01,2025-06-30,11.073630698589701,10.516504854368932,0.0580708661417323
450222,HCA HOUSTON HEALTHCARE CONROE,TX,MONTGOMERY,True,True,Proprietary,MORT_30_HF,Death rate for heart failure patients,complications_deaths,False,9.8,210.0,2022-07-01,2025-06-30,11.073630698589701,10.516504854368932,0.256233595800525
450775,HCA HOUSTON HEALTHCARE KINGWOOD,TX,HARRIS,True,True,Proprietary,MORT_30_HF,Death rate for heart failure patients,complications_deaths,False,8.8,551.0,2022-07-01,2025-06-30,11.073630698589701,10.516504854368932,0.111548556430446
450659,HCA HOUSTON HEALTHCARE MEDICAL CENTER,TX,HARRIS,True,True,Proprietary,MORT_30_HF,Death rate for heart failure patients,complications_deaths,False,9.1,71.0,2022-07-01,2025-06-30,11.073630698589701,10.516504854368932,0.143044619422572
450638,HCA HOUSTON HEALTHCARE NORTHWEST,TX,HARRIS,True,True,Proprietary,MORT_30_HF,Death rate for heart failure patients,complications_deaths,False,9.9,76.0,2022-07-01,2025-06-30,11.073630698589701,10.516504854368932,0.274278215223097
670106,HCA HOUSTON HEALTHCARE PEARLAND,TX,BRAZORIA,True,True,Proprietary,MORT_30_HF,Death rate for heart failure patients,complications_deaths,False,11.1,73.0,2022-07-01,2025-06-30,11.073630698589701,10.516504854368932,0.512795275590551
450097,HCA HOUSTON HEALTHCARE SOUTHEAST,TX,HARRIS,True,True,Proprietary,MORT_30_HF,Death rate for heart failure patients,complications_deaths,False,12.0,109.0,2022-07-01,2025-06-30,11.073630698589701,10.516504854368932,0.693569553805774
450670,HCA HOUSTON HEALTHCARE TOMBALL,TX,HARRIS,True,True,Proprietary,MORT_30_HF,Death rate for heart failure patients,complications_deaths,False,8.8,194.0,2022-07-01,2025-06-30,11.073630698589701,10.516504854368932,0.111548556430446
450644,HCA HOUSTON HEALTHCARE WEST,TX,HARRIS,True,True,Proprietary,MORT_30_HF,Death rate for heart failure patients,complications_deaths,False,8.8,103.0,2022-07-01,2025-06-30,11.073630698589701,10.516504854368932,0.111548556430446
450229,HENDRICK MEDICAL CENTER,TX,TAYLOR,True,False,Voluntary non-profit - Private,MORT_30_HF,Death rate for heart failure patients,complications_deaths,False,13.0,588.0,2022-07-01,2025-06-30,11.073630698589701,10.516504854368932,0.841207349081365
450587,HENDRICK MEDICAL CENTER BROWNWOOD,TX,BROWN,True,False,Voluntary non-profit - Private,MORT_30_HF,Death rate for heart failure patients,complications_deaths,False,12.0,115.0,2022-07-01,2025-06-30,11.073630698589701,10.516504854368932,0.693569553805774
450604,HILL COUNTRY MEMORIAL HOSPITAL,TX,GILLESPIE,True,False,Proprietary,MORT_30_HF,Death rate for heart failure patients,complications_deaths,False,16.0,89.0,2022-07-01,2025-06-30,11.073630698589701,10.516504854368932,0.98490813648294
451395,HILL REGIONAL HOSPITAL,TX,HILL,True,False,Voluntary non-profit - Private,MORT_30_HF,Death rate for heart failure patients,complications_deaths,False,16.8,43.0,2022-07-01,2025-06-30,11.073630698589701,10.516504854368932,0.991141732283465
450424,HOUSTON METHODIST BAYTOWN HOSPITAL,TX,HARRIS,True,True,Voluntary non-profit - Private,MORT_30_HF,Death rate for heart failure patients,complications_deaths,False,7.7,444.0,2022-07-01,2025-06-30,11.073630698589701,10.516504854368932,0.0370734908136483
450709,HOUSTON METHODIST CLEAR LAKE HOSPITAL,TX,HARRIS,True,True,Voluntary non-profit - Private,MORT_30_HF,Death rate for heart failure patients,complications_deaths,False,9.1,276.0,2022-07-01,2025-06-30,11.073630698589701,10.516504854368932,0.143044619422572
450358,HOUSTON METHODIST HOSPITAL,TX,HARRIS,True,True,Voluntary non-profit - Private,MORT_30_HF,Death rate for heart failure patients,complications_deaths,False,6.0,1264.0,2022-07-01,2025-06-30,11.073630698589701,10.516504854368932,0.00360892388451444
450820,HOUSTON METHODIST SUGARLAND HOSPITAL,TX,FORT BEND,True,True,Voluntary non-profit - Private,MORT_30_HF,Death rate for heart failure patients,complications_deaths,False,6.9,860.0,2022-07-01,2025-06-30,11.073630698589701,10.516504854368932,0.0127952755905512
670122,HOUSTON METHODIST THE WOODLANDS HOSPITAL,TX,MONTGOMERY,True,True,Voluntary non-profit - Private,MORT_30_HF,Death rate for heart failure patients,complications_deaths,False,7.6,727.0,2022-07-01,2025-06-30,11.073630698589701,10.516504854368932,0.0337926509186352
670077,HOUSTON METHODIST WEST HOSPITAL,TX,HARRIS,True,True,Voluntary non-profit - Private,MORT_30_HF,Death rate for heart failure patients,complications_deaths,False,9.3,482.0,2022-07-01,2025-06-30,11.073630698589701,10.516504854368932,0.170275590551181
450844,HOUSTON METHODIST WILLOWBROOK HOSPITAL,TX,HARRIS,True,True,Voluntary non-profit - Private,MORT_30_HF,Death rate for heart failure patients,complications_deaths,False,6.1,644.0,2022-07-01,2025-06-30,11.073630698589701,10.516504854368932,0.00459317585301837
45074F,HOUSTON VA MEDICAL CENTER,TX,HARRIS,True,True,Veterans Health Administration,MORT_30_HF,Death rate for heart failure patients,complications_deaths,False,7.0,1120.0,2022-07-01,2025-06-30,11.073630698589701,10.516504854368932,0.0164041994750656
450352,HUNT REGIONAL MEDICAL CENTER,TX,HUNT,True,False,Government - Hospital District or Authority,MORT_30_HF,Death rate for heart failure patients,complications_deaths,False,11.4,322.0,2022-07-01,2025-06-30,11.073630698589701,10.516504854368932,0.574146981627297
450347,HUNTSVILLE MEMORIAL HOSPITAL,TX,WALKER,True,False,Voluntary non-profit - Private,MORT_30_HF,Death rate for heart failure patients,complications_deaths,False,9.9,88.0,2022-07-01,2025-06-30,11.073630698589701,10.516504854368932,0.274278215223097
450039,JPS HEALTH NETWORK,TX,TARRANT,True,False,Government - Hospital District or Authority,MORT_30_HF,Death rate for heart failure patients,complications_deaths,False,8.6,114.0,2022-07-01,2025-06-30,11.073630698589701,10.516504854368932,0.0931758530183727
450128,KNAPP MEDICAL CENTER,TX,HIDALGO,True,False,Voluntary non-profit - Private,MORT_30_HF,Death rate for heart failure patients,complications_deaths,False,7.4,73.0,2022-07-01,2025-06-30,11.073630698589701,10.516504854368932,0.0246062992125984
450596,LAKE GRANBURY MEDICAL CENTER,TX,HOOD,True,False,Proprietary,MORT_30_HF,Death rate for heart failure patients,complications_deaths,False,11.4,123.0,2022-07-01,2025-06-30,11.073630698589701,10.516504854368932,0.574146981627297
450029,LAREDO MEDICAL CENTER,TX,WEBB,True,False,Proprietary,MORT_30_HF,Death rate for heart failure patients,complications_deaths,False,9.9,202.0,2022-07-01,2025-06-30,11.073630698589701,10.516504854368932,0.274278215223097
450107,LAS PALMAS MEDICAL CENTER A CAMPUS OF LPDS HEALTHC,TX,EL PASO,True,False,Proprietary,MORT_30_HF,Death rate for heart failure patients,complications_deaths,False,11.6,196.0,2022-07-01,2025-06-30,11.073630698589701,10.516504854368932,0.619094488188976
451376,LAVACA MEDICAL CENTER,TX,LAVACA,True,False,Government - Hospital District or Authority,MORT_30_HF,Death rate for heart failure patients,complications_deaths,False,10.3,25.0,2022-07-01,2025-06-30,11.073630698589701,10.516504854368932,0.351706036745407
450702,LONGVIEW REGIONAL MEDICAL CENTER,TX,GREGG,True,False,Proprietary,MORT_30_HF,Death rate for heart failure patients,complications_deaths,False,10.9,279.0,2022-07-01,2025-06-30,11.073630698589701,10.516504854368932,0.467847769028871
450876,LUBBOCK HEART HOSPITAL LP,TX,LUBBOCK,True,False,Government - Hospital District or Authority,MORT_30_HF,Death rate for heart failure patients,complications_deaths,False,14.4,99.0,2022-07-01,2025-06-30,11.073630698589701,10.516504854368932,0.940616797900262
450465,MATAGORDA REGIONAL MEDICAL CENTER,TX,MATAGORDA,True,False,Government - Hospital District or Authority,MORT_30_HF,Death rate for heart failure patients,complications_deaths,False,9.0,63.0,2022-07-01,2025-06-30,11.073630698589701,10.516504854368932,0.132874015748032
450132,MEDICAL CENTER HOSPITAL,TX,ECTOR,True,False,Government - Hospital District or Authority,MORT_30_HF,Death rate for heart failure patients,complications_deaths,False,10.9,293.0,2022-07-01,2025-06-30,11.073630698589701,10.516504854368932,0.467847769028871
450403,MEDICAL CENTER OF MCKINNEY,TX,COLLIN,True,False,Proprietary,MORT_30_HF,Death rate for heart failure patients,complications_deaths,False,10.0,241.0,2022-07-01,2025-06-30,11.073630698589701,10.516504854368932,0.29002624671916
670103,MEDICAL CITY ALLIANCE,TX,TARRANT,True,False,Voluntary non-profit - Private,MORT_30_HF,Death rate for heart failure patients,complications_deaths,False,9.3,112.0,2022-07-01,2025-06-30,11.073630698589701,10.516504854368932,0.170275590551181
450675,MEDICAL CITY ARLINGTON,TX,TARRANT,True,False,Proprietary,MORT_30_HF,Death rate for heart failure patients,complications_deaths,False,8.6,211.0,2022-07-01,2025-06-30,11.073630698589701,10.516504854368932,0.0931758530183727
450647,MEDICAL CITY DALLAS HOSPITAL,TX,DALLAS,True,False,Proprietary,MORT_30_HF,Death rate for heart failure patients,complications_deaths,False,10.7,372.0,2022-07-01,2025-06-30,11.073630698589701,10.516504854368932,0.431430446194226
450634,MEDICAL CITY DENTON,TX,DENTON,True,False,Proprietary,MORT_30_HF,Death rate for heart failure patients,complications_deaths,False,8.4,282.0,2022-07-01,2025-06-30,11.073630698589701,10.516504854368932,0.078740157480315
450672,MEDICAL CITY FORT WORTH,TX,TARRANT,True,False,Proprietary,MORT_30_HF,Death rate for heart failure patients,complications_deaths,False,7.9,196.0,2022-07-01,2025-06-30,11.073630698589701,10.516504854368932,0.0485564304461942
450822,MEDICAL CITY LAS COLINAS,TX,DALLAS,True,False,Proprietary,MORT_30_HF,Death rate for heart failure patients,complications_deaths,False,11.2,54.0,2022-07-01,2025-06-30,11.073630698589701,10.516504854368932,0.536745406824147
450669,MEDICAL CITY LEWISVILLE,TX,DENTON,True,False,Voluntary non-profit - Private,MORT_30_HF,Death rate for heart failure patients,complications_deaths,False,12.1,160.0,2022-07-01,2025-06-30,11.073630698589701,10.516504854368932,0.711286089238845
450087,MEDICAL CITY NORTH HILLS,TX,TARRANT,True,False,Proprietary,MORT_30_HF,Death rate for heart failure patients,complications_deaths,False,11.4,146.0,2022-07-01,2025-06-30,11.073630698589701,10.516504854368932,0.574146981627297
450651,MEDICAL CITY PLANO,TX,COLLIN,True,False,Proprietary,MORT_30_HF,Death rate for heart failure patients,complications_deaths,False,11.0,325.0,2022-07-01,2025-06-30,11.073630698589701,10.516504854368932,0.488188976377953
450203,MEDICAL CITY WEATHERFORD,TX,PARKER,True,False,Proprietary,MORT_30_HF,Death rate for heart failure patients,complications_deaths,False,11.7,226.0,2022-07-01,2025-06-30,11.073630698589701,10.516504854368932,0.637139107611549
450068,MEMORIAL HERMANN - TEXAS MEDICAL CENTER,TX,HARRIS,True,True,Voluntary non-profit - Private,MORT_30_HF,Death rate for heart failure patients,complications_deaths,False,8.2,418.0,2022-07-01,2025-06-30,11.073630698589701,10.516504854368932,0.0646325459317585
450184,MEMORIAL HERMANN HOSPITAL SYSTEM,TX,HARRIS,True,True,Voluntary non-profit - Private,MORT_30_HF,Death rate for heart failure patients,complications_deaths,False,9.9,1296.0,2022-07-01,2025-06-30,11.073630698589701,10.516504854368932,0.274278215223097
450847,MEMORIAL HERMANN KATY HOSPITAL,TX,FORT BEND,True,True,Voluntary non-profit - Private,MORT_30_HF,Death rate for heart failure patients,complications_deaths,False,12.1,285.0,2022-07-01,2025-06-30,11.073630698589701,10.516504854368932,0.711286089238845
450610,MEMORIAL HERMANN MEMORIAL CITY HOSPITAL,TX,HARRIS,True,True,Voluntary non-profit - Private,MORT_30_HF,Death rate for heart failure patients,complications_deaths,False,8.1,411.0,2022-07-01,2025-06-30,11.073630698589701,10.516504854368932,0.0580708661417323
450684,MEMORIAL HERMANN NORTHEAST HOSPITAL,TX,HARRIS,True,True,Voluntary non-profit - Private,MORT_30_HF,Death rate for heart failure patients,complications_deaths,False,10.3,346.0,2022-07-01,2025-06-30,11.073630698589701,10.516504854368932,0.351706036745407
450848,MEMORIAL HERMANN SUGAR LAND HOSPITAL,TX,FORT BEND,True,True,Voluntary non-profit - Private,MORT_30_HF,Death rate for heart failure patients,complications_deaths,False,9.9,244.0,2022-07-01,2025-06-30,11.073630698589701,10.516504854368932,0.274278215223097
451356,MEMORIAL MEDICAL CENTER,TX,CALHOUN,True,False,Government - Local,MORT_30_HF,Death rate for heart failure patients,complications_deaths,False,13.2,25.0,2022-07-01,2025-06-30,11.073630698589701,10.516504854368932,0.86253280839895
450723,METHODIST CHARLTON MEDICAL CENTER,TX,DALLAS,True,False,Voluntary non-profit - Private,MORT_30_HF,Death rate for heart failure patients,complications_deaths,False,11.1,240.0,2022-07-01,2025-06-30,11.073630698589701,10.516504854368932,0.512795275590551
450051,METHODIST DALLAS MEDICAL CENTER,TX,DALLAS,True,False,Voluntary non-profit - Other,MORT_30_HF,Death rate for heart failure patients,complications_deaths,False,9.9,128.0,2022-07-01,2025-06-30,11.073630698589701,10.516504854368932,0.274278215223097
450388,METHODIST HOSPITAL,TX,BEXAR,True,False,Proprietary,MORT_30_HF,Death rate for heart failure patients,complications_deaths,False,8.4,1923.0,2022-07-01,2025-06-30,11.073630698589701,10.516504854368932,0.078740157480315
670055,METHODIST HOSPITAL  STONE OAK,TX,BEXAR,True,False,Proprietary,MORT_30_HF,Death rate for heart failure patients,complications_deaths,False,10.9,435.0,2022-07-01,2025-06-30,11.073630698589701,10.516504854368932,0.467847769028871
450165,METHODIST HOSPITAL ATASCOSA,TX,ATASCOSA,True,False,Proprietary,MORT_30_HF,Death rate for heart failure patients,complications_deaths,False,11.8,40.0,2022-07-01,2025-06-30,11.073630698589701,10.516504854368932,0.653871391076115
670023,METHODIST MANSFIELD MEDICAL CENTER,TX,TARRANT,True,False,Voluntary non-profit - Private,MORT_30_HF,Death rate for heart failure patients,complications_deaths,False,10.2,346.0,2022-07-01,2025-06-30,11.073630698589701,10.516504854368932,0.329068241469816
670300,METHODIST MIDLOTHIAN MEDICAL CENTER,TX,ELLIS,True,False,Voluntary non-profit - Private,MORT_30_HF,Death rate for heart failure patients,complications_deaths,False,10.1,70.0,2022-07-01,2025-06-30,11.073630698589701,10.516504854368932,0.309383202099738
450537,METHODIST RICHARDSON MEDICAL CENTER,TX,COLLIN,True,False,Voluntary non-profit - Private,MORT_30_HF,Death rate for heart failure patients,complications_deaths,False,12.0,261.0,2022-07-01,2025-06-30,11.073630698589701,10.516504854368932,0.693569553805774
450133,MIDLAND MEMORIAL HOSPITAL,TX,MIDLAND,True,False,Government - Hospital District or Authority,MORT_30_HF,Death rate for heart failure patients,complications_deaths,False,15.1,266.0,2022-07-01,2025-06-30,11.073630698589701,10.516504854368932,0.966207349081365
450176,MISSION REGIONAL MEDICAL CENTER,TX,HIDALGO,True,False,Voluntary non-profit - Private,MORT_30_HF,Death rate for heart failure patients,complications_deaths,False,9.6,71.0,2022-07-01,2025-06-30,11.073630698589701,10.516504854368932,0.219488188976378
450656,NACOGDOCHES MEDICAL CENTER,TX,NACOGDOCHES,True,False,Voluntary non-profit - Other,MORT_30_HF,Death rate for heart failure patients,complications_deaths,False,10.5,163.0,2022-07-01,2025-06-30,11.073630698589701,10.516504854368932,0.389435695538058
450508,NACOGDOCHES MEMORIAL HOSPITAL,TX,NACOGDOCHES,True,False,Proprietary,MORT_30_HF,Death rate for heart failure patients,complications_deaths,False,10.3,74.0,2022-07-01,2025-06-30,11.073630698589701,10.516504854368932,0.351706036745407
450447,NAVARRO REGIONAL HOSPITAL,TX,NAVARRO,True,False,Government - Hospital District or Authority,MORT_30_HF,Death rate for heart failure patients,complications_deaths,False,13.4,86.0,2022-07-01,2025-06-30,11.073630698589701,10.516504854368932,0.879265091863517
450641,NOCONA GENERAL HOSPITAL,TX,MONTAGUE,True,False,Government - Hospital District or Authority,MORT_30_HF,Death rate for heart failure patients,complications_deaths,False,10.6,32.0,2022-07-01,2025-06-30,11.073630698589701,10.516504854368932,0.413713910761155
450809,NORTH AUSTIN MEDICAL CENTER,TX,TRAVIS,True,False,Proprietary,MORT_30_HF,Death rate for heart failure patients,complications_deaths,False,10.1,264.0,2022-07-01,2025-06-30,11.073630698589701,10.516504854368932,0.309383202099738
450090,NORTH TEXAS MEDICAL CENTER,TX,COOKE,True,False,Voluntary non-profit - Private,MORT_30_HF,Death rate for heart failure patients,complications_deaths,False,11.4,46.0,2022-07-01,2025-06-30,11.073630698589701,10.516504854368932,0.574146981627297
450209,NORTHWEST TEXAS HOSPITAL,TX,POTTER,True,False,Voluntary non-profit - Private,MORT_30_HF,Death rate for heart failure patients,complications_deaths,False,12.7,223.0,2022-07-01,2025-06-30,11.073630698589701,10.516504854368932,0.801837270341207
450330,OAKBEND MEDICAL CENTER,TX,FORT BEND,True,True,Government - Hospital District or Authority,MORT_30_HF,Death rate for heart failure patients,complications_deaths,False,10.7,46.0,2022-07-01,2025-06-30,11.073630698589701,10.516504854368932,0.431430446194226
450661,ODESSA REGIONAL MEDICAL CENTER,TX,ECTOR,True,False,Proprietary,MORT_30_HF,Death rate for heart failure patients,complications_deaths,False,9.6,144.0,2022-07-01,2025-06-30,11.073630698589701,10.516504854368932,0.219488188976378
450747,PALESTINE REGIONAL MEDICAL CENTER,TX,ANDERSON,True,False,Proprietary,MORT_30_HF,Death rate for heart failure patients,complications_deaths,False,15.6,88.0,2022-07-01,2025-06-30,11.073630698589701,10.516504854368932,0.979330708661417
450565,PALO PINTO GENERAL HOSPITAL,TX,PALO PINTO,True,False,Government - Hospital District or Authority,MORT_30_HF,Death rate for heart failure patients,complications_deaths,False,9.7,33.0,2022-07-01,2025-06-30,11.073630698589701,10.516504854368932,0.235892388451444
450196,PARIS REGIONAL MEDICAL CENTER,TX,LAMAR,True,False,Proprietary,MORT_30_HF,Death rate for heart failure patients,complications_deaths,False,11.6,318.0,2022-07-01,2025-06-30,11.073630698589701,10.516504854368932,0.619094488188976
450015,PARKLAND HEALTH & HOSPITAL SYSTEM,TX,DALLAS,True,False,Government - Hospital District or Authority,MORT_30_HF,Death rate for heart failure patients,complications_deaths,False,9.1,162.0,2022-07-01,2025-06-30,11.073630698589701,10.516504854368932,0.143044619422572
450400,PARKVIEW REGIONAL HOSPITAL,TX,LIMESTONE,True,False,Proprietary,MORT_30_HF,Death rate for heart failure patients,complications_deaths,False,9.4,26.0,2022-07-01,2025-06-30,11.073630698589701,10.516504854368932,0.186351706036745
450007,PETERSON REGIONAL MEDICAL CENTER,TX,KERR,True,False,Voluntary non-profit - Private,MORT_30_HF,Death rate for heart failure patients,complications_deaths,False,11.5,235.0,2022-07-01,2025-06-30,11.073630698589701,10.516504854368932,0.599409448818898
451377,REEVES REGIONAL HEALTH,TX,REEVES,True,False,Government - Hospital District or Authority,MORT_30_HF,Death rate for heart failure patients,complications_deaths,False,12.5,33.0,2022-07-01,2025-06-30,11.073630698589701,10.516504854368932,0.774278215223097
670098,RESOLUTE HEALTH HOSPITAL,TX,COMAL,True,False,Proprietary,MORT_30_HF,Death rate for heart failure patients,complications_deaths,False,10.9,197.0,2022-07-01,2025-06-30,11.073630698589701,10.516504854368932,0.467847769028871
450711,RIO GRANDE REGIONAL HOSPITAL,TX,HIDALGO,True,False,Proprietary,MORT_30_HF,Death rate for heart failure patients,complications_deaths,False,8.5,107.0,2022-07-01,2025-06-30,11.073630698589701,10.516504854368932,0.0862860892388451
450718,ROUND ROCK MEDICAL CENTER,TX,WILLIAMSON,True,False,Proprietary,MORT_30_HF,Death rate for heart failure patients,complications_deaths,False,11.3,339.0,2022-07-01,2025-06-30,11.073630698589701,10.516504854368932,0.550853018372703
45090F,SAN ANTONIO VA MEDICAL CENTER (VA SOUTH TEXAS HEALTHCARE SYSTEM),TX,BEXAR,True,False,Veterans Health Administration,MORT_30_HF,Death rate for heart failure patients,complications_deaths,False,6.6,537.0,2022-07-01,2025-06-30,11.073630698589701,10.516504854368932,0.0078740157480315
450653,SCENIC MOUNTAIN MEDICAL CENTER,TX,HOWARD,True,False,Proprietary,MORT_30_HF,Death rate for heart failure patients,complications_deaths,False,13.2,30.0,2022-07-01,2025-06-30,11.073630698589701,10.516504854368932,0.86253280839895
670080,SETON MEDICAL CENTER HARKER HEIGHTS,TX,BELL,True,False,Proprietary,MORT_30_HF,Death rate for heart failure patients,complications_deaths,False,9.8,103.0,2022-07-01,2025-06-30,11.073630698589701,10.516504854368932,0.256233595800525
450571,SHANNON MEDICAL CENTER,TX,TOM GREEN,True,False,Voluntary non-profit - Private,MORT_30_HF,Death rate for heart failure patients,complications_deaths,False,11.8,466.0,2022-07-01,2025-06-30,11.073630698589701,10.516504854368932,0.653871391076115
450668,SIERRA MEDICAL CENTER,TX,EL PASO,True,False,Proprietary,MORT_30_HF,Death rate for heart failure patients,complications_deaths,False,11.0,161.0,2022-07-01,2025-06-30,11.073630698589701,10.516504854368932,0.488188976377953
450119,SOUTH TEXAS HEALTH SYSTEM,TX,HIDALGO,True,False,Proprietary,MORT_30_HF,Death rate for heart failure patients,complications_deaths,False,11.4,288.0,2022-07-01,2025-06-30,11.073630698589701,10.516504854368932,0.574146981627297
450431,ST DAVID'S MEDICAL CENTER,TX,TRAVIS,True,False,Proprietary,MORT_30_HF,Death rate for heart failure patients,complications_deaths,False,8.4,1181.0,2022-07-01,2025-06-30,11.073630698589701,10.516504854368932,0.078740157480315
450713,ST DAVID'S SOUTH AUSTIN MEDICAL CENTER,TX,TRAVIS,True,False,Proprietary,MORT_30_HF,Death rate for heart failure patients,complications_deaths,False,10.6,484.0,2022-07-01,2025-06-30,11.073630698589701,10.516504854368932,0.413713910761155
670075,ST LUKE'S HOSPITAL AT THE VINTAGE,TX,HARRIS,True,True,Voluntary non-profit - Private,MORT_30_HF,Death rate for heart failure patients,complications_deaths,False,10.4,102.0,2022-07-01,2025-06-30,11.073630698589701,10.516504854368932,0.37007874015748
670031,ST LUKE'S PATIENTS MEDICAL CENTER,TX,HARRIS,True,True,Proprietary,MORT_30_HF,Death rate for heart failure patients,complications_deaths,False,10.8,84.0,2022-07-01,2025-06-30,11.073630698589701,10.516504854368932,0.448490813648294
670053,ST LUKE'S SUGAR LAND HOSPITAL,TX,FORT BEND,True,True,Voluntary non-profit - Private,MORT_30_HF,Death rate for heart failure patients,complications_deaths,False,8.7,61.0,2022-07-01,2025-06-30,11.073630698589701,10.516504854368932,0.103674540682415
450862,ST LUKE'S THE WOODLANDS HOSPITAL,TX,MONTGOMERY,True,True,Voluntary non-profit - Private,MORT_30_HF,Death rate for heart failure patients,complications_deaths,False,11.1,286.0,2022-07-01,2025-06-30,11.073630698589701,10.516504854368932,0.512795275590551
45086F,TEMPLE VA MEDICAL CENTER (VA CENTRAL TEXAS HEALTHCARE SYSTEM),TX,BELL,True,False,Veterans Health Administration,MORT_30_HF,Death rate for heart failure patients,complications_deaths,False,8.4,406.0,2022-07-01,2025-06-30,11.073630698589701,10.516504854368932,0.078740157480315
450064,TEXAS HEALTH ARLINGTON MEMORIAL HOSPITAL,TX,TARRANT,True,False,Voluntary non-profit - Private,MORT_30_HF,Death rate for heart failure patients,complications_deaths,False,10.5,159.0,2022-07-01,2025-06-30,11.073630698589701,10.516504854368932,0.389435695538058
450135,TEXAS HEALTH HARRIS METHODIST FORT WORTH,TX,TARRANT,True,False,Voluntary non-profit - Private,MORT_30_HF,Death rate for heart failure patients,complications_deaths,False,10.4,626.0,2022-07-01,2025-06-30,11.073630698589701,10.516504854368932,0.37007874015748
670085,TEXAS HEALTH HARRIS METHODIST HOSPITAL ALLIANCE,TX,TARRANT,True,False,Voluntary non-profit - Private,MORT_30_HF,Death rate for heart failure patients,complications_deaths,False,12.0,192.0,2022-07-01,2025-06-30,11.073630698589701,10.516504854368932,0.693569553805774
450419,TEXAS HEALTH HARRIS METHODIST HOSPITAL AZLE,TX,TARRANT,True,False,Voluntary non-profit - Private,MORT_30_HF,Death rate for heart failure patients,complications_deaths,False,10.5,43.0,2022-07-01,2025-06-30,11.073630698589701,10.516504854368932,0.389435695538058
450148,TEXAS HEALTH HARRIS METHODIST HOSPITAL CLEBURNE,TX,JOHNSON,True,False,Voluntary non-profit - Private,MORT_30_HF,Death rate for heart failure patients,complications_deaths,False,12.2,92.0,2022-07-01,2025-06-30,11.073630698589701,10.516504854368932,0.726706036745407
450779,TEXAS HEALTH HARRIS METHODIST HOSPITAL SOUTHWEST F,TX,TARRANT,True,False,Voluntary non-profit - Private,MORT_30_HF,Death rate for heart failure patients,complications_deaths,False,9.5,317.0,2022-07-01,2025-06-30,11.073630698589701,10.516504854368932,0.199803149606299
450351,TEXAS HEALTH HARRIS METHODIST HOSPITAL STEPHENVILL,TX,ERATH,True,False,Voluntary non-profit - Private,MORT_30_HF,Death rate for heart failure patients,complications_deaths,False,12.5,47.0,2022-07-01,2025-06-30,11.073630698589701,10.516504854368932,0.774278215223097
450639,TEXAS HEALTH HARRIS METHODIST HURST-EULESS-BEDFORD,TX,TARRANT,True,False,Voluntary non-profit - Private,MORT_30_HF,Death rate for heart failure patients,complications_deaths,False,12.3,311.0,2022-07-01,2025-06-30,11.073630698589701,10.516504854368932,0.741797900262467
670071,TEXAS HEALTH HEART & VASCULAR HOSPITAL ARLINGTON,TX,TARRANT,True,False,Physician,MORT_30_HF,Death rate for heart failure patients,complications_deaths,False,9.7,58.0,2022-07-01,2025-06-30,11.073630698589701,10.516504854368932,0.235892388451444
670260,TEXAS HEALTH HOSPITAL FRISCO,TX,DENTON,True,False,Voluntary non-profit - Private,MORT_30_HF,Death rate for heart failure patients,complications_deaths,False,10.8,111.0,2022-07-01,2025-06-30,11.073630698589701,10.516504854368932,0.448490813648294
670309,TEXAS HEALTH HOSPITAL MANSFIELD,TX,TARRANT,True,False,Voluntary non-profit - Private,MORT_30_HF,Death rate for heart failure patients,complications_deaths,False,10.6,28.0,2022-07-01,2025-06-30,11.073630698589701,10.516504854368932,0.413713910761155
450677,TEXAS HEALTH HUGULEY HOSPITAL FORT WORTH SOUTH,TX,TARRANT,True,False,Voluntary non-profit - Private,MORT_30_HF,Death rate for heart failure patients,complications_deaths,False,9.7,399.0,2022-07-01,2025-06-30,11.073630698589701,10.516504854368932,0.235892388451444
450840,TEXAS HEALTH PRESBYTERIAN HOSPITAL ALLEN,TX,COLLIN,True,False,Voluntary non-profit - Private,MORT_30_HF,Death rate for heart failure patients,complications_deaths,False,9.9,180.0,2022-07-01,2025-06-30,11.073630698589701,10.516504854368932,0.274278215223097
450462,TEXAS HEALTH PRESBYTERIAN HOSPITAL DALLAS,TX,DALLAS,True,False,Voluntary non-profit - Private,MORT_30_HF,Death rate for heart failure patients,complications_deaths,False,12.3,609.0,2022-07-01,2025-06-30,11.073630698589701,10.516504854368932,0.741797900262467
450743,TEXAS HEALTH PRESBYTERIAN HOSPITAL DENTON,TX,DENTON,True,False,Voluntary non-profit - Private,MORT_30_HF,Death rate for heart failure patients,complications_deaths,False,9.3,317.0,2022-07-01,2025-06-30,11.073630698589701,10.516504854368932,0.170275590551181
670068,TEXAS HEALTH PRESBYTERIAN HOSPITAL FLOWER MOUND,TX,DENTON,True,False,Proprietary,MORT_30_HF,Death rate for heart failure patients,complications_deaths,False,10.4,158.0,2022-07-01,2025-06-30,11.073630698589701,10.516504854368932,0.37007874015748
450771,TEXAS HEALTH PRESBYTERIAN HOSPITAL PLANO,TX,COLLIN,True,False,Voluntary non-profit - Private,MORT_30_HF,Death rate for heart failure patients,complications_deaths,False,10.5,335.0,2022-07-01,2025-06-30,11.073630698589701,10.516504854368932,0.389435695538058
670044,TEXAS HEALTH PRESBYTERIAN HOSPITAL ROCKWALL,TX,ROCKWALL,True,False,Proprietary,MORT_30_HF,Death rate for heart failure patients,complications_deaths,False,9.3,174.0,2022-07-01,2025-06-30,11.073630698589701,10.516504854368932,0.170275590551181
450324,TEXOMA MEDICAL CENTER,TX,GRAYSON,True,False,Proprietary,MORT_30_HF,Death rate for heart failure patients,complications_deaths,False,9.2,717.0,2022-07-01,2025-06-30,11.073630698589701,10.516504854368932,0.155839895013123
450893,THE HEART HOSPITAL BAYLOR DENTON,TX,DENTON,True,False,Physician,MORT_30_HF,Death rate for heart failure patients,complications_deaths,False,9.7,104.0,2022-07-01,2025-06-30,11.073630698589701,10.516504854368932,0.235892388451444
670047,THE HOSPITALS OF PROVIDENCE - EAST CAMPUS,TX,EL PASO,True,False,Proprietary,MORT_30_HF,Death rate for heart failure patients,complications_deaths,False,13.7,123.0,2022-07-01,2025-06-30,11.073630698589701,10.516504854368932,0.900590551181102
450002,THE HOSPITALS OF PROVIDENCE - MEMORIAL CAMPUS,TX,EL PASO,True,False,Proprietary,MORT_30_HF,Death rate for heart failure patients,complications_deaths,False,11.0,68.0,2022-07-01,2025-06-30,11.073630698589701,10.516504854368932,0.488188976377953
670120,THE HOSPITALS OF PROVIDENCE TRANSMOUNTAIN CAMPUS,TX,EL PASO,True,False,Proprietary,MORT_30_HF,Death rate for heart failure patients,complications_deaths,False,10.8,99.0,2022-07-01,2025-06-30,11.073630698589701,10.516504854368932,0.448490813648294
450518,THE MEDICAL CENTER OF SOUTHEAST TEXAS,TX,JEFFERSON,True,False,Physician,MORT_30_HF,Death rate for heart failure patients,complications_deaths,False,11.1,101.0,2022-07-01,2025-06-30,11.073630698589701,10.516504854368932,0.512795275590551
450080,TITUS REGIONAL MEDICAL CENTER,TX,TITUS,True,False,Government - Hospital District or Authority,MORT_30_HF,Death rate for heart failure patients,complications_deaths,False,10.7,83.0,2022-07-01,2025-06-30,11.073630698589701,10.516504854368932,0.431430446194226
450010,UNITED REGIONAL HEALTH CARE SYSTEM,TX,WICHITA,True,False,Voluntary non-profit - Private,MORT_30_HF,Death rate for heart failure patients,complications_deaths,False,11.3,646.0,2022-07-01,2025-06-30,11.073630698589701,10.516504854368932,0.550853018372703
450213,UNIVERSITY HEALTH SYSTEM,TX,BEXAR,True,False,Government - Hospital District or Authority,MORT_30_HF,Death rate for heart failure patients,complications_deaths,False,10.6,162.0,2022-07-01,2025-06-30,11.073630698589701,10.516504854368932,0.413713910761155
450686,UNIVERSITY MEDICAL CENTER,TX,LUBBOCK,True,False,Government - Hospital District or Authority,MORT_30_HF,Death rate for heart failure patients,complications_deaths,False,10.7,308.0,2022-07-01,2025-06-30,11.073630698589701,10.516504854368932,0.431430446194226
450024,UNIVERSITY MEDICAL CENTER OF EL PASO,TX,EL PASO,True,False,Physician,MORT_30_HF,Death rate for heart failure patients,complications_deaths,False,13.7,60.0,2022-07-01,2025-06-30,11.073630698589701,10.516504854368932,0.900590551181102
450690,UNIVERSITY OF TEXAS HEALTH SCIENCE CENTER AT TYLER,TX,SMITH,True,False,Government - State,MORT_30_HF,Death rate for heart failure patients,complications_deaths,False,11.7,45.0,2022-07-01,2025-06-30,11.073630698589701,10.516504854368932,0.637139107611549
450018,UNIVERSITY OF TEXAS MEDICAL BRANCH GALVESTON,TX,GALVESTON,True,True,Government - State,MORT_30_HF,Death rate for heart failure patients,complications_deaths,False,8.6,699.0,2022-07-01,2025-06-30,11.073630698589701,10.516504854368932,0.0931758530183727
450389,UT HEALTH EAST TEXAS ATHENS HOSPITAL,TX,HENDERSON,True,False,Proprietary,MORT_30_HF,Death rate for heart failure patients,complications_deaths,False,14.8,106.0,2022-07-01,2025-06-30,11.073630698589701,10.516504854368932,0.957020997375328
450210,UT HEALTH EAST TEXAS CARTHAGE HOSPITAL,TX,PANOLA,True,False,Proprietary,MORT_30_HF,Death rate for heart failure patients,complications_deaths,False,11.7,30.0,2022-07-01,2025-06-30,11.073630698589701,10.516504854368932,0.637139107611549
450475,UT HEALTH EAST TEXAS HENDERSON HOSPITAL,TX,RUSK,True,False,Proprietary,MORT_30_HF,Death rate for heart failure patients,complications_deaths,False,10.8,35.0,2022-07-01,2025-06-30,11.073630698589701,10.516504854368932,0.448490813648294
451367,UT HEALTH EAST TEXAS PITTSBURG HOSPITAL,TX,CAMP,True,False,Proprietary,MORT_30_HF,Death rate for heart failure patients,complications_deaths,False,11.7,35.0,2022-07-01,2025-06-30,11.073630698589701,10.516504854368932,0.637139107611549
451380,UT HEALTH EAST TEXAS QUITMAN HOSPITAL,TX,WOOD,True,False,Voluntary non-profit - Other,MORT_30_HF,Death rate for heart failure patients,complications_deaths,False,13.1,29.0,2022-07-01,2025-06-30,11.073630698589701,10.516504854368932,0.852690288713911
450083,UT HEALTH EAST TEXAS TYLER REGIONAL HOSPITAL,TX,SMITH,True,False,Proprietary,MORT_30_HF,Death rate for heart failure patients,complications_deaths,False,11.1,440.0,2022-07-01,2025-06-30,11.073630698589701,10.516504854368932,0.512795275590551
450044,UT OF TEXAS  SOUTHWESTERN UNIVERSITY HOSPITAL - WILLIAM P. CLEMENTS JR.,TX,DALLAS,True,False,Government - State,MORT_30_HF,Death rate for heart failure patients,complications_deaths,False,7.0,566.0,2022-07-01,2025-06-30,11.073630698589701,10.516504854368932,0.0164041994750656
451387,UVALDE MEMORIAL HOSPITAL,TX,UVALDE,True,False,Government - Hospital District or Authority,MORT_30_HF,Death rate for heart failure patients,complications_deaths,False,10.7,32.0,2022-07-01,2025-06-30,11.073630698589701,10.516504854368932,0.431430446194226
45060F,VA AMARILLO HEALTHCARE SYSTEM,TX,POTTER,True,False,Veterans Health Administration,MORT_30_HF,Death rate for heart failure patients,complications_deaths,False,8.6,157.0,2022-07-01,2025-06-30,11.073630698589701,10.516504854368932,0.0931758530183727
450154,VAL VERDE REGIONAL MEDICAL CENTER,TX,VAL VERDE,True,False,Government - Hospital District or Authority,MORT_30_HF,Death rate for heart failure patients,complications_deaths,False,12.1,58.0,2022-07-01,2025-06-30,11.073630698589701,10.516504854368932,0.711286089238845
450028,VALLEY BAPTIST MEDICAL CENTER- BROWNSVILLE,TX,CAMERON,True,False,Proprietary,MORT_30_HF,Death rate for heart failure patients,complications_deaths,False,11.0,103.0,2022-07-01,2025-06-30,11.073630698589701,10.516504854368932,0.488188976377953
450662,VALLEY REGIONAL MEDICAL CENTER,TX,CAMERON,True,False,Proprietary,MORT_30_HF,Death rate for heart failure patients,complications_deaths,False,10.9,109.0,2022-07-01,2025-06-30,11.073630698589701,10.516504854368932,0.467847769028871
450033,VHS HARLINGEN HOSPITAL COMPANY LLC,TX,CAMERON,True,False,Proprietary,MORT_30_HF,Death rate for heart failure patients,complications_deaths,False,7.9,172.0,2022-07-01,2025-06-30,11.073630698589701,10.516504854368932,0.0485564304461942
450678,WHITE ROCK MEDICAL CENTER,TX,DALLAS,True,False,Proprietary,MORT_30_HF,Death rate for heart failure patients,complications_deaths,False,11.1,52.0,2022-07-01,2025-06-30,11.073630698589701,10.516504854368932,0.512795275590551
450469,WILSON N JONES REGIONAL MEDICAL CENTER,TX,GRAYSON,True,False,Proprietary,MORT_30_HF,Death rate for heart failure patients,complications_deaths,False,10.5,103.0,2022-07-01,2025-06-30,11.073630698589701,10.516504854368932,0.389435695538058
450484,WOODLAND HEIGHTS MEDICAL CENTER,TX,ANGELINA,True,False,Proprietary,MORT_30_HF,Death rate for heart failure patients,complications_deaths,False,11.0,227.0,2022-07-01,2025-06-30,11.073630698589701,10.516504854368932,0.488188976377953
451346,YOAKUM COMMUNITY HOSPITAL,TX,LAVACA,True,False,Voluntary non-profit - Private,MORT_30_HF,Death rate for heart failure patients,complications_deaths,False,12.6,29.0,2022-07-01,2025-06-30,11.073630698589701,10.516504854368932,0.789698162729659
450152,ADVENTHEALTH CENTRAL TEXAS,TX,BELL,True,False,Voluntary non-profit - Church,MORT_30_PN,Death rate for pneumonia patients,complications_deaths,False,17.0,253.0,2022-07-01,2025-06-30,15.320032976092333,14.691164658634538,0.757284222100055
451323,ADVENTHEALTH ROLLINS BROOK,TX,LAMPASAS,True,False,Voluntary non-profit - Church,MORT_30_PN,Death rate for pneumonia patients,complications_deaths,False,13.0,28.0,2022-07-01,2025-06-30,15.320032976092333,14.691164658634538,0.176470588235294
670056,ASCENSION  SETON HAYS,TX,HAYS,True,False,Voluntary non-profit - Private,MORT_30_PN,Death rate for pneumonia patients,complications_deaths,False,15.0,281.0,2022-07-01,2025-06-30,15.320032976092333,14.691164658634538,0.467014843320506
450042,ASCENSION PROVIDENCE,TX,MC LENNAN,True,False,Voluntary non-profit - Private,MORT_30_PN,Death rate for pneumonia patients,complications_deaths,False,16.8,324.0,2022-07-01,2025-06-30,15.320032976092333,14.691164658634538,0.734194612424409
670043,ASCENSION SETON CEDAR PARK,TX,WILLIAMSON,True,False,Voluntary non-profit - Private,MORT_30_PN,Death rate for pneumonia patients,complications_deaths,False,18.7,275.0,2022-07-01,2025-06-30,15.320032976092333,14.691164658634538,0.900494777350192
451371,ASCENSION SETON EDGAR B DAVIS,TX,CALDWELL,True,False,Voluntary non-profit - Private,MORT_30_PN,Death rate for pneumonia patients,complications_deaths,False,12.9,44.0,2022-07-01,2025-06-30,15.320032976092333,14.691164658634538,0.163551401869159
451365,ASCENSION SETON HIGHLAND LAKES,TX,BURNET,True,False,Voluntary non-profit - Private,MORT_30_PN,Death rate for pneumonia patients,complications_deaths,False,12.5,51.0,2022-07-01,2025-06-30,15.320032976092333,14.691164658634538,0.123969213853766
450056,ASCENSION SETON MEDICAL CENTER AUSTIN,TX,TRAVIS,True,False,Voluntary non-profit - Private,MORT_30_PN,Death rate for pneumonia patients,complications_deaths,False,16.4,264.0,2022-07-01,2025-06-30,15.320032976092333,14.691164658634538,0.677844969763606
450867,ASCENSION SETON NORTHWEST,TX,TRAVIS,True,False,Voluntary non-profit - Private,MORT_30_PN,Death rate for pneumonia patients,complications_deaths,False,13.6,116.0,2022-07-01,2025-06-30,15.320032976092333,14.691164658634538,0.250687190764156
670041,ASCENSION SETON WILLIAMSON,TX,WILLIAMSON,True,False,Voluntary non-profit - Private,MORT_30_PN,Death rate for pneumonia patients,complications_deaths,False,13.6,250.0,2022-07-01,2025-06-30,15.320032976092333,14.691164658634538,0.250687190764156
450346,BAPTIST BEAUMONT HOSPITAL,TX,JEFFERSON,True,False,Voluntary non-profit - Private,MORT_30_PN,Death rate for pneumonia patients,complications_deaths,False,20.5,534.0,2022-07-01,2025-06-30,15.320032976092333,14.691164658634538,0.966465090709181
450058,BAPTIST MEDICAL CENTER,TX,BEXAR,True,False,Proprietary,MORT_30_PN,Death rate for pneumonia patients,complications_deaths,False,16.9,909.0,2022-07-01,2025-06-30,15.320032976092333,14.691164658634538,0.745739417262232
670078,BAPTIST NEIGHBORHOOD HOSPITAL THOUSAND OAKS,TX,BEXAR,True,False,Proprietary,MORT_30_PN,Death rate for pneumonia patients,complications_deaths,False,11.7,94.0,2022-07-01,2025-06-30,15.320032976092333,14.691164658634538,0.0643210555250137
450885,BAYLOR SCOTT &  WHITE MEDICAL CENTER - CENTENNIAL,TX,COLLIN,True,False,Voluntary non-profit - Private,MORT_30_PN,Death rate for pneumonia patients,complications_deaths,False,12.6,218.0,2022-07-01,2025-06-30,15.320032976092333,14.691164658634538,0.133864760857614
670062,BAYLOR SCOTT & WHITE EMERGENCY HOSPITAL,TX,DENTON,True,False,Proprietary,MORT_30_PN,Death rate for pneumonia patients,complications_deaths,False,12.3,42.0,2022-07-01,2025-06-30,15.320032976092333,14.691164658634538,0.105552501374382
450563,BAYLOR SCOTT & WHITE MEDICAL CENTER  GRAPEVINE,TX,TARRANT,True,False,Voluntary non-profit - Private,MORT_30_PN,Death rate for pneumonia patients,complications_deaths,False,11.6,439.0,2022-07-01,2025-06-30,15.320032976092333,14.691164658634538,0.0582737768004398
670108,BAYLOR SCOTT & WHITE MEDICAL CENTER - MARBLE FALLS,TX,BURNET,True,False,Voluntary non-profit - Private,MORT_30_PN,Death rate for pneumonia patients,complications_deaths,False,17.0,147.0,2022-07-01,2025-06-30,15.320032976092333,14.691164658634538,0.757284222100055
670034,BAYLOR SCOTT & WHITE MEDICAL CENTER - ROUND ROCK,TX,WILLIAMSON,True,False,Voluntary non-profit - Private,MORT_30_PN,Death rate for pneumonia patients,complications_deaths,False,12.9,414.0,2022-07-01,2025-06-30,15.320032976092333,14.691164658634538,0.163551401869159
450054,BAYLOR SCOTT & WHITE MEDICAL CENTER - TEMPLE,TX,BELL,True,False,Voluntary non-profit - Private,MORT_30_PN,Death rate for pneumonia patients,complications_deaths,False,14.0,430.0,2022-07-01,2025-06-30,15.320032976092333,14.691164658634538,0.305937328202309
450079,BAYLOR SCOTT & WHITE MEDICAL CENTER AT IRVING,TX,DALLAS,True,False,Voluntary non-profit - Private,MORT_30_PN,Death rate for pneumonia patients,complications_deaths,False,12.0,227.0,2022-07-01,2025-06-30,15.320032976092333,14.691164658634538,0.0821880153930731
450101,BAYLOR SCOTT & WHITE MEDICAL CENTER HILLCREST,TX,MC LENNAN,True,False,Voluntary non-profit - Private,MORT_30_PN,Death rate for pneumonia patients,complications_deaths,False,13.1,262.0,2022-07-01,2025-06-30,15.320032976092333,14.691164658634538,0.186641011544805
670128,BAYLOR SCOTT & WHITE MEDICAL CENTER PFLUGERVILLE,TX,TRAVIS,True,False,Voluntary non-profit - Private,MORT_30_PN,Death rate for pneumonia patients,complications_deaths,False,13.3,36.0,2022-07-01,2025-06-30,15.320032976092333,14.691164658634538,0.208356239692139
450890,BAYLOR SCOTT & WHITE MEDICAL CENTER PLANO,TX,COLLIN,True,False,Voluntary non-profit - Other,MORT_30_PN,Death rate for pneumonia patients,complications_deaths,False,12.8,397.0,2022-07-01,2025-06-30,15.320032976092333,14.691164658634538,0.154480483782298
670136,BAYLOR SCOTT & WHITE MEDICAL CENTER- AUSTIN,TX,TRAVIS,True,False,Voluntary non-profit - Private,MORT_30_PN,Death rate for pneumonia patients,complications_deaths,False,15.3,42.0,2022-07-01,2025-06-30,15.320032976092333,14.691164658634538,0.510720175920836
670088,BAYLOR SCOTT & WHITE MEDICAL CENTER- COLLEGE STATI,TX,BRAZOS,True,False,Voluntary non-profit - Private,MORT_30_PN,Death rate for pneumonia patients,complications_deaths,False,14.1,229.0,2022-07-01,2025-06-30,15.320032976092333,14.691164658634538,0.319406267179769
450372,BAYLOR SCOTT & WHITE MEDICAL CENTER- WAXAHACHIE,TX,ELLIS,True,False,Voluntary non-profit - Private,MORT_30_PN,Death rate for pneumonia patients,complications_deaths,False,12.6,230.0,2022-07-01,2025-06-30,15.320032976092333,14.691164658634538,0.133864760857614
670025,BAYLOR SCOTT & WHITE THE HEART HOSPITAL PLANO,TX,COLLIN,True,False,Physician,MORT_30_PN,Death rate for pneumonia patients,complications_deaths,False,12.1,35.0,2022-07-01,2025-06-30,15.320032976092333,14.691164658634538,0.0893347993402969
670082,BAYLOR SCOTT AND WHITE  MEDICAL CENTER  MCKINNEY,TX,COLLIN,True,False,Voluntary non-profit - Private,MORT_30_PN,Death rate for pneumonia patients,complications_deaths,False,11.0,387.0,2022-07-01,2025-06-30,15.320032976092333,14.691164658634538,0.0318856514568444
450137,BAYLOR SCOTT AND WHITE ALL SAINTS MEDICAL CENTER,TX,TARRANT,True,False,Voluntary non-profit - Private,MORT_30_PN,Death rate for pneumonia patients,complications_deaths,False,12.4,229.0,2022-07-01,2025-06-30,15.320032976092333,14.691164658634538,0.113523914238593
450742,BAYLOR SCOTT AND WHITE MEDICAL CENTER LAKE POINTE,TX,DALLAS,True,False,Voluntary non-profit - Private,MORT_30_PN,Death rate for pneumonia patients,complications_deaths,False,13.4,324.0,2022-07-01,2025-06-30,15.320032976092333,14.691164658634538,0.220725673446949
670060,BAYLOR SCOTT AND WHITE MEDICAL CENTER SUNNYVALE,TX,DALLAS,True,False,Proprietary,MORT_30_PN,Death rate for pneumonia patients,complications_deaths,False,14.7,162.0,2022-07-01,2025-06-30,15.320032976092333,14.691164658634538,0.410665200659703
450193,Baylor St Lukes Medical Center,TX,HARRIS,True,True,Voluntary non-profit - Church,MORT_30_PN,Death rate for pneumonia patients,complications_deaths,False,11.7,144.0,2022-07-01,2025-06-30,15.320032976092333,14.691164658634538,0.0643210555250137
450021,BAYLOR UNIVERSITY MEDICAL CENTER,TX,DALLAS,True,False,Voluntary non-profit - Private,MORT_30_PN,Death rate for pneumonia patients,complications_deaths,False,9.8,447.0,2022-07-01,2025-06-30,15.320032976092333,14.691164658634538,0.00852116547553601
451378,BIG BEND REGIONAL MEDICAL CENTER,TX,BREWSTER,True,False,Proprietary,MORT_30_PN,Death rate for pneumonia patients,complications_deaths,False,16.1,27.0,2022-07-01,2025-06-30,15.320032976092333,14.691164658634538,0.632765255634964
450231,BSA HOSPITAL,TX,POTTER,True,False,Proprietary,MORT_30_PN,Death rate for pneumonia patients,complications_deaths,False,16.3,859.0,2022-07-01,2025-06-30,15.320032976092333,14.691164658634538,0.663551401869159
450730,CARROLLTON REGIONAL MEDICAL CENTER,TX,DENTON,True,False,Proprietary,MORT_30_PN,Death rate for pneumonia patients,complications_deaths,False,12.7,98.0,2022-07-01,2025-06-30,15.320032976092333,14.691164658634538,0.143210555250137
450011,CHI ST JOSEPH HEALTH REGIONAL HOSPITAL,TX,BRAZOS,True,False,Voluntary non-profit - Private,MORT_30_PN,Death rate for pneumonia patients,complications_deaths,False,15.8,534.0,2022-07-01,2025-06-30,15.320032976092333,14.691164658634538,0.589334799340297
450072,CHI ST LUKE'S HEALTH BRAZOSPORT,TX,BRAZORIA,True,True,Voluntary non-profit - Private,MORT_30_PN,Death rate for pneumonia patients,complications_deaths,False,14.1,135.0,2022-07-01,2025-06-30,15.320032976092333,14.691164658634538,0.319406267179769
450395,CHI ST LUKES HEALTH MEMORIAL LIVINGSTON,TX,POLK,True,False,Voluntary non-profit - Private,MORT_30_PN,Death rate for pneumonia patients,complications_deaths,False,13.5,83.0,2022-07-01,2025-06-30,15.320032976092333,14.691164658634538,0.235843870258384
450211,CHI ST LUKES HEALTH MEMORIAL LUFKIN,TX,ANGELINA,True,False,Voluntary non-profit - Private,MORT_30_PN,Death rate for pneumonia patients,complications_deaths,False,12.6,254.0,2022-07-01,2025-06-30,15.320032976092333,14.691164658634538,0.133864760857614
450369,CHILDRESS REGIONAL MEDICAL CENTER,TX,CHILDRESS,True,False,Government - Hospital District or Authority,MORT_30_PN,Death rate for pneumonia patients,complications_deaths,False,13.3,53.0,2022-07-01,2025-06-30,15.320032976092333,14.691164658634538,0.208356239692139
450032,CHRISTUS GOOD SHEPHERD MEDICAL CENTER,TX,GREGG,True,False,Voluntary non-profit - Private,MORT_30_PN,Death rate for pneumonia patients,complications_deaths,False,13.3,845.0,2022-07-01,2025-06-30,15.320032976092333,14.691164658634538,0.208356239692139
450573,CHRISTUS JASPER MEMORIAL HOSPITAL,TX,JASPER,True,False,Voluntary non-profit - Private,MORT_30_PN,Death rate for pneumonia patients,complications_deaths,False,13.9,58.0,2022-07-01,2025-06-30,15.320032976092333,14.691164658634538,0.290819131390874
450102,CHRISTUS MOTHER FRANCES HOSPITAL,TX,SMITH,True,False,Voluntary non-profit - Private,MORT_30_PN,Death rate for pneumonia patients,complications_deaths,False,15.3,1279.0,2022-07-01,2025-06-30,15.320032976092333,14.691164658634538,0.510720175920836
450236,CHRISTUS MOTHER FRANCES HOSPITAL SULPHUR SPRINGS,TX,HOPKINS,True,False,Voluntary non-profit - Private,MORT_30_PN,Death rate for pneumonia patients,complications_deaths,False,16.9,261.0,2022-07-01,2025-06-30,15.320032976092333,14.691164658634538,0.745739417262232
451319,CHRISTUS MOTHER FRANCES HOSPITAL- JACKSONVILLE,TX,CHEROKEE,True,False,Voluntary non-profit - Private,MORT_30_PN,Death rate for pneumonia patients,complications_deaths,False,15.3,93.0,2022-07-01,2025-06-30,15.320032976092333,14.691164658634538,0.510720175920836
450272,CHRISTUS SANTA ROSA HOSPITAL-SAN MARCOS,TX,HAYS,True,False,Voluntary non-profit - Church,MORT_30_PN,Death rate for pneumonia patients,complications_deaths,False,14.5,187.0,2022-07-01,2025-06-30,15.320032976092333,14.691164658634538,0.378779549202859
450237,CHRISTUS SANTA ROSA MEDICAL CENTER,TX,BEXAR,True,False,Voluntary non-profit - Private,MORT_30_PN,Death rate for pneumonia patients,complications_deaths,False,16.5,717.0,2022-07-01,2025-06-30,15.320032976092333,14.691164658634538,0.692963166575041
450034,CHRISTUS SOUTHEAST TEXAS- ST ELIZABETH,TX,JEFFERSON,True,False,Voluntary non-profit - Private,MORT_30_PN,Death rate for pneumonia patients,complications_deaths,False,18.8,406.0,2022-07-01,2025-06-30,15.320032976092333,14.691164658634538,0.907366684991754
450828,CHRISTUS SPOHN HOSPITAL ALICE,TX,JIM WELLS,True,False,Voluntary non-profit - Private,MORT_30_PN,Death rate for pneumonia patients,complications_deaths,False,16.5,82.0,2022-07-01,2025-06-30,15.320032976092333,14.691164658634538,0.692963166575041
450082,CHRISTUS SPOHN HOSPITAL BEEVILLE,TX,BEE,True,False,Voluntary non-profit - Private,MORT_30_PN,Death rate for pneumonia patients,complications_deaths,False,16.5,66.0,2022-07-01,2025-06-30,15.320032976092333,14.691164658634538,0.692963166575041
450046,CHRISTUS SPOHN HOSPITAL CORPUS CHRISTI,TX,NUECES,True,False,Voluntary non-profit - Private,MORT_30_PN,Death rate for pneumonia patients,complications_deaths,False,12.9,487.0,2022-07-01,2025-06-30,15.320032976092333,14.691164658634538,0.163551401869159
450163,CHRISTUS SPOHN HOSPITAL KLEBERG,TX,KLEBERG,True,False,Voluntary non-profit - Private,MORT_30_PN,Death rate for pneumonia patients,complications_deaths,False,18.3,61.0,2022-07-01,2025-06-30,15.320032976092333,14.691164658634538,0.877680043980209
450801,CHRISTUS ST MICHAEL HEALTH SYSTEM,TX,BOWIE,True,False,Voluntary non-profit - Private,MORT_30_PN,Death rate for pneumonia patients,complications_deaths,False,19.2,747.0,2022-07-01,2025-06-30,15.320032976092333,14.691164658634538,0.923859263331501
450023,CITIZENS MEDICAL CENTER,TX,VICTORIA,True,False,Voluntary non-profit - Other,MORT_30_PN,Death rate for pneumonia patients,complications_deaths,False,18.4,279.0,2022-07-01,2025-06-30,15.320032976092333,14.691164658634538,0.883727322704783
451384,COGDELL MEMORIAL HOSPITAL,TX,SCURRY,True,False,Government - Hospital District or Authority,MORT_30_PN,Death rate for pneumonia patients,complications_deaths,False,17.5,55.0,2022-07-01,2025-06-30,15.320032976092333,14.691164658634538,0.816657504123145
451347,COLEMAN COUNTY MEDICAL CENTER COMPANY,TX,COLEMAN,True,False,Proprietary,MORT_30_PN,Death rate for pneumonia patients,complications_deaths,False,21.3,65.0,2022-07-01,2025-06-30,15.320032976092333,14.691164658634538,0.979934029686641
450370,COLUMBUS COMMUNITY HOSPITAL,TX,COLORADO,True,False,Voluntary non-profit - Private,MORT_30_PN,Death rate for pneumonia patients,complications_deaths,False,16.6,66.0,2022-07-01,2025-06-30,15.320032976092333,14.691164658634538,0.708081363386476
451382,COMANCHE COUNTY MEDICAL CENTER,TX,COMANCHE,True,False,Voluntary non-profit - Private,MORT_30_PN,Death rate for pneumonia patients,complications_deaths,False,15.9,82.0,2022-07-01,2025-06-30,15.320032976092333,14.691164658634538,0.605002748763057
450108,CONNALLY MEMORIAL MEDICAL CENTER,TX,WILSON,True,False,Government - Hospital District or Authority,MORT_30_PN,Death rate for pneumonia patients,complications_deaths,False,18.9,45.0,2022-07-01,2025-06-30,15.320032976092333,14.691164658634538,0.912039582188015
450788,"CORPUS CHRISTI MEDICAL CENTER,THE",TX,NUECES,True,False,Voluntary non-profit - Other,MORT_30_PN,Death rate for pneumonia patients,complications_deaths,False,12.3,450.0,2022-07-01,2025-06-30,15.320032976092333,14.691164658634538,0.105552501374382
451379,CORYELL MEMORIAL HOSPITAL,TX,CORYELL,True,False,Government - Hospital District or Authority,MORT_30_PN,Death rate for pneumonia patients,complications_deaths,False,20.0,71.0,2022-07-01,2025-06-30,15.320032976092333,14.691164658634538,0.954920285871358
450755,COVENANT HOSPITAL LEVELLAND,TX,HOCKLEY,True,False,Voluntary non-profit - Private,MORT_30_PN,Death rate for pneumonia patients,complications_deaths,False,15.0,26.0,2022-07-01,2025-06-30,15.320032976092333,14.691164658634538,0.467014843320506
450539,COVENANT HOSPITAL PLAINVIEW,TX,HALE,True,False,Voluntary non-profit - Private,MORT_30_PN,Death rate for pneumonia patients,complications_deaths,False,14.2,68.0,2022-07-01,2025-06-30,15.320032976092333,14.691164658634538,0.337548103353491
450040,COVENANT MEDICAL CENTER,TX,LUBBOCK,True,False,Voluntary non-profit - Private,MORT_30_PN,Death rate for pneumonia patients,complications_deaths,False,15.2,766.0,2022-07-01,2025-06-30,15.320032976092333,14.691164658634538,0.49890049477735
450597,CUERO REGIONAL HOSPITAL,TX,DE WITT,True,False,Government - Hospital District or Authority,MORT_30_PN,Death rate for pneumonia patients,complications_deaths,False,15.6,45.0,2022-07-01,2025-06-30,15.320032976092333,14.691164658634538,0.557998900494777
450379,DALLAS MEDICAL CENTER,TX,DALLAS,True,False,Proprietary,MORT_30_PN,Death rate for pneumonia patients,complications_deaths,False,13.0,33.0,2022-07-01,2025-06-30,15.320032976092333,14.691164658634538,0.176470588235294
450688,DALLAS REGIONAL MEDICAL CENTER,TX,DALLAS,True,False,Proprietary,MORT_30_PN,Death rate for pneumonia patients,complications_deaths,False,16.8,189.0,2022-07-01,2025-06-30,15.320032976092333,14.691164658634538,0.734194612424409
45066F,DALLAS VA MEDICAL CENTER (VA NORTH TEXAS HEALTHCARE SYSTEM),TX,DALLAS,True,False,Veterans Health Administration,MORT_30_PN,Death rate for pneumonia patients,complications_deaths,False,10.2,420.0,2022-07-01,2025-06-30,15.320032976092333,14.691164658634538,0.0148433205057724
450147,DE TAR HOSPITAL NAVARRO,TX,VICTORIA,True,False,Proprietary,MORT_30_PN,Death rate for pneumonia patients,complications_deaths,False,13.9,218.0,2022-07-01,2025-06-30,15.320032976092333,14.691164658634538,0.290819131390874
450124,DELL SETON  MED CENTER AT THE UNIVERSITY OF TX,TX,TRAVIS,True,False,Voluntary non-profit - Private,MORT_30_PN,Death rate for pneumonia patients,complications_deaths,False,14.4,55.0,2022-07-01,2025-06-30,15.320032976092333,14.691164658634538,0.366135239142386
450643,DOCTORS HOSPITAL OF LAREDO,TX,WEBB,True,False,Proprietary,MORT_30_PN,Death rate for pneumonia patients,complications_deaths,False,15.2,188.0,2022-07-01,2025-06-30,15.320032976092333,14.691164658634538,0.49890049477735
450869,DOCTORS HOSPTAL AT RENAISSANCE,TX,HIDALGO,True,False,Physician,MORT_30_PN,Death rate for pneumonia patients,complications_deaths,False,15.1,150.0,2022-07-01,2025-06-30,15.320032976092333,14.691164658634538,0.484057174271578
450694,EL CAMPO MEMORIAL HOSPITAL,TX,WHARTON,True,False,Voluntary non-profit - Other,MORT_30_PN,Death rate for pneumonia patients,complications_deaths,False,14.3,69.0,2022-07-01,2025-06-30,15.320032976092333,14.691164658634538,0.352116547553601
451343,ELECTRA MEMORIAL HOSPITAL,TX,WICHITA,True,False,Government - Hospital District or Authority,MORT_30_PN,Death rate for pneumonia patients,complications_deaths,False,13.8,33.0,2022-07-01,2025-06-30,15.320032976092333,14.691164658634538,0.276250687190764
450833,ENNIS REGIONAL MEDICAL CENTER,TX,ELLIS,True,False,Proprietary,MORT_30_PN,Death rate for pneumonia patients,complications_deaths,False,16.3,46.0,2022-07-01,2025-06-30,15.320032976092333,14.691164658634538,0.663551401869159
450241,FAITH COMMUNITY HOSPITAL,TX,JACK,True,False,Government - Hospital District or Authority,MORT_30_PN,Death rate for pneumonia patients,complications_deaths,False,16.5,33.0,2022-07-01,2025-06-30,15.320032976092333,14.691164658634538,0.692963166575041
450092,FORT DUNCAN MEDICAL CENTER,TX,MAVERICK,True,False,Proprietary,MORT_30_PN,Death rate for pneumonia patients,complications_deaths,False,17.8,104.0,2022-07-01,2025-06-30,15.320032976092333,14.691164658634538,0.842770753161078
450658,FREESTONE MEDICAL CENTER,TX,FREESTONE,True,False,Government - Hospital District or Authority,MORT_30_PN,Death rate for pneumonia patients,complications_deaths,False,15.0,51.0,2022-07-01,2025-06-30,15.320032976092333,14.691164658634538,0.467014843320506
450451,GLEN ROSE MEDICAL CENTER,TX,SOMERVELL,True,False,Government - Hospital District or Authority,MORT_30_PN,Death rate for pneumonia patients,complications_deaths,False,17.1,58.0,2022-07-01,2025-06-30,15.320032976092333,14.691164658634538,0.768554150632216
451385,GOODALL WITCHER HOSPITAL,TX,BOSQUE,True,False,Government - Hospital District or Authority,MORT_30_PN,Death rate for pneumonia patients,complications_deaths,False,14.1,25.0,2022-07-01,2025-06-30,15.320032976092333,14.691164658634538,0.319406267179769
671300,GRAHAM REGIONAL MEDICAL CENTER,TX,YOUNG,True,False,Government - Hospital District or Authority,MORT_30_PN,Death rate for pneumonia patients,complications_deaths,False,15.0,46.0,2022-07-01,2025-06-30,15.320032976092333,14.691164658634538,0.467014843320506
450104,GUADALUPE REGIONAL MEDICAL CENTER,TX,GUADALUPE,True,False,Government - Local,MORT_30_PN,Death rate for pneumonia patients,complications_deaths,False,15.0,156.0,2022-07-01,2025-06-30,15.320032976092333,14.691164658634538,0.467014843320506
451392,HAMILTON GENERAL HOSPITAL,TX,HAMILTON,True,False,Government - Hospital District or Authority,MORT_30_PN,Death rate for pneumonia patients,complications_deaths,False,16.9,52.0,2022-07-01,2025-06-30,15.320032976092333,14.691164658634538,0.745739417262232
451354,HAMILTON HOSPITAL,TX,YOUNG,True,False,Government - Hospital District or Authority,MORT_30_PN,Death rate for pneumonia patients,complications_deaths,False,17.3,35.0,2022-07-01,2025-06-30,15.320032976092333,14.691164658634538,0.794667399670148
451344,HANSFORD COUNTY HOSPITAL,TX,HANSFORD,True,False,Government - Hospital District or Authority,MORT_30_PN,Death rate for pneumonia patients,complications_deaths,False,16.7,26.0,2022-07-01,2025-06-30,15.320032976092333,14.691164658634538,0.719901044529962
450855,HARLINGEN MEDICAL CENTER,TX,CAMERON,True,False,Proprietary,MORT_30_PN,Death rate for pneumonia patients,complications_deaths,False,11.0,228.0,2022-07-01,2025-06-30,15.320032976092333,14.691164658634538,0.0318856514568444
450289,HARRIS HEALTH,TX,HARRIS,True,True,Government - Hospital District or Authority,MORT_30_PN,Death rate for pneumonia patients,complications_deaths,False,15.4,29.0,2022-07-01,2025-06-30,15.320032976092333,14.691164658634538,0.529686641011545
450617,HCA HOUSTON HEALTHCARE CLEAR LAKE,TX,HARRIS,True,True,Proprietary,MORT_30_PN,Death rate for pneumonia patients,complications_deaths,False,14.7,473.0,2022-07-01,2025-06-30,15.320032976092333,14.691164658634538,0.410665200659703
450222,HCA HOUSTON HEALTHCARE CONROE,TX,MONTGOMERY,True,True,Proprietary,MORT_30_PN,Death rate for pneumonia patients,complications_deaths,False,15.8,242.0,2022-07-01,2025-06-30,15.320032976092333,14.691164658634538,0.589334799340297
450775,HCA HOUSTON HEALTHCARE KINGWOOD,TX,HARRIS,True,True,Proprietary,MORT_30_PN,Death rate for pneumonia patients,complications_deaths,False,13.2,920.0,2022-07-01,2025-06-30,15.320032976092333,14.691164658634538,0.195437053326003
450659,HCA HOUSTON HEALTHCARE MEDICAL CENTER,TX,HARRIS,True,True,Proprietary,MORT_30_PN,Death rate for pneumonia patients,complications_deaths,False,12.5,60.0,2022-07-01,2025-06-30,15.320032976092333,14.691164658634538,0.123969213853766
450638,HCA HOUSTON HEALTHCARE NORTHWEST,TX,HARRIS,True,True,Proprietary,MORT_30_PN,Death rate for pneumonia patients,complications_deaths,False,13.2,82.0,2022-07-01,2025-06-30,15.320032976092333,14.691164658634538,0.195437053326003
670106,HCA HOUSTON HEALTHCARE PEARLAND,TX,BRAZORIA,True,True,Proprietary,MORT_30_PN,Death rate for pneumonia patients,complications_deaths,False,10.9,62.0,2022-07-01,2025-06-30,15.320032976092333,14.691164658634538,0.0291368884002199
450097,HCA HOUSTON HEALTHCARE SOUTHEAST,TX,HARRIS,True,True,Proprietary,MORT_30_PN,Death rate for pneumonia patients,complications_deaths,False,15.3,155.0,2022-07-01,2025-06-30,15.320032976092333,14.691164658634538,0.510720175920836
450670,HCA HOUSTON HEALTHCARE TOMBALL,TX,HARRIS,True,True,Proprietary,MORT_30_PN,Death rate for pneumonia patients,complications_deaths,False,15.1,258.0,2022-07-01,2025-06-30,15.320032976092333,14.691164658634538,0.484057174271578
450644,HCA HOUSTON HEALTHCARE WEST,TX,HARRIS,True,True,Proprietary,MORT_30_PN,Death rate for pneumonia patients,complications_deaths,False,13.3,151.0,2022-07-01,2025-06-30,15.320032976092333,14.691164658634538,0.208356239692139
450229,HENDRICK MEDICAL CENTER,TX,TAYLOR,True,False,Voluntary non-profit - Private,MORT_30_PN,Death rate for pneumonia patients,complications_deaths,False,18.7,830.0,2022-07-01,2025-06-30,15.320032976092333,14.691164658634538,0.900494777350192
450587,HENDRICK MEDICAL CENTER BROWNWOOD,TX,BROWN,True,False,Voluntary non-profit - Private,MORT_30_PN,Death rate for pneumonia patients,complications_deaths,False,18.1,227.0,2022-07-01,2025-06-30,15.320032976092333,14.691164658634538,0.863386476085761
450155,HEREFORD REGIONAL MEDICAL CENTER,TX,DEAF SMITH,True,False,Government - Hospital District or Authority,MORT_30_PN,Death rate for pneumonia patients,complications_deaths,False,16.8,37.0,2022-07-01,2025-06-30,15.320032976092333,14.691164658634538,0.734194612424409
450604,HILL COUNTRY MEMORIAL HOSPITAL,TX,GILLESPIE,True,False,Proprietary,MORT_30_PN,Death rate for pneumonia patients,complications_deaths,False,14.8,171.0,2022-07-01,2025-06-30,15.320032976092333,14.691164658634538,0.428532160527762
451395,HILL REGIONAL HOSPITAL,TX,HILL,True,False,Voluntary non-profit - Private,MORT_30_PN,Death rate for pneumonia patients,complications_deaths,False,19.4,58.0,2022-07-01,2025-06-30,15.320032976092333,14.691164658634538,0.934304562946674
450424,HOUSTON METHODIST BAYTOWN HOSPITAL,TX,HARRIS,True,True,Voluntary non-profit - Private,MORT_30_PN,Death rate for pneumonia patients,complications_deaths,False,12.8,409.0,2022-07-01,2025-06-30,15.320032976092333,14.691164658634538,0.154480483782298
450709,HOUSTON METHODIST CLEAR LAKE HOSPITAL,TX,HARRIS,True,True,Voluntary non-profit - Private,MORT_30_PN,Death rate for pneumonia patients,complications_deaths,False,11.7,316.0,2022-07-01,2025-06-30,15.320032976092333,14.691164658634538,0.0643210555250137
450358,HOUSTON METHODIST HOSPITAL,TX,HARRIS,True,True,Voluntary non-profit - Private,MORT_30_PN,Death rate for pneumonia patients,complications_deaths,False,8.0,1183.0,2022-07-01,2025-06-30,15.320032976092333,14.691164658634538,0.00109950522264981
450820,HOUSTON METHODIST SUGARLAND HOSPITAL,TX,FORT BEND,True,True,Voluntary non-profit - Private,MORT_30_PN,Death rate for pneumonia patients,complications_deaths,False,11.1,1053.0,2022-07-01,2025-06-30,15.320032976092333,14.691164658634538,0.0351841671247938
670122,HOUSTON METHODIST THE WOODLANDS HOSPITAL,TX,MONTGOMERY,True,True,Voluntary non-profit - Private,MORT_30_PN,Death rate for pneumonia patients,complications_deaths,False,9.3,786.0,2022-07-01,2025-06-30,15.320032976092333,14.691164658634538,0.00467289719626168
670077,HOUSTON METHODIST WEST HOSPITAL,TX,HARRIS,True,True,Voluntary non-profit - Private,MORT_30_PN,Death rate for pneumonia patients,complications_deaths,False,15.1,613.0,2022-07-01,2025-06-30,15.320032976092333,14.691164658634538,0.484057174271578
450844,HOUSTON METHODIST WILLOWBROOK HOSPITAL,TX,HARRIS,True,True,Voluntary non-profit - Private,MORT_30_PN,Death rate for pneumonia patients,complications_deaths,False,10.7,665.0,2022-07-01,2025-06-30,15.320032976092333,14.691164658634538,0.0241891148982958
45074F,HOUSTON VA MEDICAL CENTER,TX,HARRIS,True,True,Veterans Health Administration,MORT_30_PN,Death rate for pneumonia patients,complications_deaths,False,12.3,637.0,2022-07-01,2025-06-30,15.320032976092333,14.691164658634538,0.105552501374382
450352,HUNT REGIONAL MEDICAL CENTER,TX,HUNT,True,False,Government - Hospital District or Authority,MORT_30_PN,Death rate for pneumonia patients,complications_deaths,False,14.0,357.0,2022-07-01,2025-06-30,15.320032976092333,14.691164658634538,0.305937328202309
450347,HUNTSVILLE MEMORIAL HOSPITAL,TX,WALKER,True,False,Voluntary non-profit - Private,MORT_30_PN,Death rate for pneumonia patients,complications_deaths,False,18.1,148.0,2022-07-01,2025-06-30,15.320032976092333,14.691164658634538,0.863386476085761
450039,JPS HEALTH NETWORK,TX,TARRANT,True,False,Government - Hospital District or Authority,MORT_30_PN,Death rate for pneumonia patients,complications_deaths,False,11.3,107.0,2022-07-01,2025-06-30,15.320032976092333,14.691164658634538,0.0450797141286421
450128,KNAPP MEDICAL CENTER,TX,HIDALGO,True,False,Voluntary non-profit - Private,MORT_30_PN,Death rate for pneumonia patients,complications_deaths,False,14.5,112.0,2022-07-01,2025-06-30,15.320032976092333,14.691164658634538,0.378779549202859
450596,LAKE GRANBURY MEDICAL CENTER,TX,HOOD,True,False,Proprietary,MORT_30_PN,Death rate for pneumonia patients,complications_deaths,False,14.5,211.0,2022-07-01,2025-06-30,15.320032976092333,14.691164658634538,0.378779549202859
450698,LAMB HEALTHCARE CENTER,TX,LAMB,True,False,Government - Local,MORT_30_PN,Death rate for pneumonia patients,complications_deaths,False,16.4,25.0,2022-07-01,2025-06-30,15.320032976092333,14.691164658634538,0.677844969763606
450029,LAREDO MEDICAL CENTER,TX,WEBB,True,False,Proprietary,MORT_30_PN,Death rate for pneumonia patients,complications_deaths,False,13.4,383.0,2022-07-01,2025-06-30,15.320032976092333,14.691164658634538,0.220725673446949
450107,LAS PALMAS MEDICAL CENTER A CAMPUS OF LPDS HEALTHC,TX,EL PASO,True,False,Proprietary,MORT_30_PN,Death rate for pneumonia patients,complications_deaths,False,14.9,358.0,2022-07-01,2025-06-30,15.320032976092333,14.691164658634538,0.446948873007147
451376,LAVACA MEDICAL CENTER,TX,LAVACA,True,False,Government - Hospital District or Authority,MORT_30_PN,Death rate for pneumonia patients,complications_deaths,False,12.0,107.0,2022-07-01,2025-06-30,15.320032976092333,14.691164658634538,0.0821880153930731
450702,LONGVIEW REGIONAL MEDICAL CENTER,TX,GREGG,True,False,Proprietary,MORT_30_PN,Death rate for pneumonia patients,complications_deaths,False,14.7,427.0,2022-07-01,2025-06-30,15.320032976092333,14.691164658634538,0.410665200659703
450876,LUBBOCK HEART HOSPITAL LP,TX,LUBBOCK,True,False,Government - Hospital District or Authority,MORT_30_PN,Death rate for pneumonia patients,complications_deaths,False,14.6,45.0,2022-07-01,2025-06-30,15.320032976092333,14.691164658634538,0.396646509070918
451351,LYNN COUNTY HOSPITAL DISTRICT,TX,LYNN,True,False,Government - Hospital District or Authority,MORT_30_PN,Death rate for pneumonia patients,complications_deaths,False,16.0,31.0,2022-07-01,2025-06-30,15.320032976092333,14.691164658634538,0.616822429906542
450465,MATAGORDA REGIONAL MEDICAL CENTER,TX,MATAGORDA,True,False,Government - Hospital District or Authority,MORT_30_PN,Death rate for pneumonia patients,complications_deaths,False,13.2,78.0,2022-07-01,2025-06-30,15.320032976092333,14.691164658634538,0.195437053326003
450489,MEDICAL ARTS HOSPITAL,TX,DAWSON,True,False,Government - Hospital District or Authority,MORT_30_PN,Death rate for pneumonia patients,complications_deaths,False,16.1,27.0,2022-07-01,2025-06-30,15.320032976092333,14.691164658634538,0.632765255634964
450132,MEDICAL CENTER HOSPITAL,TX,ECTOR,True,False,Government - Hospital District or Authority,MORT_30_PN,Death rate for pneumonia patients,complications_deaths,False,17.8,295.0,2022-07-01,2025-06-30,15.320032976092333,14.691164658634538,0.842770753161078
450403,MEDICAL CENTER OF MCKINNEY,TX,COLLIN,True,False,Proprietary,MORT_30_PN,Death rate for pneumonia patients,complications_deaths,False,11.4,489.0,2022-07-01,2025-06-30,15.320032976092333,14.691164658634538,0.0492028587135789
670103,MEDICAL CITY ALLIANCE,TX,TARRANT,True,False,Voluntary non-profit - Private,MORT_30_PN,Death rate for pneumonia patients,complications_deaths,False,16.5,167.0,2022-07-01,2025-06-30,15.320032976092333,14.691164658634538,0.692963166575041
450675,MEDICAL CITY ARLINGTON,TX,TARRANT,True,False,Proprietary,MORT_30_PN,Death rate for pneumonia patients,complications_deaths,False,14.8,353.0,2022-07-01,2025-06-30,15.320032976092333,14.691164658634538,0.428532160527762
450647,MEDICAL CITY DALLAS HOSPITAL,TX,DALLAS,True,False,Proprietary,MORT_30_PN,Death rate for pneumonia patients,complications_deaths,False,17.2,385.0,2022-07-01,2025-06-30,15.320032976092333,14.691164658634538,0.780373831775701
450634,MEDICAL CITY DENTON,TX,DENTON,True,False,Proprietary,MORT_30_PN,Death rate for pneumonia patients,complications_deaths,False,16.5,579.0,2022-07-01,2025-06-30,15.320032976092333,14.691164658634538,0.692963166575041
450672,MEDICAL CITY FORT WORTH,TX,TARRANT,True,False,Proprietary,MORT_30_PN,Death rate for pneumonia patients,complications_deaths,False,14.3,241.0,2022-07-01,2025-06-30,15.320032976092333,14.691164658634538,0.352116547553601
450822,MEDICAL CITY LAS COLINAS,TX,DALLAS,True,False,Proprietary,MORT_30_PN,Death rate for pneumonia patients,complications_deaths,False,14.7,130.0,2022-07-01,2025-06-30,15.320032976092333,14.691164658634538,0.410665200659703
450669,MEDICAL CITY LEWISVILLE,TX,DENTON,True,False,Voluntary non-profit - Private,MORT_30_PN,Death rate for pneumonia patients,complications_deaths,False,12.9,196.0,2022-07-01,2025-06-30,15.320032976092333,14.691164658634538,0.163551401869159
450087,MEDICAL CITY NORTH HILLS,TX,TARRANT,True,False,Proprietary,MORT_30_PN,Death rate for pneumonia patients,complications_deaths,False,16.7,228.0,2022-07-01,2025-06-30,15.320032976092333,14.691164658634538,0.719901044529962
450651,MEDICAL CITY PLANO,TX,COLLIN,True,False,Proprietary,MORT_30_PN,Death rate for pneumonia patients,complications_deaths,False,13.9,649.0,2022-07-01,2025-06-30,15.320032976092333,14.691164658634538,0.290819131390874
450203,MEDICAL CITY WEATHERFORD,TX,PARKER,True,False,Proprietary,MORT_30_PN,Death rate for pneumonia patients,complications_deaths,False,14.7,466.0,2022-07-01,2025-06-30,15.320032976092333,14.691164658634538,0.410665200659703
451330,MEDINA REGIONAL HOSPITAL,TX,MEDINA,True,False,Government - Hospital District or Authority,MORT_30_PN,Death rate for pneumonia patients,complications_deaths,False,16.7,27.0,2022-07-01,2025-06-30,15.320032976092333,14.691164658634538,0.719901044529962
450068,MEMORIAL HERMANN - TEXAS MEDICAL CENTER,TX,HARRIS,True,True,Voluntary non-profit - Private,MORT_30_PN,Death rate for pneumonia patients,complications_deaths,False,12.3,364.0,2022-07-01,2025-06-30,15.320032976092333,14.691164658634538,0.105552501374382
450184,MEMORIAL HERMANN HOSPITAL SYSTEM,TX,HARRIS,True,True,Voluntary non-profit - Private,MORT_30_PN,Death rate for pneumonia patients,complications_deaths,False,14.2,1475.0,2022-07-01,2025-06-30,15.320032976092333,14.691164658634538,0.337548103353491
450847,MEMORIAL HERMANN KATY HOSPITAL,TX,FORT BEND,True,True,Voluntary non-profit - Private,MORT_30_PN,Death rate for pneumonia patients,complications_deaths,False,15.8,485.0,2022-07-01,2025-06-30,15.320032976092333,14.691164658634538,0.589334799340297
450610,MEMORIAL HERMANN MEMORIAL CITY HOSPITAL,TX,HARRIS,True,True,Voluntary non-profit - Private,MORT_30_PN,Death rate for pneumonia patients,complications_deaths,False,13.2,388.0,2022-07-01,2025-06-30,15.320032976092333,14.691164658634538,0.195437053326003
450684,MEMORIAL HERMANN NORTHEAST HOSPITAL,TX,HARRIS,True,True,Voluntary non-profit - Private,MORT_30_PN,Death rate for pneumonia patients,complications_deaths,False,15.1,373.0,2022-07-01,2025-06-30,15.320032976092333,14.691164658634538,0.484057174271578
450848,MEMORIAL HERMANN SUGAR LAND HOSPITAL,TX,FORT BEND,True,True,Voluntary non-profit - Private,MORT_30_PN,Death rate for pneumonia patients,complications_deaths,False,12.6,330.0,2022-07-01,2025-06-30,15.320032976092333,14.691164658634538,0.133864760857614
450235,MEMORIAL HOSPITAL,TX,GONZALES,True,False,Government - Hospital District or Authority,MORT_30_PN,Death rate for pneumonia patients,complications_deaths,False,14.5,53.0,2022-07-01,2025-06-30,15.320032976092333,14.691164658634538,0.378779549202859
451356,MEMORIAL MEDICAL CENTER,TX,CALHOUN,True,False,Government - Local,MORT_30_PN,Death rate for pneumonia patients,complications_deaths,False,15.0,62.0,2022-07-01,2025-06-30,15.320032976092333,14.691164658634538,0.467014843320506
450723,METHODIST CHARLTON MEDICAL CENTER,TX,DALLAS,True,False,Voluntary non-profit - Private,MORT_30_PN,Death rate for pneumonia patients,complications_deaths,False,14.5,237.0,2022-07-01,2025-06-30,15.320032976092333,14.691164658634538,0.378779549202859
450051,METHODIST DALLAS MEDICAL CENTER,TX,DALLAS,True,False,Voluntary non-profit - Other,MORT_30_PN,Death rate for pneumonia patients,complications_deaths,False,13.5,99.0,2022-07-01,2025-06-30,15.320032976092333,14.691164658634538,0.235843870258384
450388,METHODIST HOSPITAL,TX,BEXAR,True,False,Proprietary,MORT_30_PN,Death rate for pneumonia patients,complications_deaths,False,15.7,2039.0,2022-07-01,2025-06-30,15.320032976092333,14.691164658634538,0.574766355140187
670055,METHODIST HOSPITAL  STONE OAK,TX,BEXAR,True,False,Proprietary,MORT_30_PN,Death rate for pneumonia patients,complications_deaths,False,12.6,567.0,2022-07-01,2025-06-30,15.320032976092333,14.691164658634538,0.133864760857614
450165,METHODIST HOSPITAL ATASCOSA,TX,ATASCOSA,True,False,Proprietary,MORT_30_PN,Death rate for pneumonia patients,complications_deaths,False,12.9,88.0,2022-07-01,2025-06-30,15.320032976092333,14.691164658634538,0.163551401869159
670023,METHODIST MANSFIELD MEDICAL CENTER,TX,TARRANT,True,False,Voluntary non-profit - Private,MORT_30_PN,Death rate for pneumonia patients,complications_deaths,False,12.9,294.0,2022-07-01,2025-06-30,15.320032976092333,14.691164658634538,0.163551401869159
670300,METHODIST MIDLOTHIAN MEDICAL CENTER,TX,ELLIS,True,False,Voluntary non-profit - Private,MORT_30_PN,Death rate for pneumonia patients,complications_deaths,False,14.5,110.0,2022-07-01,2025-06-30,15.320032976092333,14.691164658634538,0.378779549202859
450537,METHODIST RICHARDSON MEDICAL CENTER,TX,COLLIN,True,False,Voluntary non-profit - Private,MORT_30_PN,Death rate for pneumonia patients,complications_deaths,False,14.8,383.0,2022-07-01,2025-06-30,15.320032976092333,14.691164658634538,0.428532160527762
450133,MIDLAND MEMORIAL HOSPITAL,TX,MIDLAND,True,False,Government - Hospital District or Authority,MORT_30_PN,Death rate for pneumonia patients,complications_deaths,False,19.5,373.0,2022-07-01,2025-06-30,15.320032976092333,14.691164658634538,0.938977460142936
450176,MISSION REGIONAL MEDICAL CENTER,TX,HIDALGO,True,False,Voluntary non-profit - Private,MORT_30_PN,Death rate for pneumonia patients,complications_deaths,False,11.1,219.0,2022-07-01,2025-06-30,15.320032976092333,14.691164658634538,0.0351841671247938
451342,MITCHELL COUNTY HOSPITAL DISTRICT,TX,MITCHELL,True,False,Government - Hospital District or Authority,MORT_30_PN,Death rate for pneumonia patients,complications_deaths,False,14.1,25.0,2022-07-01,2025-06-30,15.320032976092333,14.691164658634538,0.319406267179769
450656,NACOGDOCHES MEDICAL CENTER,TX,NACOGDOCHES,True,False,Voluntary non-profit - Other,MORT_30_PN,Death rate for pneumonia patients,complications_deaths,False,15.6,351.0,2022-07-01,2025-06-30,15.320032976092333,14.691164658634538,0.557998900494777
450508,NACOGDOCHES MEMORIAL HOSPITAL,TX,NACOGDOCHES,True,False,Proprietary,MORT_30_PN,Death rate for pneumonia patients,complications_deaths,False,15.6,121.0,2022-07-01,2025-06-30,15.320032976092333,14.691164658634538,0.557998900494777
450447,NAVARRO REGIONAL HOSPITAL,TX,NAVARRO,True,False,Government - Hospital District or Authority,MORT_30_PN,Death rate for pneumonia patients,complications_deaths,False,15.3,157.0,2022-07-01,2025-06-30,15.320032976092333,14.691164658634538,0.510720175920836
450641,NOCONA GENERAL HOSPITAL,TX,MONTAGUE,True,False,Government - Hospital District or Authority,MORT_30_PN,Death rate for pneumonia patients,complications_deaths,False,17.7,57.0,2022-07-01,2025-06-30,15.320032976092333,14.691164658634538,0.833424958768554
450809,NORTH AUSTIN MEDICAL CENTER,TX,TRAVIS,True,False,Proprietary,MORT_30_PN,Death rate for pneumonia patients,complications_deaths,False,16.8,503.0,2022-07-01,2025-06-30,15.320032976092333,14.691164658634538,0.734194612424409
451315,NORTH RUNNELS HOSPITAL,TX,RUNNELS,True,False,Government - Hospital District or Authority,MORT_30_PN,Death rate for pneumonia patients,complications_deaths,False,14.1,29.0,2022-07-01,2025-06-30,15.320032976092333,14.691164658634538,0.319406267179769
450090,NORTH TEXAS MEDICAL CENTER,TX,COOKE,True,False,Voluntary non-profit - Private,MORT_30_PN,Death rate for pneumonia patients,complications_deaths,False,12.2,163.0,2022-07-01,2025-06-30,15.320032976092333,14.691164658634538,0.0956569543705333
450209,NORTHWEST TEXAS HOSPITAL,TX,POTTER,True,False,Voluntary non-profit - Private,MORT_30_PN,Death rate for pneumonia patients,complications_deaths,False,17.7,286.0,2022-07-01,2025-06-30,15.320032976092333,14.691164658634538,0.833424958768554
450330,OAKBEND MEDICAL CENTER,TX,FORT BEND,True,True,Government - Hospital District or Authority,MORT_30_PN,Death rate for pneumonia patients,complications_deaths,False,15.6,56.0,2022-07-01,2025-06-30,15.320032976092333,14.691164658634538,0.557998900494777
451359,OCHILTREE GENERAL HOSPITAL,TX,OCHILTREE,True,False,Government - Hospital District or Authority,MORT_30_PN,Death rate for pneumonia patients,complications_deaths,False,18.7,36.0,2022-07-01,2025-06-30,15.320032976092333,14.691164658634538,0.900494777350192
450661,ODESSA REGIONAL MEDICAL CENTER,TX,ECTOR,True,False,Proprietary,MORT_30_PN,Death rate for pneumonia patients,complications_deaths,False,13.5,78.0,2022-07-01,2025-06-30,15.320032976092333,14.691164658634538,0.235843870258384
450747,PALESTINE REGIONAL MEDICAL CENTER,TX,ANDERSON,True,False,Proprietary,MORT_30_PN,Death rate for pneumonia patients,complications_deaths,False,16.9,152.0,2022-07-01,2025-06-30,15.320032976092333,14.691164658634538,0.745739417262232
450565,PALO PINTO GENERAL HOSPITAL,TX,PALO PINTO,True,False,Government - Hospital District or Authority,MORT_30_PN,Death rate for pneumonia patients,complications_deaths,False,13.6,43.0,2022-07-01,2025-06-30,15.320032976092333,14.691164658634538,0.250687190764156
450196,PARIS REGIONAL MEDICAL CENTER,TX,LAMAR,True,False,Proprietary,MORT_30_PN,Death rate for pneumonia patients,complications_deaths,False,17.3,455.0,2022-07-01,2025-06-30,15.320032976092333,14.691164658634538,0.794667399670148
450015,PARKLAND HEALTH & HOSPITAL SYSTEM,TX,DALLAS,True,False,Government - Hospital District or Authority,MORT_30_PN,Death rate for pneumonia patients,complications_deaths,False,10.9,139.0,2022-07-01,2025-06-30,15.320032976092333,14.691164658634538,0.0291368884002199
450400,PARKVIEW REGIONAL HOSPITAL,TX,LIMESTONE,True,False,Proprietary,MORT_30_PN,Death rate for pneumonia patients,complications_deaths,False,14.7,83.0,2022-07-01,2025-06-30,15.320032976092333,14.691164658634538,0.410665200659703
450144,PERMIAN REGIONAL MEDICAL CENTER ANDREWS COUNTY HO,TX,ANDREWS,True,False,Government - Hospital District or Authority,MORT_30_PN,Death rate for pneumonia patients,complications_deaths,False,17.0,30.0,2022-07-01,2025-06-30,15.320032976092333,14.691164658634538,0.757284222100055
450007,PETERSON REGIONAL MEDICAL CENTER,TX,KERR,True,False,Voluntary non-profit - Private,MORT_30_PN,Death rate for pneumonia patients,complications_deaths,False,15.4,282.0,2022-07-01,2025-06-30,15.320032976092333,14.691164658634538,0.529686641011545
451377,REEVES REGIONAL HEALTH,TX,REEVES,True,False,Government - Hospital District or Authority,MORT_30_PN,Death rate for pneumonia patients,complications_deaths,False,16.7,44.0,2022-07-01,2025-06-30,15.320032976092333,14.691164658634538,0.719901044529962
670098,RESOLUTE HEALTH HOSPITAL,TX,COMAL,True,False,Proprietary,MORT_30_PN,Death rate for pneumonia patients,complications_deaths,False,15.5,211.0,2022-07-01,2025-06-30,15.320032976092333,14.691164658634538,0.54370533260033
450711,RIO GRANDE REGIONAL HOSPITAL,TX,HIDALGO,True,False,Proprietary,MORT_30_PN,Death rate for pneumonia patients,complications_deaths,False,14.1,156.0,2022-07-01,2025-06-30,15.320032976092333,14.691164658634538,0.319406267179769
450055,ROLLING PLAINS MEMORIAL HOSPITAL,TX,NOLAN,True,False,Government - Hospital District or Authority,MORT_30_PN,Death rate for pneumonia patients,complications_deaths,False,18.7,70.0,2022-07-01,2025-06-30,15.320032976092333,14.691164658634538,0.900494777350192
450718,ROUND ROCK MEDICAL CENTER,TX,WILLIAMSON,True,False,Proprietary,MORT_30_PN,Death rate for pneumonia patients,complications_deaths,False,15.5,413.0,2022-07-01,2025-06-30,15.320032976092333,14.691164658634538,0.54370533260033
451361,SABINE COUNTY HOSPITAL,TX,SABINE,True,False,Proprietary,MORT_30_PN,Death rate for pneumonia patients,complications_deaths,False,14.8,41.0,2022-07-01,2025-06-30,15.320032976092333,14.691164658634538,0.428532160527762
45090F,SAN ANTONIO VA MEDICAL CENTER (VA SOUTH TEXAS HEALTHCARE SYSTEM),TX,BEXAR,True,False,Veterans Health Administration,MORT_30_PN,Death rate for pneumonia patients,complications_deaths,False,10.0,350.0,2022-07-01,2025-06-30,15.320032976092333,14.691164658634538,0.011544804837823
450653,SCENIC MOUNTAIN MEDICAL CENTER,TX,HOWARD,True,False,Proprietary,MORT_30_PN,Death rate for pneumonia patients,complications_deaths,False,19.5,41.0,2022-07-01,2025-06-30,15.320032976092333,14.691164658634538,0.938977460142936
670080,SETON MEDICAL CENTER HARKER HEIGHTS,TX,BELL,True,False,Proprietary,MORT_30_PN,Death rate for pneumonia patients,complications_deaths,False,14.6,123.0,2022-07-01,2025-06-30,15.320032976092333,14.691164658634538,0.396646509070918
451399,SEYMOUR HOSPITAL,TX,BAYLOR,True,False,Government - Hospital District or Authority,MORT_30_PN,Death rate for pneumonia patients,complications_deaths,False,15.6,29.0,2022-07-01,2025-06-30,15.320032976092333,14.691164658634538,0.557998900494777
450571,SHANNON MEDICAL CENTER,TX,TOM GREEN,True,False,Voluntary non-profit - Private,MORT_30_PN,Death rate for pneumonia patients,complications_deaths,False,13.5,607.0,2022-07-01,2025-06-30,15.320032976092333,14.691164658634538,0.235843870258384
450668,SIERRA MEDICAL CENTER,TX,EL PASO,True,False,Proprietary,MORT_30_PN,Death rate for pneumonia patients,complications_deaths,False,17.4,153.0,2022-07-01,2025-06-30,15.320032976092333,14.691164658634538,0.807036833424959
450119,SOUTH TEXAS HEALTH SYSTEM,TX,HIDALGO,True,False,Proprietary,MORT_30_PN,Death rate for pneumonia patients,complications_deaths,False,12.9,290.0,2022-07-01,2025-06-30,15.320032976092333,14.691164658634538,0.163551401869159
450431,ST DAVID'S MEDICAL CENTER,TX,TRAVIS,True,False,Proprietary,MORT_30_PN,Death rate for pneumonia patients,complications_deaths,False,13.2,741.0,2022-07-01,2025-06-30,15.320032976092333,14.691164658634538,0.195437053326003
450713,ST DAVID'S SOUTH AUSTIN MEDICAL CENTER,TX,TRAVIS,True,False,Proprietary,MORT_30_PN,Death rate for pneumonia patients,complications_deaths,False,18.3,594.0,2022-07-01,2025-06-30,15.320032976092333,14.691164658634538,0.877680043980209
670075,ST LUKE'S HOSPITAL AT THE VINTAGE,TX,HARRIS,True,True,Voluntary non-profit - Private,MORT_30_PN,Death rate for pneumonia patients,complications_deaths,False,13.5,131.0,2022-07-01,2025-06-30,15.320032976092333,14.691164658634538,0.235843870258384
670031,ST LUKE'S PATIENTS MEDICAL CENTER,TX,HARRIS,True,True,Proprietary,MORT_30_PN,Death rate for pneumonia patients,complications_deaths,False,15.1,68.0,2022-07-01,2025-06-30,15.320032976092333,14.691164658634538,0.484057174271578
670053,ST LUKE'S SUGAR LAND HOSPITAL,TX,FORT BEND,True,True,Voluntary non-profit - Private,MORT_30_PN,Death rate for pneumonia patients,complications_deaths,False,14.1,89.0,2022-07-01,2025-06-30,15.320032976092333,14.691164658634538,0.319406267179769
450862,ST LUKE'S THE WOODLANDS HOSPITAL,TX,MONTGOMERY,True,True,Voluntary non-profit - Private,MORT_30_PN,Death rate for pneumonia patients,complications_deaths,False,14.3,316.0,2022-07-01,2025-06-30,15.320032976092333,14.691164658634538,0.352116547553601
450654,STARR COUNTY MEMORIAL HOSPITAL,TX,STARR,True,False,Government - Hospital District or Authority,MORT_30_PN,Death rate for pneumonia patients,complications_deaths,False,13.8,57.0,2022-07-01,2025-06-30,15.320032976092333,14.691164658634538,0.276250687190764
45086F,TEMPLE VA MEDICAL CENTER (VA CENTRAL TEXAS HEALTHCARE SYSTEM),TX,BELL,True,False,Veterans Health Administration,MORT_30_PN,Death rate for pneumonia patients,complications_deaths,False,9.8,275.0,2022-07-01,2025-06-30,15.320032976092333,14.691164658634538,0.00852116547553601
450064,TEXAS HEALTH ARLINGTON MEMORIAL HOSPITAL,TX,TARRANT,True,False,Voluntary non-profit - Private,MORT_30_PN,Death rate for pneumonia patients,complications_deaths,False,13.5,368.0,2022-07-01,2025-06-30,15.320032976092333,14.691164658634538,0.235843870258384
450135,TEXAS HEALTH HARRIS METHODIST FORT WORTH,TX,TARRANT,True,False,Voluntary non-profit - Private,MORT_30_PN,Death rate for pneumonia patients,complications_deaths,False,14.4,811.0,2022-07-01,2025-06-30,15.320032976092333,14.691164658634538,0.366135239142386
670085,TEXAS HEALTH HARRIS METHODIST HOSPITAL ALLIANCE,TX,TARRANT,True,False,Voluntary non-profit - Private,MORT_30_PN,Death rate for pneumonia patients,complications_deaths,False,16.3,205.0,2022-07-01,2025-06-30,15.320032976092333,14.691164658634538,0.663551401869159
450419,TEXAS HEALTH HARRIS METHODIST HOSPITAL AZLE,TX,TARRANT,True,False,Voluntary non-profit - Private,MORT_30_PN,Death rate for pneumonia patients,complications_deaths,False,14.4,90.0,2022-07-01,2025-06-30,15.320032976092333,14.691164658634538,0.366135239142386
450148,TEXAS HEALTH HARRIS METHODIST HOSPITAL CLEBURNE,TX,JOHNSON,True,False,Voluntary non-profit - Private,MORT_30_PN,Death rate for pneumonia patients,complications_deaths,False,11.6,169.0,2022-07-01,2025-06-30,15.320032976092333,14.691164658634538,0.0582737768004398
450779,TEXAS HEALTH HARRIS METHODIST HOSPITAL SOUTHWEST F,TX,TARRANT,True,False,Voluntary non-profit - Private,MORT_30_PN,Death rate for pneumonia patients,complications_deaths,False,13.5,447.0,2022-07-01,2025-06-30,15.320032976092333,14.691164658634538,0.235843870258384
450351,TEXAS HEALTH HARRIS METHODIST HOSPITAL STEPHENVILL,TX,ERATH,True,False,Voluntary non-profit - Private,MORT_30_PN,Death rate for pneumonia patients,complications_deaths,False,16.8,111.0,2022-07-01,2025-06-30,15.320032976092333,14.691164658634538,0.734194612424409
450639,TEXAS HEALTH HARRIS METHODIST HURST-EULESS-BEDFORD,TX,TARRANT,True,False,Voluntary non-profit - Private,MORT_30_PN,Death rate for pneumonia patients,complications_deaths,False,16.5,424.0,2022-07-01,2025-06-30,15.320032976092333,14.691164658634538,0.692963166575041
670260,TEXAS HEALTH HOSPITAL FRISCO,TX,DENTON,True,False,Voluntary non-profit - Private,MORT_30_PN,Death rate for pneumonia patients,complications_deaths,False,12.4,188.0,2022-07-01,2025-06-30,15.320032976092333,14.691164658634538,0.113523914238593
670309,TEXAS HEALTH HOSPITAL MANSFIELD,TX,TARRANT,True,False,Voluntary non-profit - Private,MORT_30_PN,Death rate for pneumonia patients,complications_deaths,False,16.5,26.0,2022-07-01,2025-06-30,15.320032976092333,14.691164658634538,0.692963166575041
450677,TEXAS HEALTH HUGULEY HOSPITAL FORT WORTH SOUTH,TX,TARRANT,True,False,Voluntary non-profit - Private,MORT_30_PN,Death rate for pneumonia patients,complications_deaths,False,12.3,387.0,2022-07-01,2025-06-30,15.320032976092333,14.691164658634538,0.105552501374382
450840,TEXAS HEALTH PRESBYTERIAN HOSPITAL ALLEN,TX,COLLIN,True,False,Voluntary non-profit - Private,MORT_30_PN,Death rate for pneumonia patients,complications_deaths,False,16.1,182.0,2022-07-01,2025-06-30,15.320032976092333,14.691164658634538,0.632765255634964
450462,TEXAS HEALTH PRESBYTERIAN HOSPITAL DALLAS,TX,DALLAS,True,False,Voluntary non-profit - Private,MORT_30_PN,Death rate for pneumonia patients,complications_deaths,False,14.7,671.0,2022-07-01,2025-06-30,15.320032976092333,14.691164658634538,0.410665200659703
450743,TEXAS HEALTH PRESBYTERIAN HOSPITAL DENTON,TX,DENTON,True,False,Voluntary non-profit - Private,MORT_30_PN,Death rate for pneumonia patients,complications_deaths,False,14.3,505.0,2022-07-01,2025-06-30,15.320032976092333,14.691164658634538,0.352116547553601
670068,TEXAS HEALTH PRESBYTERIAN HOSPITAL FLOWER MOUND,TX,DENTON,True,False,Proprietary,MORT_30_PN,Death rate for pneumonia patients,complications_deaths,False,14.3,303.0,2022-07-01,2025-06-30,15.320032976092333,14.691164658634538,0.352116547553601
450292,TEXAS HEALTH PRESBYTERIAN HOSPITAL KAUFMAN,TX,KAUFMAN,True,False,Voluntary non-profit - Private,MORT_30_PN,Death rate for pneumonia patients,complications_deaths,False,14.9,67.0,2022-07-01,2025-06-30,15.320032976092333,14.691164658634538,0.446948873007147
450771,TEXAS HEALTH PRESBYTERIAN HOSPITAL PLANO,TX,COLLIN,True,False,Voluntary non-profit - Private,MORT_30_PN,Death rate for pneumonia patients,complications_deaths,False,12.9,619.0,2022-07-01,2025-06-30,15.320032976092333,14.691164658634538,0.163551401869159
670044,TEXAS HEALTH PRESBYTERIAN HOSPITAL ROCKWALL,TX,ROCKWALL,True,False,Proprietary,MORT_30_PN,Death rate for pneumonia patients,complications_deaths,False,18.7,232.0,2022-07-01,2025-06-30,15.320032976092333,14.691164658634538,0.900494777350192
450324,TEXOMA MEDICAL CENTER,TX,GRAYSON,True,False,Proprietary,MORT_30_PN,Death rate for pneumonia patients,complications_deaths,False,11.2,999.0,2022-07-01,2025-06-30,15.320032976092333,14.691164658634538,0.0398570643210555
670047,THE HOSPITALS OF PROVIDENCE - EAST CAMPUS,TX,EL PASO,True,False,Proprietary,MORT_30_PN,Death rate for pneumonia patients,complications_deaths,False,15.9,193.0,2022-07-01,2025-06-30,15.320032976092333,14.691164658634538,0.605002748763057
450002,THE HOSPITALS OF PROVIDENCE - MEMORIAL CAMPUS,TX,EL PASO,True,False,Proprietary,MORT_30_PN,Death rate for pneumonia patients,complications_deaths,False,14.1,116.0,2022-07-01,2025-06-30,15.320032976092333,14.691164658634538,0.319406267179769
670124,THE HOSPITALS OF PROVIDENCE HORIZON CITY CAMPUS,TX,EL PASO,True,False,Proprietary,MORT_30_PN,Death rate for pneumonia patients,complications_deaths,False,15.5,44.0,2022-07-01,2025-06-30,15.320032976092333,14.691164658634538,0.54370533260033
670120,THE HOSPITALS OF PROVIDENCE TRANSMOUNTAIN CAMPUS,TX,EL PASO,True,False,Proprietary,MORT_30_PN,Death rate for pneumonia patients,complications_deaths,False,17.7,184.0,2022-07-01,2025-06-30,15.320032976092333,14.691164658634538,0.833424958768554
450518,THE MEDICAL CENTER OF SOUTHEAST TEXAS,TX,JEFFERSON,True,False,Physician,MORT_30_PN,Death rate for pneumonia patients,complications_deaths,False,12.7,86.0,2022-07-01,2025-06-30,15.320032976092333,14.691164658634538,0.143210555250137
450080,TITUS REGIONAL MEDICAL CENTER,TX,TITUS,True,False,Government - Hospital District or Authority,MORT_30_PN,Death rate for pneumonia patients,complications_deaths,False,12.4,171.0,2022-07-01,2025-06-30,15.320032976092333,14.691164658634538,0.113523914238593
450460,TYLER COUNTY HOSPITAL,TX,TYLER,True,False,Government - Hospital District or Authority,MORT_30_PN,Death rate for pneumonia patients,complications_deaths,False,14.0,45.0,2022-07-01,2025-06-30,15.320032976092333,14.691164658634538,0.305937328202309
450010,UNITED REGIONAL HEALTH CARE SYSTEM,TX,WICHITA,True,False,Voluntary non-profit - Private,MORT_30_PN,Death rate for pneumonia patients,complications_deaths,False,17.2,1081.0,2022-07-01,2025-06-30,15.320032976092333,14.691164658634538,0.780373831775701
450213,UNIVERSITY HEALTH SYSTEM,TX,BEXAR,True,False,Government - Hospital District or Authority,MORT_30_PN,Death rate for pneumonia patients,complications_deaths,False,13.3,185.0,2022-07-01,2025-06-30,15.320032976092333,14.691164658634538,0.208356239692139
450686,UNIVERSITY MEDICAL CENTER,TX,LUBBOCK,True,False,Government - Hospital District or Authority,MORT_30_PN,Death rate for pneumonia patients,complications_deaths,False,15.1,307.0,2022-07-01,2025-06-30,15.320032976092333,14.691164658634538,0.484057174271578
450024,UNIVERSITY MEDICAL CENTER OF EL PASO,TX,EL PASO,True,False,Physician,MORT_30_PN,Death rate for pneumonia patients,complications_deaths,False,16.2,105.0,2022-07-01,2025-06-30,15.320032976092333,14.691164658634538,0.646509070918087
450690,UNIVERSITY OF TEXAS HEALTH SCIENCE CENTER AT TYLER,TX,SMITH,True,False,Government - State,MORT_30_PN,Death rate for pneumonia patients,complications_deaths,False,15.0,72.0,2022-07-01,2025-06-30,15.320032976092333,14.691164658634538,0.467014843320506
450018,UNIVERSITY OF TEXAS MEDICAL BRANCH GALVESTON,TX,GALVESTON,True,True,Government - State,MORT_30_PN,Death rate for pneumonia patients,complications_deaths,False,11.9,632.0,2022-07-01,2025-06-30,15.320032976092333,14.691164658634538,0.0755909840571743
450389,UT HEALTH EAST TEXAS ATHENS HOSPITAL,TX,HENDERSON,True,False,Proprietary,MORT_30_PN,Death rate for pneumonia patients,complications_deaths,False,17.0,300.0,2022-07-01,2025-06-30,15.320032976092333,14.691164658634538,0.757284222100055
450210,UT HEALTH EAST TEXAS CARTHAGE HOSPITAL,TX,PANOLA,True,False,Proprietary,MORT_30_PN,Death rate for pneumonia patients,complications_deaths,False,14.1,45.0,2022-07-01,2025-06-30,15.320032976092333,14.691164658634538,0.319406267179769
450475,UT HEALTH EAST TEXAS HENDERSON HOSPITAL,TX,RUSK,True,False,Proprietary,MORT_30_PN,Death rate for pneumonia patients,complications_deaths,False,15.6,52.0,2022-07-01,2025-06-30,15.320032976092333,14.691164658634538,0.557998900494777
450194,UT HEALTH EAST TEXAS JACKSONVILLE HOSPITAL,TX,CHEROKEE,True,False,Proprietary,MORT_30_PN,Death rate for pneumonia patients,complications_deaths,False,16.1,55.0,2022-07-01,2025-06-30,15.320032976092333,14.691164658634538,0.632765255634964
451367,UT HEALTH EAST TEXAS PITTSBURG HOSPITAL,TX,CAMP,True,False,Proprietary,MORT_30_PN,Death rate for pneumonia patients,complications_deaths,False,14.7,68.0,2022-07-01,2025-06-30,15.320032976092333,14.691164658634538,0.410665200659703
451380,UT HEALTH EAST TEXAS QUITMAN HOSPITAL,TX,WOOD,True,False,Voluntary non-profit - Other,MORT_30_PN,Death rate for pneumonia patients,complications_deaths,False,12.0,96.0,2022-07-01,2025-06-30,15.320032976092333,14.691164658634538,0.0821880153930731
450083,UT HEALTH EAST TEXAS TYLER REGIONAL HOSPITAL,TX,SMITH,True,False,Proprietary,MORT_30_PN,Death rate for pneumonia patients,complications_deaths,False,13.8,592.0,2022-07-01,2025-06-30,15.320032976092333,14.691164658634538,0.276250687190764
450044,UT OF TEXAS  SOUTHWESTERN UNIVERSITY HOSPITAL - WILLIAM P. CLEMENTS JR.,TX,DALLAS,True,False,Government - State,MORT_30_PN,Death rate for pneumonia patients,complications_deaths,False,9.1,628.0,2022-07-01,2025-06-30,15.320032976092333,14.691164658634538,0.00302363936228697
451387,UVALDE MEMORIAL HOSPITAL,TX,UVALDE,True,False,Government - Hospital District or Authority,MORT_30_PN,Death rate for pneumonia patients,complications_deaths,False,15.5,71.0,2022-07-01,2025-06-30,15.320032976092333,14.691164658634538,0.54370533260033
45060F,VA AMARILLO HEALTHCARE SYSTEM,TX,POTTER,True,False,Veterans Health Administration,MORT_30_PN,Death rate for pneumonia patients,complications_deaths,False,11.6,167.0,2022-07-01,2025-06-30,15.320032976092333,14.691164658634538,0.0582737768004398
450154,VAL VERDE REGIONAL MEDICAL CENTER,TX,VAL VERDE,True,False,Government - Hospital District or Authority,MORT_30_PN,Death rate for pneumonia patients,complications_deaths,False,13.6,91.0,2022-07-01,2025-06-30,15.320032976092333,14.691164658634538,0.250687190764156
450028,VALLEY BAPTIST MEDICAL CENTER- BROWNSVILLE,TX,CAMERON,True,False,Proprietary,MORT_30_PN,Death rate for pneumonia patients,complications_deaths,False,14.3,159.0,2022-07-01,2025-06-30,15.320032976092333,14.691164658634538,0.352116547553601
450662,VALLEY REGIONAL MEDICAL CENTER,TX,CAMERON,True,False,Proprietary,MORT_30_PN,Death rate for pneumonia patients,complications_deaths,False,13.8,147.0,2022-07-01,2025-06-30,15.320032976092333,14.691164658634538,0.276250687190764
450033,VHS HARLINGEN HOSPITAL COMPANY LLC,TX,CAMERON,True,False,Proprietary,MORT_30_PN,Death rate for pneumonia patients,complications_deaths,False,13.4,326.0,2022-07-01,2025-06-30,15.320032976092333,14.691164658634538,0.220725673446949
451337,W J MANGOLD MEMORIAL HOSPITAL,TX,FLOYD,True,False,Physician,MORT_30_PN,Death rate for pneumonia patients,complications_deaths,False,13.6,26.0,2022-07-01,2025-06-30,15.320032976092333,14.691164658634538,0.250687190764156
451373,WARD MEMORIAL HOSPITAL,TX,WARD,True,False,Government - Local,MORT_30_PN,Death rate for pneumonia patients,complications_deaths,False,15.7,40.0,2022-07-01,2025-06-30,15.320032976092333,14.691164658634538,0.574766355140187
670333,WESTOVER HILLS BAPTIST HOSPITAL,TX,BEXAR,True,False,Proprietary,MORT_30_PN,Death rate for pneumonia patients,complications_deaths,False,14.4,44.0,2022-07-01,2025-06-30,15.320032976092333,14.691164658634538,0.366135239142386
450678,WHITE ROCK MEDICAL CENTER,TX,DALLAS,True,False,Proprietary,MORT_30_PN,Death rate for pneumonia patients,complications_deaths,False,16.3,91.0,2022-07-01,2025-06-30,15.320032976092333,14.691164658634538,0.663551401869159
450584,WILBARGER GENERAL HOSPITAL,TX,WILBARGER,True,False,Government - Hospital District or Authority,MORT_30_PN,Death rate for pneumonia patients,complications_deaths,False,18.4,61.0,2022-07-01,2025-06-30,15.320032976092333,14.691164658634538,0.883727322704783
450469,WILSON N JONES REGIONAL MEDICAL CENTER,TX,GRAYSON,True,False,Proprietary,MORT_30_PN,Death rate for pneumonia patients,complications_deaths,False,13.1,89.0,2022-07-01,2025-06-30,15.320032976092333,14.691164658634538,0.186641011544805
450484,WOODLAND HEIGHTS MEDICAL CENTER,TX,ANGELINA,True,False,Proprietary,MORT_30_PN,Death rate for pneumonia patients,complications_deaths,False,15.4,292.0,2022-07-01,2025-06-30,15.320032976092333,14.691164658634538,0.529686641011545
451346,YOAKUM COMMUNITY HOSPITAL,TX,LAVACA,True,False,Voluntary non-profit - Private,MORT_30_PN,Death rate for pneumonia patients,complications_deaths,False,16.1,72.0,2022-07-01,2025-06-30,15.320032976092333,14.691164658634538,0.632765255634964
670102,"AD HOSPITAL EAST, LLC",TX,HARRIS,True,True,Proprietary,OP_22,Left before being seen,timely_effective,False,1.0,9017.0,2024-01-01,2024-12-31,1.6864695105993195,1.3724832214765101,0.231151832460733
670321,ADVANCED DALLAS HOSPITALS AND CLINICS,TX,DALLAS,True,False,Proprietary,OP_22,Left before being seen,timely_effective,False,0.0,5059.0,2024-01-01,2024-12-31,1.6864695105993195,1.3724832214765101,0.0
450152,ADVENTHEALTH CENTRAL TEXAS,TX,BELL,True,False,Voluntary non-profit - Church,OP_22,Left before being seen,timely_effective,False,2.0,49334.0,2024-01-01,2024-12-31,1.6864695105993195,1.3724832214765101,0.578534031413613
451323,ADVENTHEALTH ROLLINS BROOK,TX,LAMPASAS,True,False,Voluntary non-profit - Church,OP_22,Left before being seen,timely_effective,False,1.0,9218.0,2024-01-01,2024-12-31,1.6864695105993195,1.3724832214765101,0.231151832460733
670134,ALTUS LUMBERTON HOSPITAL,TX,HARDIN,True,False,Proprietary,OP_22,Left before being seen,timely_effective,False,1.0,11428.0,2024-01-01,2024-12-31,1.6864695105993195,1.3724832214765101,0.231151832460733
670043,ASCENSION SETON CEDAR PARK,TX,WILLIAMSON,True,False,Voluntary non-profit - Private,OP_22,Left before being seen,timely_effective,False,1.0,32329.0,2024-01-01,2024-12-31,1.6864695105993195,1.3724832214765101,0.231151832460733
451371,ASCENSION SETON EDGAR B DAVIS,TX,CALDWELL,True,False,Voluntary non-profit - Private,OP_22,Left before being seen,timely_effective,False,1.0,2720.0,2024-01-01,2024-12-31,1.6864695105993195,1.3724832214765101,0.231151832460733
451365,ASCENSION SETON HIGHLAND LAKES,TX,BURNET,True,False,Voluntary non-profit - Private,OP_22,Left before being seen,timely_effective,False,1.0,2642.0,2024-01-01,2024-12-31,1.6864695105993195,1.3724832214765101,0.231151832460733
450346,BAPTIST BEAUMONT HOSPITAL,TX,JEFFERSON,True,False,Voluntary non-profit - Private,OP_22,Left before being seen,timely_effective,False,3.0,70267.0,2024-01-01,2024-12-31,1.6864695105993195,1.3724832214765101,0.779319371727749
450058,BAPTIST MEDICAL CENTER,TX,BEXAR,True,False,Proprietary,OP_22,Left before being seen,timely_effective,False,3.0,183399.0,2024-01-01,2024-12-31,1.6864695105993195,1.3724832214765101,0.779319371727749
670078,BAPTIST NEIGHBORHOOD HOSPITAL THOUSAND OAKS,TX,BEXAR,True,False,Proprietary,OP_22,Left before being seen,timely_effective,False,2.0,140164.0,2024-01-01,2024-12-31,1.6864695105993195,1.3724832214765101,0.578534031413613
450883,BAYLOR MEDICAL CENTER AT TROPHY CLUB,TX,DENTON,True,False,Proprietary,OP_22,Left before being seen,timely_effective,False,2.0,1808.0,2024-01-01,2024-12-31,1.6864695105993195,1.3724832214765101,0.578534031413613
450885,BAYLOR SCOTT &  WHITE MEDICAL CENTER - CENTENNIAL,TX,COLLIN,True,False,Voluntary non-profit - Private,OP_22,Left before being seen,timely_effective,False,0.0,21788.0,2024-01-01,2024-12-31,1.6864695105993195,1.3724832214765101,0.0
670062,BAYLOR SCOTT & WHITE EMERGENCY HOSPITAL,TX,DENTON,True,False,Proprietary,OP_22,Left before being seen,timely_effective,False,2.0,44509.0,2024-01-01,2024-12-31,1.6864695105993195,1.3724832214765101,0.578534031413613
450563,BAYLOR SCOTT & WHITE MEDICAL CENTER  GRAPEVINE,TX,TARRANT,True,False,Voluntary non-profit - Private,OP_22,Left before being seen,timely_effective,False,1.0,49455.0,2024-01-01,2024-12-31,1.6864695105993195,1.3724832214765101,0.231151832460733
670131,BAYLOR SCOTT & WHITE MEDICAL CENTER - BUDA,TX,HAYS,True,False,Voluntary non-profit - Private,OP_22,Left before being seen,timely_effective,False,1.0,15999.0,2024-01-01,2024-12-31,1.6864695105993195,1.3724832214765101,0.231151832460733
450853,BAYLOR SCOTT & WHITE MEDICAL CENTER - FRISCO,TX,DENTON,True,False,Proprietary,OP_22,Left before being seen,timely_effective,False,0.0,11665.0,2024-01-01,2024-12-31,1.6864695105993195,1.3724832214765101,0.0
670108,BAYLOR SCOTT & WHITE MEDICAL CENTER - MARBLE FALLS,TX,BURNET,True,False,Voluntary non-profit - Private,OP_22,Left before being seen,timely_effective,False,2.0,26674.0,2024-01-01,2024-12-31,1.6864695105993195,1.3724832214765101,0.578534031413613
670034,BAYLOR SCOTT & WHITE MEDICAL CENTER - ROUND ROCK,TX,WILLIAMSON,True,False,Voluntary non-profit - Private,OP_22,Left before being seen,timely_effective,False,3.0,59618.0,2024-01-01,2024-12-31,1.6864695105993195,1.3724832214765101,0.779319371727749
450054,BAYLOR SCOTT & WHITE MEDICAL CENTER - TEMPLE,TX,BELL,True,False,Voluntary non-profit - Private,OP_22,Left before being seen,timely_effective,False,2.0,118275.0,2024-01-01,2024-12-31,1.6864695105993195,1.3724832214765101,0.578534031413613
451374,BAYLOR SCOTT & WHITE MEDICAL CENTER -TAYLOR,TX,WILLIAMSON,True,False,Voluntary non-profit - Private,OP_22,Left before being seen,timely_effective,False,2.0,15572.0,2024-01-01,2024-12-31,1.6864695105993195,1.3724832214765101,0.578534031413613
450079,BAYLOR SCOTT & WHITE MEDICAL CENTER AT IRVING,TX,DALLAS,True,False,Voluntary non-profit - Private,OP_22,Left before being seen,timely_effective,False,0.0,85029.0,2024-01-01,2024-12-31,1.6864695105993195,1.3724832214765101,0.0
450101,BAYLOR SCOTT & WHITE MEDICAL CENTER HILLCREST,TX,MC LENNAN,True,False,Voluntary non-profit - Private,OP_22,Left before being seen,timely_effective,False,4.0,69484.0,2024-01-01,2024-12-31,1.6864695105993195,1.3724832214765101,0.882984293193717
670128,BAYLOR SCOTT & WHITE MEDICAL CENTER PFLUGERVILLE,TX,TRAVIS,True,False,Voluntary non-profit - Private,OP_22,Left before being seen,timely_effective,False,2.0,23770.0,2024-01-01,2024-12-31,1.6864695105993195,1.3724832214765101,0.578534031413613
450890,BAYLOR SCOTT & WHITE MEDICAL CENTER PLANO,TX,COLLIN,True,False,Voluntary non-profit - Other,OP_22,Left before being seen,timely_effective,False,1.0,36805.0,2024-01-01,2024-12-31,1.6864695105993195,1.3724832214765101,0.231151832460733
670136,BAYLOR SCOTT & WHITE MEDICAL CENTER- AUSTIN,TX,TRAVIS,True,False,Voluntary non-profit - Private,OP_22,Left before being seen,timely_effective,False,1.0,10412.0,2024-01-01,2024-12-31,1.6864695105993195,1.3724832214765101,0.231151832460733
670088,BAYLOR SCOTT & WHITE MEDICAL CENTER- COLLEGE STATI,TX,BRAZOS,True,False,Voluntary non-profit - Private,OP_22,Left before being seen,timely_effective,False,2.0,40090.0,2024-01-01,2024-12-31,1.6864695105993195,1.3724832214765101,0.578534031413613
450372,BAYLOR SCOTT & WHITE MEDICAL CENTER- WAXAHACHIE,TX,ELLIS,True,False,Voluntary non-profit - Private,OP_22,Left before being seen,timely_effective,False,3.0,53592.0,2024-01-01,2024-12-31,1.6864695105993195,1.3724832214765101,0.779319371727749
450864,BAYLOR SCOTT & WHITE TEXAS SPINE & JOINT HOSPITAL,TX,SMITH,True,False,Physician,OP_22,Left before being seen,timely_effective,False,1.0,3466.0,2024-01-01,2024-12-31,1.6864695105993195,1.3724832214765101,0.231151832460733
670025,BAYLOR SCOTT & WHITE THE HEART HOSPITAL PLANO,TX,COLLIN,True,False,Physician,OP_22,Left before being seen,timely_effective,False,1.0,10117.0,2024-01-01,2024-12-31,1.6864695105993195,1.3724832214765101,0.231151832460733
670082,BAYLOR SCOTT AND WHITE  MEDICAL CENTER  MCKINNEY,TX,COLLIN,True,False,Voluntary non-profit - Private,OP_22,Left before being seen,timely_effective,False,1.0,48231.0,2024-01-01,2024-12-31,1.6864695105993195,1.3724832214765101,0.231151832460733
450137,BAYLOR SCOTT AND WHITE ALL SAINTS MEDICAL CENTER,TX,TARRANT,True,False,Voluntary non-profit - Private,OP_22,Left before being seen,timely_effective,False,1.0,51580.0,2024-01-01,2024-12-31,1.6864695105993195,1.3724832214765101,0.231151832460733
670107,BAYLOR SCOTT AND WHITE EMERGENCY HOSPITAL,TX,JOHNSON,True,False,Proprietary,OP_22,Left before being seen,timely_effective,False,2.0,37317.0,2024-01-01,2024-12-31,1.6864695105993195,1.3724832214765101,0.578534031413613
450742,BAYLOR SCOTT AND WHITE MEDICAL CENTER LAKE POINTE,TX,DALLAS,True,False,Voluntary non-profit - Private,OP_22,Left before being seen,timely_effective,False,2.0,37061.0,2024-01-01,2024-12-31,1.6864695105993195,1.3724832214765101,0.578534031413613
670060,BAYLOR SCOTT AND WHITE MEDICAL CENTER SUNNYVALE,TX,DALLAS,True,False,Proprietary,OP_22,Left before being seen,timely_effective,False,2.0,33224.0,2024-01-01,2024-12-31,1.6864695105993195,1.3724832214765101,0.578534031413613
450422,BAYLOR SCOTT AND WHITE MEDICAL CENTER UPTOWN,TX,DALLAS,True,False,Proprietary,OP_22,Left before being seen,timely_effective,False,2.0,4971.0,2024-01-01,2024-12-31,1.6864695105993195,1.3724832214765101,0.578534031413613
670067,BAYLOR SCOTT AND WHITE ORTHOPEDIC AND SPINE HOSPI,TX,TARRANT,True,False,Proprietary,OP_22,Left before being seen,timely_effective,False,0.0,889.0,2024-01-01,2024-12-31,1.6864695105993195,1.3724832214765101,0.0
670076,BAYLOR SCOTT AND WHITE SURGICAL HOSPITAL AT SHERMA,TX,GRAYSON,True,False,Physician,OP_22,Left before being seen,timely_effective,False,1.0,1377.0,2024-01-01,2024-12-31,1.6864695105993195,1.3724832214765101,0.231151832460733
450880,BAYLOR SCOTT AND WHITE SURGICAL HOSPITAL FORTWORTH,TX,TARRANT,True,False,Physician,OP_22,Left before being seen,timely_effective,False,0.0,598.0,2024-01-01,2024-12-31,1.6864695105993195,1.3724832214765101,0.0
450193,Baylor St Lukes Medical Center,TX,HARRIS,True,True,Voluntary non-profit - Church,OP_22,Left before being seen,timely_effective,False,2.0,46712.0,2024-01-01,2024-12-31,1.6864695105993195,1.3724832214765101,0.578534031413613
450874,BAYLOR SURGICAL HOSPITAL AT LAS COLINAS,TX,DALLAS,True,False,Proprietary,OP_22,Left before being seen,timely_effective,False,1.0,974.0,2024-01-01,2024-12-31,1.6864695105993195,1.3724832214765101,0.231151832460733
450021,BAYLOR UNIVERSITY MEDICAL CENTER,TX,DALLAS,True,False,Voluntary non-profit - Private,OP_22,Left before being seen,timely_effective,False,3.0,103412.0,2024-01-01,2024-12-31,1.6864695105993195,1.3724832214765101,0.779319371727749
451320,BAYSIDE COMMUNITY HOSPITAL,TX,CHAMBERS,True,False,Voluntary non-profit - Other,OP_22,Left before being seen,timely_effective,False,1.0,2576.0,2024-01-01,2024-12-31,1.6864695105993195,1.3724832214765101,0.231151832460733
670109,BAYTOWN MEDICAL CENTER LP,TX,HARRIS,True,True,Proprietary,OP_22,Left before being seen,timely_effective,False,1.0,6194.0,2024-01-01,2024-12-31,1.6864695105993195,1.3724832214765101,0.231151832460733
450253,BELLVILLE MEDICAL CENTER,TX,AUSTIN,True,False,Government - Hospital District or Authority,OP_22,Left before being seen,timely_effective,False,1.0,5215.0,2024-01-01,2024-12-31,1.6864695105993195,1.3724832214765101,0.231151832460733
45069F,Brooke Army Medical Center (FT Sam Houston),TX,BEXAR,True,False,Department of Defense,OP_22,Left before being seen,timely_effective,False,2.0,67331.0,2024-01-01,2024-12-31,1.6864695105993195,1.3724832214765101,0.578534031413613
450399,BROWNFIELD REGIONAL MEDICAL CENTER,TX,TERRY,True,False,Government - Hospital District or Authority,OP_22,Left before being seen,timely_effective,False,4.0,3680.0,2024-01-01,2024-12-31,1.6864695105993195,1.3724832214765101,0.882984293193717
450231,BSA HOSPITAL,TX,POTTER,True,False,Proprietary,OP_22,Left before being seen,timely_effective,False,1.0,62971.0,2024-01-01,2024-12-31,1.6864695105993195,1.3724832214765101,0.231151832460733
451305,BURLESON ST JOSEPH HEALTH CENTER,TX,BURLESON,True,False,Voluntary non-profit - Private,OP_22,Left before being seen,timely_effective,False,0.0,6809.0,2024-01-01,2024-12-31,1.6864695105993195,1.3724832214765101,0.0
450730,CARROLLTON REGIONAL MEDICAL CENTER,TX,DENTON,True,False,Proprietary,OP_22,Left before being seen,timely_effective,False,4.0,21095.0,2024-01-01,2024-12-31,1.6864695105993195,1.3724832214765101,0.882984293193717
450011,CHI ST JOSEPH HEALTH REGIONAL HOSPITAL,TX,BRAZOS,True,False,Voluntary non-profit - Private,OP_22,Left before being seen,timely_effective,False,2.0,45848.0,2024-01-01,2024-12-31,1.6864695105993195,1.3724832214765101,0.578534031413613
450072,CHI ST LUKE'S HEALTH BRAZOSPORT,TX,BRAZORIA,True,True,Voluntary non-profit - Private,OP_22,Left before being seen,timely_effective,False,1.0,32036.0,2024-01-01,2024-12-31,1.6864695105993195,1.3724832214765101,0.231151832460733
450395,CHI ST LUKES HEALTH MEMORIAL LIVINGSTON,TX,POLK,True,False,Voluntary non-profit - Private,OP_22,Left before being seen,timely_effective,False,2.0,25188.0,2024-01-01,2024-12-31,1.6864695105993195,1.3724832214765101,0.578534031413613
450211,CHI ST LUKES HEALTH MEMORIAL LUFKIN,TX,ANGELINA,True,False,Voluntary non-profit - Private,OP_22,Left before being seen,timely_effective,False,3.0,29561.0,2024-01-01,2024-12-31,1.6864695105993195,1.3724832214765101,0.779319371727749
670059,CHI ST LUKES LAKESIDE HOSPITAL,TX,MONTGOMERY,True,True,Voluntary non-profit - Other,OP_22,Left before being seen,timely_effective,False,0.0,4116.0,2024-01-01,2024-12-31,1.6864695105993195,1.3724832214765101,0.0
450369,CHILDRESS REGIONAL MEDICAL CENTER,TX,CHILDRESS,True,False,Government - Hospital District or Authority,OP_22,Left before being seen,timely_effective,False,0.0,5872.0,2024-01-01,2024-12-31,1.6864695105993195,1.3724832214765101,0.0
450032,CHRISTUS GOOD SHEPHERD MEDICAL CENTER,TX,GREGG,True,False,Voluntary non-profit - Private,OP_22,Left before being seen,timely_effective,False,1.0,112917.0,2024-01-01,2024-12-31,1.6864695105993195,1.3724832214765101,0.231151832460733
450573,CHRISTUS JASPER MEMORIAL HOSPITAL,TX,JASPER,True,False,Voluntary non-profit - Private,OP_22,Left before being seen,timely_effective,False,1.0,21983.0,2024-01-01,2024-12-31,1.6864695105993195,1.3724832214765101,0.231151832460733
450102,CHRISTUS MOTHER FRANCES HOSPITAL,TX,SMITH,True,False,Voluntary non-profit - Private,OP_22,Left before being seen,timely_effective,False,0.0,175508.0,2024-01-01,2024-12-31,1.6864695105993195,1.3724832214765101,0.0
450236,CHRISTUS MOTHER FRANCES HOSPITAL SULPHUR SPRINGS,TX,HOPKINS,True,False,Voluntary non-profit - Private,OP_22,Left before being seen,timely_effective,False,0.0,26986.0,2024-01-01,2024-12-31,1.6864695105993195,1.3724832214765101,0.0
451319,CHRISTUS MOTHER FRANCES HOSPITAL- JACKSONVILLE,TX,CHEROKEE,True,False,Voluntary non-profit - Private,OP_22,Left before being seen,timely_effective,False,0.0,21407.0,2024-01-01,2024-12-31,1.6864695105993195,1.3724832214765101,0.0
450272,CHRISTUS SANTA ROSA HOSPITAL-SAN MARCOS,TX,HAYS,True,False,Voluntary non-profit - Church,OP_22,Left before being seen,timely_effective,False,1.0,34290.0,2024-01-01,2024-12-31,1.6864695105993195,1.3724832214765101,0.231151832460733
450237,CHRISTUS SANTA ROSA MEDICAL CENTER,TX,BEXAR,True,False,Voluntary non-profit - Private,OP_22,Left before being seen,timely_effective,False,1.0,111088.0,2024-01-01,2024-12-31,1.6864695105993195,1.3724832214765101,0.231151832460733
450034,CHRISTUS SOUTHEAST TEXAS- ST ELIZABETH,TX,JEFFERSON,True,False,Voluntary non-profit - Private,OP_22,Left before being seen,timely_effective,False,2.0,54280.0,2024-01-01,2024-12-31,1.6864695105993195,1.3724832214765101,0.578534031413613
450828,CHRISTUS SPOHN HOSPITAL ALICE,TX,JIM WELLS,True,False,Voluntary non-profit - Private,OP_22,Left before being seen,timely_effective,False,4.0,28062.0,2024-01-01,2024-12-31,1.6864695105993195,1.3724832214765101,0.882984293193717
450082,CHRISTUS SPOHN HOSPITAL BEEVILLE,TX,BEE,True,False,Voluntary non-profit - Private,OP_22,Left before being seen,timely_effective,False,1.0,21799.0,2024-01-01,2024-12-31,1.6864695105993195,1.3724832214765101,0.231151832460733
450046,CHRISTUS SPOHN HOSPITAL CORPUS CHRISTI,TX,NUECES,True,False,Voluntary non-profit - Private,OP_22,Left before being seen,timely_effective,False,1.0,105346.0,2024-01-01,2024-12-31,1.6864695105993195,1.3724832214765101,0.231151832460733
450163,CHRISTUS SPOHN HOSPITAL KLEBERG,TX,KLEBERG,True,False,Voluntary non-profit - Private,OP_22,Left before being seen,timely_effective,False,3.0,21676.0,2024-01-01,2024-12-31,1.6864695105993195,1.3724832214765101,0.779319371727749
450801,CHRISTUS ST MICHAEL HEALTH SYSTEM,TX,BOWIE,True,False,Voluntary non-profit - Private,OP_22,Left before being seen,timely_effective,False,3.0,76012.0,2024-01-01,2024-12-31,1.6864695105993195,1.3724832214765101,0.779319371727749
450023,CITIZENS MEDICAL CENTER,TX,VICTORIA,True,False,Voluntary non-profit - Other,OP_22,Left before being seen,timely_effective,False,3.0,39579.0,2024-01-01,2024-12-31,1.6864695105993195,1.3724832214765101,0.779319371727749
670115,CLEVELAND EMERGENCY HOSPITAL,TX,HARRIS,True,True,Proprietary,OP_22,Left before being seen,timely_effective,False,0.0,17297.0,2024-01-01,2024-12-31,1.6864695105993195,1.3724832214765101,0.0
451384,COGDELL MEMORIAL HOSPITAL,TX,SCURRY,True,False,Government - Hospital District or Authority,OP_22,Left before being seen,timely_effective,False,1.0,8959.0,2024-01-01,2024-12-31,1.6864695105993195,1.3724832214765101,0.231151832460733
451355,COLLINGSWORTH GENERAL HOSPITAL,TX,COLLINGSWORTH,True,False,Proprietary,OP_22,Left before being seen,timely_effective,False,0.0,1084.0,2024-01-01,2024-12-31,1.6864695105993195,1.3724832214765101,0.0
450370,COLUMBUS COMMUNITY HOSPITAL,TX,COLORADO,True,False,Voluntary non-profit - Private,OP_22,Left before being seen,timely_effective,False,2.0,6788.0,2024-01-01,2024-12-31,1.6864695105993195,1.3724832214765101,0.578534031413613
451382,COMANCHE COUNTY MEDICAL CENTER,TX,COMANCHE,True,False,Voluntary non-profit - Private,OP_22,Left before being seen,timely_effective,False,1.0,6655.0,2024-01-01,2024-12-31,1.6864695105993195,1.3724832214765101,0.231151832460733
451325,CONCHO COUNTY HOSPITAL,TX,CONCHO,True,False,Government - Local,OP_22,Left before being seen,timely_effective,False,0.0,1463.0,2024-01-01,2024-12-31,1.6864695105993195,1.3724832214765101,0.0
450108,CONNALLY MEMORIAL MEDICAL CENTER,TX,WILSON,True,False,Government - Hospital District or Authority,OP_22,Left before being seen,timely_effective,False,1.0,13390.0,2024-01-01,2024-12-31,1.6864695105993195,1.3724832214765101,0.231151832460733
451331,COON MEMORIAL HOSPITAL,TX,DALLAM,True,False,Government - Hospital District or Authority,OP_22,Left before being seen,timely_effective,False,0.0,4648.0,2024-01-01,2024-12-31,1.6864695105993195,1.3724832214765101,0.0
450825,CORNERSTONE REGIONAL HOSPITAL,TX,HIDALGO,True,False,Proprietary,OP_22,Left before being seen,timely_effective,False,5.0,62.0,2024-01-01,2024-12-31,1.6864695105993195,1.3724832214765101,0.937958115183246
450788,"CORPUS CHRISTI MEDICAL CENTER,THE",TX,NUECES,True,False,Voluntary non-profit - Other,OP_22,Left before being seen,timely_effective,False,1.0,119961.0,2024-01-01,2024-12-31,1.6864695105993195,1.3724832214765101,0.231151832460733
451379,CORYELL MEMORIAL HOSPITAL,TX,CORYELL,True,False,Government - Hospital District or Authority,OP_22,Left before being seen,timely_effective,False,3.0,9520.0,2024-01-01,2024-12-31,1.6864695105993195,1.3724832214765101,0.779319371727749
450755,COVENANT HOSPITAL LEVELLAND,TX,HOCKLEY,True,False,Voluntary non-profit - Private,OP_22,Left before being seen,timely_effective,False,1.0,6989.0,2024-01-01,2024-12-31,1.6864695105993195,1.3724832214765101,0.231151832460733
450539,COVENANT HOSPITAL PLAINVIEW,TX,HALE,True,False,Voluntary non-profit - Private,OP_22,Left before being seen,timely_effective,False,3.0,14127.0,2024-01-01,2024-12-31,1.6864695105993195,1.3724832214765101,0.779319371727749
450040,COVENANT MEDICAL CENTER,TX,LUBBOCK,True,False,Voluntary non-profit - Private,OP_22,Left before being seen,timely_effective,False,7.0,61421.0,2024-01-01,2024-12-31,1.6864695105993195,1.3724832214765101,0.980104712041885
670090,CRESCENT MEDICAL CENTER LANCASTER,TX,DALLAS,True,False,Proprietary,OP_22,Left before being seen,timely_effective,False,3.0,16719.0,2024-01-01,2024-12-31,1.6864695105993195,1.3724832214765101,0.779319371727749
451393,CROCKETT MEDICAL CENTER,TX,HOUSTON,True,False,Physician,OP_22,Left before being seen,timely_effective,False,1.0,8880.0,2024-01-01,2024-12-31,1.6864695105993195,1.3724832214765101,0.231151832460733
450597,CUERO REGIONAL HOSPITAL,TX,DE WITT,True,False,Government - Hospital District or Authority,OP_22,Left before being seen,timely_effective,False,5.0,10473.0,2024-01-01,2024-12-31,1.6864695105993195,1.3724832214765101,0.937958115183246
451338,CULBERSON HOSPITAL,TX,CULBERSON,True,False,Voluntary non-profit - Other,OP_22,Left before being seen,timely_effective,False,0.0,1820.0,2024-01-01,2024-12-31,1.6864695105993195,1.3724832214765101,0.0
450379,DALLAS MEDICAL CENTER,TX,DALLAS,True,False,Proprietary,OP_22,Left before being seen,timely_effective,False,1.0,12160.0,2024-01-01,2024-12-31,1.6864695105993195,1.3724832214765101,0.231151832460733
450688,DALLAS REGIONAL MEDICAL CENTER,TX,DALLAS,True,False,Proprietary,OP_22,Left before being seen,timely_effective,False,3.0,39645.0,2024-01-01,2024-12-31,1.6864695105993195,1.3724832214765101,0.779319371727749
45070F,Darnall AMC (FT Cavazos),TX,BELL,True,False,Department of Defense,OP_22,Left before being seen,timely_effective,False,2.0,49457.0,2024-01-01,2024-12-31,1.6864695105993195,1.3724832214765101,0.578534031413613
450147,DE TAR HOSPITAL NAVARRO,TX,VICTORIA,True,False,Proprietary,OP_22,Left before being seen,timely_effective,False,2.0,39003.0,2024-01-01,2024-12-31,1.6864695105993195,1.3724832214765101,0.578534031413613
450643,DOCTORS HOSPITAL OF LAREDO,TX,WEBB,True,False,Proprietary,OP_22,Left before being seen,timely_effective,False,1.0,80209.0,2024-01-01,2024-12-31,1.6864695105993195,1.3724832214765101,0.231151832460733
450869,DOCTORS HOSPTAL AT RENAISSANCE,TX,HIDALGO,True,False,Physician,OP_22,Left before being seen,timely_effective,False,1.0,59570.0,2024-01-01,2024-12-31,1.6864695105993195,1.3724832214765101,0.231151832460733
670320,EAST HOUSTON MEDICAL CENTER,TX,HARRIS,True,True,Proprietary,OP_22,Left before being seen,timely_effective,False,2.0,11132.0,2024-01-01,2024-12-31,1.6864695105993195,1.3724832214765101,0.578534031413613
450694,EL CAMPO MEMORIAL HOSPITAL,TX,WHARTON,True,False,Voluntary non-profit - Other,OP_22,Left before being seen,timely_effective,False,0.0,7659.0,2024-01-01,2024-12-31,1.6864695105993195,1.3724832214765101,0.0
451343,ELECTRA MEMORIAL HOSPITAL,TX,WICHITA,True,False,Government - Hospital District or Authority,OP_22,Left before being seen,timely_effective,False,1.0,3000.0,2024-01-01,2024-12-31,1.6864695105993195,1.3724832214765101,0.231151832460733
670285,ELITE HOSPITAL KINGWOOD,TX,HARRIS,True,True,Proprietary,OP_22,Left before being seen,timely_effective,False,1.0,11843.0,2024-01-01,2024-12-31,1.6864695105993195,1.3724832214765101,0.231151832460733
450833,ENNIS REGIONAL MEDICAL CENTER,TX,ELLIS,True,False,Proprietary,OP_22,Left before being seen,timely_effective,False,5.0,14093.0,2024-01-01,2024-12-31,1.6864695105993195,1.3724832214765101,0.937958115183246
450241,FAITH COMMUNITY HOSPITAL,TX,JACK,True,False,Government - Hospital District or Authority,OP_22,Left before being seen,timely_effective,False,1.0,7809.0,2024-01-01,2024-12-31,1.6864695105993195,1.3724832214765101,0.231151832460733
450092,FORT DUNCAN MEDICAL CENTER,TX,MAVERICK,True,False,Proprietary,OP_22,Left before being seen,timely_effective,False,0.0,23917.0,2024-01-01,2024-12-31,1.6864695105993195,1.3724832214765101,0.0
450658,FREESTONE MEDICAL CENTER,TX,FREESTONE,True,False,Government - Hospital District or Authority,OP_22,Left before being seen,timely_effective,False,2.0,9297.0,2024-01-01,2024-12-31,1.6864695105993195,1.3724832214765101,0.578534031413613
450451,GLEN ROSE MEDICAL CENTER,TX,SOMERVELL,True,False,Government - Hospital District or Authority,OP_22,Left before being seen,timely_effective,False,1.0,6641.0,2024-01-01,2024-12-31,1.6864695105993195,1.3724832214765101,0.231151832460733
451385,GOODALL WITCHER HOSPITAL,TX,BOSQUE,True,False,Government - Hospital District or Authority,OP_22,Left before being seen,timely_effective,False,1.0,5629.0,2024-01-01,2024-12-31,1.6864695105993195,1.3724832214765101,0.231151832460733
671300,GRAHAM REGIONAL MEDICAL CENTER,TX,YOUNG,True,False,Government - Hospital District or Authority,OP_22,Left before being seen,timely_effective,False,1.0,6165.0,2024-01-01,2024-12-31,1.6864695105993195,1.3724832214765101,0.231151832460733
451322,GRIMES ST JOSEPH HEALTH CENTER,TX,GRIMES,True,False,Voluntary non-profit - Private,OP_22,Left before being seen,timely_effective,False,0.0,7218.0,2024-01-01,2024-12-31,1.6864695105993195,1.3724832214765101,0.0
450104,GUADALUPE REGIONAL MEDICAL CENTER,TX,GUADALUPE,True,False,Government - Local,OP_22,Left before being seen,timely_effective,False,2.0,33842.0,2024-01-01,2024-12-31,1.6864695105993195,1.3724832214765101,0.578534031413613
451392,HAMILTON GENERAL HOSPITAL,TX,HAMILTON,True,False,Government - Hospital District or Authority,OP_22,Left before being seen,timely_effective,False,0.0,5896.0,2024-01-01,2024-12-31,1.6864695105993195,1.3724832214765101,0.0
451354,HAMILTON HOSPITAL,TX,YOUNG,True,False,Government - Hospital District or Authority,OP_22,Left before being seen,timely_effective,False,0.0,2652.0,2024-01-01,2024-12-31,1.6864695105993195,1.3724832214765101,0.0
451344,HANSFORD COUNTY HOSPITAL,TX,HANSFORD,True,False,Government - Hospital District or Authority,OP_22,Left before being seen,timely_effective,False,0.0,1726.0,2024-01-01,2024-12-31,1.6864695105993195,1.3724832214765101,0.0
451352,HARDEMAN COUNTY MEMORIAL HOSPITAL,TX,HARDEMAN,True,False,Government - Hospital District or Authority,OP_22,Left before being seen,timely_effective,False,0.0,1604.0,2024-01-01,2024-12-31,1.6864695105993195,1.3724832214765101,0.0
450855,HARLINGEN MEDICAL CENTER,TX,CAMERON,True,False,Proprietary,OP_22,Left before being seen,timely_effective,False,1.0,28279.0,2024-01-01,2024-12-31,1.6864695105993195,1.3724832214765101,0.231151832460733
450289,HARRIS HEALTH,TX,HARRIS,True,True,Government - Hospital District or Authority,OP_22,Left before being seen,timely_effective,False,3.0,165987.0,2024-01-01,2024-12-31,1.6864695105993195,1.3724832214765101,0.779319371727749
451341,HASKELL MEMORIAL HOSPITAL,TX,HASKELL,True,False,Government - Hospital District or Authority,OP_22,Left before being seen,timely_effective,False,1.0,3208.0,2024-01-01,2024-12-31,1.6864695105993195,1.3724832214765101,0.231151832460733
450617,HCA HOUSTON HEALTHCARE CLEAR LAKE,TX,HARRIS,True,True,Proprietary,OP_22,Left before being seen,timely_effective,False,1.0,105636.0,2024-01-01,2024-12-31,1.6864695105993195,1.3724832214765101,0.231151832460733
450222,HCA HOUSTON HEALTHCARE CONROE,TX,MONTGOMERY,True,True,Proprietary,OP_22,Left before being seen,timely_effective,False,1.0,49499.0,2024-01-01,2024-12-31,1.6864695105993195,1.3724832214765101,0.231151832460733
450775,HCA HOUSTON HEALTHCARE KINGWOOD,TX,HARRIS,True,True,Proprietary,OP_22,Left before being seen,timely_effective,False,1.0,188084.0,2024-01-01,2024-12-31,1.6864695105993195,1.3724832214765101,0.231151832460733
450659,HCA HOUSTON HEALTHCARE MEDICAL CENTER,TX,HARRIS,True,True,Proprietary,OP_22,Left before being seen,timely_effective,False,1.0,35661.0,2024-01-01,2024-12-31,1.6864695105993195,1.3724832214765101,0.231151832460733
450638,HCA HOUSTON HEALTHCARE NORTHWEST,TX,HARRIS,True,True,Proprietary,OP_22,Left before being seen,timely_effective,False,1.0,79268.0,2024-01-01,2024-12-31,1.6864695105993195,1.3724832214765101,0.231151832460733
670106,HCA HOUSTON HEALTHCARE PEARLAND,TX,BRAZORIA,True,True,Proprietary,OP_22,Left before being seen,timely_effective,False,0.0,36256.0,2024-01-01,2024-12-31,1.6864695105993195,1.3724832214765101,0.0
450097,HCA HOUSTON HEALTHCARE SOUTHEAST,TX,HARRIS,True,True,Proprietary,OP_22,Left before being seen,timely_effective,False,1.0,98760.0,2024-01-01,2024-12-31,1.6864695105993195,1.3724832214765101,0.231151832460733
450670,HCA HOUSTON HEALTHCARE TOMBALL,TX,HARRIS,True,True,Proprietary,OP_22,Left before being seen,timely_effective,False,1.0,48815.0,2024-01-01,2024-12-31,1.6864695105993195,1.3724832214765101,0.231151832460733
450644,HCA HOUSTON HEALTHCARE WEST,TX,HARRIS,True,True,Proprietary,OP_22,Left before being seen,timely_effective,False,1.0,80779.0,2024-01-01,2024-12-31,1.6864695105993195,1.3724832214765101,0.231151832460733
671301,HEMPHILL COUNTY HOSPITAL,TX,HEMPHILL,True,False,Government - Hospital District or Authority,OP_22,Left before being seen,timely_effective,False,0.0,1788.0,2024-01-01,2024-12-31,1.6864695105993195,1.3724832214765101,0.0
450229,HENDRICK MEDICAL CENTER,TX,TAYLOR,True,False,Voluntary non-profit - Private,OP_22,Left before being seen,timely_effective,False,3.0,103660.0,2024-01-01,2024-12-31,1.6864695105993195,1.3724832214765101,0.779319371727749
450587,HENDRICK MEDICAL CENTER BROWNWOOD,TX,BROWN,True,False,Voluntary non-profit - Private,OP_22,Left before being seen,timely_effective,False,2.0,23303.0,2024-01-01,2024-12-31,1.6864695105993195,1.3724832214765101,0.578534031413613
450155,HEREFORD REGIONAL MEDICAL CENTER,TX,DEAF SMITH,True,False,Government - Hospital District or Authority,OP_22,Left before being seen,timely_effective,False,1.0,8196.0,2024-01-01,2024-12-31,1.6864695105993195,1.3724832214765101,0.231151832460733
450604,HILL COUNTRY MEMORIAL HOSPITAL,TX,GILLESPIE,True,False,Proprietary,OP_22,Left before being seen,timely_effective,False,0.0,15010.0,2024-01-01,2024-12-31,1.6864695105993195,1.3724832214765101,0.0
450424,HOUSTON METHODIST BAYTOWN HOSPITAL,TX,HARRIS,True,True,Voluntary non-profit - Private,OP_22,Left before being seen,timely_effective,False,2.0,74763.0,2024-01-01,2024-12-31,1.6864695105993195,1.3724832214765101,0.578534031413613
450709,HOUSTON METHODIST CLEAR LAKE HOSPITAL,TX,HARRIS,True,True,Voluntary non-profit - Private,OP_22,Left before being seen,timely_effective,False,1.0,45563.0,2024-01-01,2024-12-31,1.6864695105993195,1.3724832214765101,0.231151832460733
450358,HOUSTON METHODIST HOSPITAL,TX,HARRIS,True,True,Voluntary non-profit - Private,OP_22,Left before being seen,timely_effective,False,2.0,104335.0,2024-01-01,2024-12-31,1.6864695105993195,1.3724832214765101,0.578534031413613
450820,HOUSTON METHODIST SUGARLAND HOSPITAL,TX,FORT BEND,True,True,Voluntary non-profit - Private,OP_22,Left before being seen,timely_effective,False,1.0,62869.0,2024-01-01,2024-12-31,1.6864695105993195,1.3724832214765101,0.231151832460733
670122,HOUSTON METHODIST THE WOODLANDS HOSPITAL,TX,MONTGOMERY,True,True,Voluntary non-profit - Private,OP_22,Left before being seen,timely_effective,False,0.0,65890.0,2024-01-01,2024-12-31,1.6864695105993195,1.3724832214765101,0.0
670077,HOUSTON METHODIST WEST HOSPITAL,TX,HARRIS,True,True,Voluntary non-profit - Private,OP_22,Left before being seen,timely_effective,False,1.0,65984.0,2024-01-01,2024-12-31,1.6864695105993195,1.3724832214765101,0.231151832460733
450844,HOUSTON METHODIST WILLOWBROOK HOSPITAL,TX,HARRIS,True,True,Voluntary non-profit - Private,OP_22,Left before being seen,timely_effective,False,1.0,61165.0,2024-01-01,2024-12-31,1.6864695105993195,1.3724832214765101,0.231151832460733
450352,HUNT REGIONAL MEDICAL CENTER,TX,HUNT,True,False,Government - Hospital District or Authority,OP_22,Left before being seen,timely_effective,False,4.0,65427.0,2024-01-01,2024-12-31,1.6864695105993195,1.3724832214765101,0.882984293193717
450347,HUNTSVILLE MEMORIAL HOSPITAL,TX,WALKER,True,False,Voluntary non-profit - Private,OP_22,Left before being seen,timely_effective,False,1.0,22054.0,2024-01-01,2024-12-31,1.6864695105993195,1.3724832214765101,0.231151832460733
450039,JPS HEALTH NETWORK,TX,TARRANT,True,False,Government - Hospital District or Authority,OP_22,Left before being seen,timely_effective,False,2.0,135647.0,2024-01-01,2024-12-31,1.6864695105993195,1.3724832214765101,0.578534031413613
450128,KNAPP MEDICAL CENTER,TX,HIDALGO,True,False,Voluntary non-profit - Private,OP_22,Left before being seen,timely_effective,False,0.0,24571.0,2024-01-01,2024-12-31,1.6864695105993195,1.3724832214765101,0.0
451394,KNOX COUNTY HOSPITAL,TX,KNOX,True,False,Government - Local,OP_22,Left before being seen,timely_effective,False,1.0,1247.0,2024-01-01,2024-12-31,1.6864695105993195,1.3724832214765101,0.231151832460733
450596,LAKE GRANBURY MEDICAL CENTER,TX,HOOD,True,False,Proprietary,OP_22,Left before being seen,timely_effective,False,1.0,25815.0,2024-01-01,2024-12-31,1.6864695105993195,1.3724832214765101,0.231151832460733
450698,LAMB HEALTHCARE CENTER,TX,LAMB,True,False,Government - Local,OP_22,Left before being seen,timely_effective,False,3.0,3630.0,2024-01-01,2024-12-31,1.6864695105993195,1.3724832214765101,0.779319371727749
450029,LAREDO MEDICAL CENTER,TX,WEBB,True,False,Proprietary,OP_22,Left before being seen,timely_effective,False,1.0,60648.0,2024-01-01,2024-12-31,1.6864695105993195,1.3724832214765101,0.231151832460733
450107,LAS PALMAS MEDICAL CENTER A CAMPUS OF LPDS HEALTHC,TX,EL PASO,True,False,Proprietary,OP_22,Left before being seen,timely_effective,False,1.0,125160.0,2024-01-01,2024-12-31,1.6864695105993195,1.3724832214765101,0.231151832460733
451376,LAVACA MEDICAL CENTER,TX,LAVACA,True,False,Government - Hospital District or Authority,OP_22,Left before being seen,timely_effective,False,0.0,4516.0,2024-01-01,2024-12-31,1.6864695105993195,1.3724832214765101,0.0
451375,LIBERTY DAYTON REGIONAL MEDICAL CENTER,TX,LIBERTY,True,False,Government - Hospital District or Authority,OP_22,Left before being seen,timely_effective,False,2.0,11520.0,2024-01-01,2024-12-31,1.6864695105993195,1.3724832214765101,0.578534031413613
451303,LIMESTONE MEDICAL CENTER,TX,LIMESTONE,True,False,Government - Hospital District or Authority,OP_22,Left before being seen,timely_effective,False,3.0,6849.0,2024-01-01,2024-12-31,1.6864695105993195,1.3724832214765101,0.779319371727749
450702,LONGVIEW REGIONAL MEDICAL CENTER,TX,GREGG,True,False,Proprietary,OP_22,Left before being seen,timely_effective,False,1.0,44355.0,2024-01-01,2024-12-31,1.6864695105993195,1.3724832214765101,0.231151832460733
450876,LUBBOCK HEART HOSPITAL LP,TX,LUBBOCK,True,False,Government - Hospital District or Authority,OP_22,Left before being seen,timely_effective,False,0.0,4467.0,2024-01-01,2024-12-31,1.6864695105993195,1.3724832214765101,0.0
451351,LYNN COUNTY HOSPITAL DISTRICT,TX,LYNN,True,False,Government - Hospital District or Authority,OP_22,Left before being seen,timely_effective,False,0.0,2340.0,2024-01-01,2024-12-31,1.6864695105993195,1.3724832214765101,0.0
451316,MADISON ST JOSEPH HEALTH CENTER,TX,MADISON,True,False,Voluntary non-profit - Private,OP_22,Left before being seen,timely_effective,False,0.0,8659.0,2024-01-01,2024-12-31,1.6864695105993195,1.3724832214765101,0.0
451333,MARTIN COUNTY HOSPITAL DISTRICT,TX,MARTIN,True,False,Government - Hospital District or Authority,OP_22,Left before being seen,timely_effective,False,2.0,7211.0,2024-01-01,2024-12-31,1.6864695105993195,1.3724832214765101,0.578534031413613
450465,MATAGORDA REGIONAL MEDICAL CENTER,TX,MATAGORDA,True,False,Government - Hospital District or Authority,OP_22,Left before being seen,timely_effective,False,1.0,17705.0,2024-01-01,2024-12-31,1.6864695105993195,1.3724832214765101,0.231151832460733
450489,MEDICAL ARTS HOSPITAL,TX,DAWSON,True,False,Government - Hospital District or Authority,OP_22,Left before being seen,timely_effective,False,2.0,6366.0,2024-01-01,2024-12-31,1.6864695105993195,1.3724832214765101,0.578534031413613
450132,MEDICAL CENTER HOSPITAL,TX,ECTOR,True,False,Government - Hospital District or Authority,OP_22,Left before being seen,timely_effective,False,3.0,63624.0,2024-01-01,2024-12-31,1.6864695105993195,1.3724832214765101,0.779319371727749
450403,MEDICAL CENTER OF MCKINNEY,TX,COLLIN,True,False,Proprietary,OP_22,Left before being seen,timely_effective,False,0.0,55444.0,2024-01-01,2024-12-31,1.6864695105993195,1.3724832214765101,0.0
670103,MEDICAL CITY ALLIANCE,TX,TARRANT,True,False,Voluntary non-profit - Private,OP_22,Left before being seen,timely_effective,False,1.0,77533.0,2024-01-01,2024-12-31,1.6864695105993195,1.3724832214765101,0.231151832460733
450675,MEDICAL CITY ARLINGTON,TX,TARRANT,True,False,Proprietary,OP_22,Left before being seen,timely_effective,False,1.0,106736.0,2024-01-01,2024-12-31,1.6864695105993195,1.3724832214765101,0.231151832460733
450647,MEDICAL CITY DALLAS HOSPITAL,TX,DALLAS,True,False,Proprietary,OP_22,Left before being seen,timely_effective,False,0.0,107570.0,2024-01-01,2024-12-31,1.6864695105993195,1.3724832214765101,0.0
450634,MEDICAL CITY DENTON,TX,DENTON,True,False,Proprietary,OP_22,Left before being seen,timely_effective,False,0.0,64729.0,2024-01-01,2024-12-31,1.6864695105993195,1.3724832214765101,0.0
450672,MEDICAL CITY FORT WORTH,TX,TARRANT,True,False,Proprietary,OP_22,Left before being seen,timely_effective,False,0.0,48083.0,2024-01-01,2024-12-31,1.6864695105993195,1.3724832214765101,0.0
450822,MEDICAL CITY LAS COLINAS,TX,DALLAS,True,False,Proprietary,OP_22,Left before being seen,timely_effective,False,1.0,32142.0,2024-01-01,2024-12-31,1.6864695105993195,1.3724832214765101,0.231151832460733
450669,MEDICAL CITY LEWISVILLE,TX,DENTON,True,False,Voluntary non-profit - Private,OP_22,Left before being seen,timely_effective,False,0.0,44857.0,2024-01-01,2024-12-31,1.6864695105993195,1.3724832214765101,0.0
450087,MEDICAL CITY NORTH HILLS,TX,TARRANT,True,False,Proprietary,OP_22,Left before being seen,timely_effective,False,0.0,45212.0,2024-01-01,2024-12-31,1.6864695105993195,1.3724832214765101,0.0
450651,MEDICAL CITY PLANO,TX,COLLIN,True,False,Proprietary,OP_22,Left before being seen,timely_effective,False,0.0,74409.0,2024-01-01,2024-12-31,1.6864695105993195,1.3724832214765101,0.0
450203,MEDICAL CITY WEATHERFORD,TX,PARKER,True,False,Proprietary,OP_22,Left before being seen,timely_effective,False,0.0,35684.0,2024-01-01,2024-12-31,1.6864695105993195,1.3724832214765101,0.0
451330,MEDINA REGIONAL HOSPITAL,TX,MEDINA,True,False,Government - Hospital District or Authority,OP_22,Left before being seen,timely_effective,False,1.0,12818.0,2024-01-01,2024-12-31,1.6864695105993195,1.3724832214765101,0.231151832460733
450068,MEMORIAL HERMANN - TEXAS MEDICAL CENTER,TX,HARRIS,True,True,Voluntary non-profit - Private,OP_22,Left before being seen,timely_effective,False,5.0,105827.0,2024-01-01,2024-12-31,1.6864695105993195,1.3724832214765101,0.937958115183246
450184,MEMORIAL HERMANN HOSPITAL SYSTEM,TX,HARRIS,True,True,Voluntary non-profit - Private,OP_22,Left before being seen,timely_effective,False,1.0,296823.0,2024-01-01,2024-12-31,1.6864695105993195,1.3724832214765101,0.231151832460733
670008,MEMORIAL HERMANN HOUSTON PHYSICIANS HOSPITAL,TX,HARRIS,True,True,Physician,OP_22,Left before being seen,timely_effective,False,1.0,761.0,2024-01-01,2024-12-31,1.6864695105993195,1.3724832214765101,0.231151832460733
450847,MEMORIAL HERMANN KATY HOSPITAL,TX,FORT BEND,True,True,Voluntary non-profit - Private,OP_22,Left before being seen,timely_effective,False,1.0,74116.0,2024-01-01,2024-12-31,1.6864695105993195,1.3724832214765101,0.231151832460733
450610,MEMORIAL HERMANN MEMORIAL CITY HOSPITAL,TX,HARRIS,True,True,Voluntary non-profit - Private,OP_22,Left before being seen,timely_effective,False,1.0,47871.0,2024-01-01,2024-12-31,1.6864695105993195,1.3724832214765101,0.231151832460733
450684,MEMORIAL HERMANN NORTHEAST HOSPITAL,TX,HARRIS,True,True,Voluntary non-profit - Private,OP_22,Left before being seen,timely_effective,False,1.0,89109.0,2024-01-01,2024-12-31,1.6864695105993195,1.3724832214765101,0.231151832460733
450848,MEMORIAL HERMANN SUGAR LAND HOSPITAL,TX,FORT BEND,True,True,Voluntary non-profit - Private,OP_22,Left before being seen,timely_effective,False,0.0,47845.0,2024-01-01,2024-12-31,1.6864695105993195,1.3724832214765101,0.0
451386,MEMORIAL HOSPITAL,TX,MOORE,True,False,Government - Hospital District or Authority,OP_22,Left before being seen,timely_effective,False,0.0,8916.0,2024-01-01,2024-12-31,1.6864695105993195,1.3724832214765101,0.0
450235,MEMORIAL HOSPITAL,TX,GONZALES,True,False,Government - Hospital District or Authority,OP_22,Left before being seen,timely_effective,False,1.0,10188.0,2024-01-01,2024-12-31,1.6864695105993195,1.3724832214765101,0.231151832460733
450723,METHODIST CHARLTON MEDICAL CENTER,TX,DALLAS,True,False,Voluntary non-profit - Private,OP_22,Left before being seen,timely_effective,False,1.0,90119.0,2024-01-01,2024-12-31,1.6864695105993195,1.3724832214765101,0.231151832460733
450051,METHODIST DALLAS MEDICAL CENTER,TX,DALLAS,True,False,Voluntary non-profit - Other,OP_22,Left before being seen,timely_effective,False,2.0,76567.0,2024-01-01,2024-12-31,1.6864695105993195,1.3724832214765101,0.578534031413613
450388,METHODIST HOSPITAL,TX,BEXAR,True,False,Proprietary,OP_22,Left before being seen,timely_effective,False,1.0,417416.0,2024-01-01,2024-12-31,1.6864695105993195,1.3724832214765101,0.231151832460733
670055,METHODIST HOSPITAL  STONE OAK,TX,BEXAR,True,False,Proprietary,OP_22,Left before being seen,timely_effective,False,0.0,37301.0,2024-01-01,2024-12-31,1.6864695105993195,1.3724832214765101,0.0
450165,METHODIST HOSPITAL ATASCOSA,TX,ATASCOSA,True,False,Proprietary,OP_22,Left before being seen,timely_effective,False,1.0,24505.0,2024-01-01,2024-12-31,1.6864695105993195,1.3724832214765101,0.231151832460733
670073,METHODIST HOSPITAL FOR SURGERY,TX,DALLAS,True,False,Proprietary,OP_22,Left before being seen,timely_effective,False,0.0,860.0,2024-01-01,2024-12-31,1.6864695105993195,1.3724832214765101,0.0
670023,METHODIST MANSFIELD MEDICAL CENTER,TX,TARRANT,True,False,Voluntary non-profit - Private,OP_22,Left before being seen,timely_effective,False,2.0,65835.0,2024-01-01,2024-12-31,1.6864695105993195,1.3724832214765101,0.578534031413613
670069,METHODIST MCKINNEY HOSPITAL,TX,COLLIN,True,False,Physician,OP_22,Left before being seen,timely_effective,False,0.0,1647.0,2024-01-01,2024-12-31,1.6864695105993195,1.3724832214765101,0.0
670300,METHODIST MIDLOTHIAN MEDICAL CENTER,TX,ELLIS,True,False,Voluntary non-profit - Private,OP_22,Left before being seen,timely_effective,False,1.0,29703.0,2024-01-01,2024-12-31,1.6864695105993195,1.3724832214765101,0.231151832460733
450537,METHODIST RICHARDSON MEDICAL CENTER,TX,COLLIN,True,False,Voluntary non-profit - Private,OP_22,Left before being seen,timely_effective,False,2.0,53740.0,2024-01-01,2024-12-31,1.6864695105993195,1.3724832214765101,0.578534031413613
670132,METHODIST SOUTHLAKE MEDICAL CENTER,TX,TARRANT,True,False,Proprietary,OP_22,Left before being seen,timely_effective,False,0.0,5257.0,2024-01-01,2024-12-31,1.6864695105993195,1.3724832214765101,0.0
451396,MID COAST MEDICAL CENTER - CENTRAL,TX,LLANO,True,False,Physician,OP_22,Left before being seen,timely_effective,False,0.0,3148.0,2024-01-01,2024-12-31,1.6864695105993195,1.3724832214765101,0.0
670331,MID COAST MEDICAL CENTER-TRINITY,TX,TRINITY,True,False,Voluntary non-profit - Other,OP_22,Left before being seen,timely_effective,False,1.0,4208.0,2024-01-01,2024-12-31,1.6864695105993195,1.3724832214765101,0.231151832460733
450133,MIDLAND MEMORIAL HOSPITAL,TX,MIDLAND,True,False,Government - Hospital District or Authority,OP_22,Left before being seen,timely_effective,False,4.0,72122.0,2024-01-01,2024-12-31,1.6864695105993195,1.3724832214765101,0.882984293193717
450176,MISSION REGIONAL MEDICAL CENTER,TX,HIDALGO,True,False,Voluntary non-profit - Private,OP_22,Left before being seen,timely_effective,False,0.0,33760.0,2024-01-01,2024-12-31,1.6864695105993195,1.3724832214765101,0.0
450656,NACOGDOCHES MEDICAL CENTER,TX,NACOGDOCHES,True,False,Voluntary non-profit - Other,OP_22,Left before being seen,timely_effective,False,2.0,32998.0,2024-01-01,2024-12-31,1.6864695105993195,1.3724832214765101,0.578534031413613
450508,NACOGDOCHES MEMORIAL HOSPITAL,TX,NACOGDOCHES,True,False,Proprietary,OP_22,Left before being seen,timely_effective,False,2.0,14819.0,2024-01-01,2024-12-31,1.6864695105993195,1.3724832214765101,0.578534031413613
450447,NAVARRO REGIONAL HOSPITAL,TX,NAVARRO,True,False,Government - Hospital District or Authority,OP_22,Left before being seen,timely_effective,False,3.0,21846.0,2024-01-01,2024-12-31,1.6864695105993195,1.3724832214765101,0.779319371727749
450641,NOCONA GENERAL HOSPITAL,TX,MONTAGUE,True,False,Government - Hospital District or Authority,OP_22,Left before being seen,timely_effective,False,2.0,2904.0,2024-01-01,2024-12-31,1.6864695105993195,1.3724832214765101,0.578534031413613
450809,NORTH AUSTIN MEDICAL CENTER,TX,TRAVIS,True,False,Proprietary,OP_22,Left before being seen,timely_effective,False,1.0,88622.0,2024-01-01,2024-12-31,1.6864695105993195,1.3724832214765101,0.231151832460733
670049,NORTH CENTRAL SURGICAL CENTER LLP,TX,DALLAS,True,False,Voluntary non-profit - Other,OP_22,Left before being seen,timely_effective,False,1.0,980.0,2024-01-01,2024-12-31,1.6864695105993195,1.3724832214765101,0.231151832460733
451315,NORTH RUNNELS HOSPITAL,TX,RUNNELS,True,False,Government - Hospital District or Authority,OP_22,Left before being seen,timely_effective,False,1.0,1148.0,2024-01-01,2024-12-31,1.6864695105993195,1.3724832214765101,0.231151832460733
450090,NORTH TEXAS MEDICAL CENTER,TX,COOKE,True,False,Voluntary non-profit - Private,OP_22,Left before being seen,timely_effective,False,2.0,17723.0,2024-01-01,2024-12-31,1.6864695105993195,1.3724832214765101,0.578534031413613
450209,NORTHWEST TEXAS HOSPITAL,TX,POTTER,True,False,Voluntary non-profit - Private,OP_22,Left before being seen,timely_effective,False,2.0,87249.0,2024-01-01,2024-12-31,1.6864695105993195,1.3724832214765101,0.578534031413613
450330,OAKBEND MEDICAL CENTER,TX,FORT BEND,True,True,Government - Hospital District or Authority,OP_22,Left before being seen,timely_effective,False,0.0,37932.0,2024-01-01,2024-12-31,1.6864695105993195,1.3724832214765101,0.0
451359,OCHILTREE GENERAL HOSPITAL,TX,OCHILTREE,True,False,Government - Hospital District or Authority,OP_22,Left before being seen,timely_effective,False,0.0,3588.0,2024-01-01,2024-12-31,1.6864695105993195,1.3724832214765101,0.0
450661,ODESSA REGIONAL MEDICAL CENTER,TX,ECTOR,True,False,Proprietary,OP_22,Left before being seen,timely_effective,False,6.0,24712.0,2024-01-01,2024-12-31,1.6864695105993195,1.3724832214765101,0.965706806282723
451332,PALACIOS COMMUNITY MEDICAL CENTER,TX,MATAGORDA,True,False,Voluntary non-profit - Private,OP_22,Left before being seen,timely_effective,False,0.0,2202.0,2024-01-01,2024-12-31,1.6864695105993195,1.3724832214765101,0.0
450747,PALESTINE REGIONAL MEDICAL CENTER,TX,ANDERSON,True,False,Proprietary,OP_22,Left before being seen,timely_effective,False,1.0,30325.0,2024-01-01,2024-12-31,1.6864695105993195,1.3724832214765101,0.231151832460733
450565,PALO PINTO GENERAL HOSPITAL,TX,PALO PINTO,True,False,Government - Hospital District or Authority,OP_22,Left before being seen,timely_effective,False,1.0,17994.0,2024-01-01,2024-12-31,1.6864695105993195,1.3724832214765101,0.231151832460733
451398,PAMPA REGIONAL MEDICAL CENTER,TX,GRAY,True,False,Voluntary non-profit - Private,OP_22,Left before being seen,timely_effective,False,0.0,10588.0,2024-01-01,2024-12-31,1.6864695105993195,1.3724832214765101,0.0
450196,PARIS REGIONAL MEDICAL CENTER,TX,LAMAR,True,False,Proprietary,OP_22,Left before being seen,timely_effective,False,3.0,30172.0,2024-01-01,2024-12-31,1.6864695105993195,1.3724832214765101,0.779319371727749
450015,PARKLAND HEALTH & HOSPITAL SYSTEM,TX,DALLAS,True,False,Government - Hospital District or Authority,OP_22,Left before being seen,timely_effective,False,2.0,235699.0,2024-01-01,2024-12-31,1.6864695105993195,1.3724832214765101,0.578534031413613
450400,PARKVIEW REGIONAL HOSPITAL,TX,LIMESTONE,True,False,Proprietary,OP_22,Left before being seen,timely_effective,False,1.0,9235.0,2024-01-01,2024-12-31,1.6864695105993195,1.3724832214765101,0.231151832460733
450144,PERMIAN REGIONAL MEDICAL CENTER ANDREWS COUNTY HO,TX,ANDREWS,True,False,Government - Hospital District or Authority,OP_22,Left before being seen,timely_effective,False,2.0,9799.0,2024-01-01,2024-12-31,1.6864695105993195,1.3724832214765101,0.578534031413613
450007,PETERSON REGIONAL MEDICAL CENTER,TX,KERR,True,False,Voluntary non-profit - Private,OP_22,Left before being seen,timely_effective,False,1.0,34893.0,2024-01-01,2024-12-31,1.6864695105993195,1.3724832214765101,0.231151832460733
450834,"PHYSICIANS CENTRE,THE",TX,BRAZOS,True,False,Proprietary,OP_22,Left before being seen,timely_effective,False,5.0,215.0,2024-01-01,2024-12-31,1.6864695105993195,1.3724832214765101,0.937958115183246
670098,RESOLUTE HEALTH HOSPITAL,TX,COMAL,True,False,Proprietary,OP_22,Left before being seen,timely_effective,False,1.0,29114.0,2024-01-01,2024-12-31,1.6864695105993195,1.3724832214765101,0.231151832460733
450711,RIO GRANDE REGIONAL HOSPITAL,TX,HIDALGO,True,False,Proprietary,OP_22,Left before being seen,timely_effective,False,2.0,92341.0,2024-01-01,2024-12-31,1.6864695105993195,1.3724832214765101,0.578534031413613
450055,ROLLING PLAINS MEMORIAL HOSPITAL,TX,NOLAN,True,False,Government - Hospital District or Authority,OP_22,Left before being seen,timely_effective,False,0.0,10499.0,2024-01-01,2024-12-31,1.6864695105993195,1.3724832214765101,0.0
450718,ROUND ROCK MEDICAL CENTER,TX,WILLIAMSON,True,False,Proprietary,OP_22,Left before being seen,timely_effective,False,1.0,51828.0,2024-01-01,2024-12-31,1.6864695105993195,1.3724832214765101,0.231151832460733
451361,SABINE COUNTY HOSPITAL,TX,SABINE,True,False,Proprietary,OP_22,Left before being seen,timely_effective,False,1.0,3932.0,2024-01-01,2024-12-31,1.6864695105993195,1.3724832214765101,0.231151832460733
450653,SCENIC MOUNTAIN MEDICAL CENTER,TX,HOWARD,True,False,Proprietary,OP_22,Left before being seen,timely_effective,False,4.0,14697.0,2024-01-01,2024-12-31,1.6864695105993195,1.3724832214765101,0.882984293193717
451304,SCHLEICHER COUNTY MEDICAL CENTER,TX,SCHLEICHER,True,False,Proprietary,OP_22,Left before being seen,timely_effective,False,0.0,726.0,2024-01-01,2024-12-31,1.6864695105993195,1.3724832214765101,0.0
670080,SETON MEDICAL CENTER HARKER HEIGHTS,TX,BELL,True,False,Proprietary,OP_22,Left before being seen,timely_effective,False,2.0,49190.0,2024-01-01,2024-12-31,1.6864695105993195,1.3724832214765101,0.578534031413613
451399,SEYMOUR HOSPITAL,TX,BAYLOR,True,False,Government - Hospital District or Authority,OP_22,Left before being seen,timely_effective,False,0.0,2106.0,2024-01-01,2024-12-31,1.6864695105993195,1.3724832214765101,0.0
450571,SHANNON MEDICAL CENTER,TX,TOM GREEN,True,False,Voluntary non-profit - Private,OP_22,Left before being seen,timely_effective,False,2.0,68996.0,2024-01-01,2024-12-31,1.6864695105993195,1.3724832214765101,0.578534031413613
450668,SIERRA MEDICAL CENTER,TX,EL PASO,True,False,Proprietary,OP_22,Left before being seen,timely_effective,False,2.0,16448.0,2024-01-01,2024-12-31,1.6864695105993195,1.3724832214765101,0.578534031413613
450119,SOUTH TEXAS HEALTH SYSTEM,TX,HIDALGO,True,False,Proprietary,OP_22,Left before being seen,timely_effective,False,0.0,230808.0,2024-01-01,2024-12-31,1.6864695105993195,1.3724832214765101,0.0
450856,SOUTH TEXAS SPINE AND SURGICAL HOSPITAL,TX,BEXAR,True,False,Physician,OP_22,Left before being seen,timely_effective,False,1.0,121.0,2024-01-01,2024-12-31,1.6864695105993195,1.3724832214765101,0.231151832460733
450431,ST DAVID'S MEDICAL CENTER,TX,TRAVIS,True,False,Proprietary,OP_22,Left before being seen,timely_effective,False,1.0,87708.0,2024-01-01,2024-12-31,1.6864695105993195,1.3724832214765101,0.231151832460733
450713,ST DAVID'S SOUTH AUSTIN MEDICAL CENTER,TX,TRAVIS,True,False,Proprietary,OP_22,Left before being seen,timely_effective,False,1.0,93768.0,2024-01-01,2024-12-31,1.6864695105993195,1.3724832214765101,0.231151832460733
450035,ST JOSEPH MEDICAL CENTER,TX,HARRIS,True,True,Physician,OP_22,Left before being seen,timely_effective,False,7.0,23987.0,2024-01-01,2024-12-31,1.6864695105993195,1.3724832214765101,0.980104712041885
670075,ST LUKE'S HOSPITAL AT THE VINTAGE,TX,HARRIS,True,True,Voluntary non-profit - Private,OP_22,Left before being seen,timely_effective,False,0.0,29509.0,2024-01-01,2024-12-31,1.6864695105993195,1.3724832214765101,0.0
670031,ST LUKE'S PATIENTS MEDICAL CENTER,TX,HARRIS,True,True,Proprietary,OP_22,Left before being seen,timely_effective,False,0.0,17274.0,2024-01-01,2024-12-31,1.6864695105993195,1.3724832214765101,0.0
670053,ST LUKE'S SUGAR LAND HOSPITAL,TX,FORT BEND,True,True,Voluntary non-profit - Private,OP_22,Left before being seen,timely_effective,False,0.0,19408.0,2024-01-01,2024-12-31,1.6864695105993195,1.3724832214765101,0.0
450862,ST LUKE'S THE WOODLANDS HOSPITAL,TX,MONTGOMERY,True,True,Voluntary non-profit - Private,OP_22,Left before being seen,timely_effective,False,1.0,61509.0,2024-01-01,2024-12-31,1.6864695105993195,1.3724832214765101,0.231151832460733
670314,ST MICHAELS MEDICAL HOSPITAL LLC,TX,FORT BEND,True,True,Proprietary,OP_22,Left before being seen,timely_effective,False,3.0,5065.0,2024-01-01,2024-12-31,1.6864695105993195,1.3724832214765101,0.779319371727749
450654,STARR COUNTY MEMORIAL HOSPITAL,TX,STARR,True,False,Government - Hospital District or Authority,OP_22,Left before being seen,timely_effective,False,3.0,12954.0,2024-01-01,2024-12-31,1.6864695105993195,1.3724832214765101,0.779319371727749
451318,STONEWALL MEMORIAL HOSPITAL DISTRICT,TX,STONEWALL,True,False,Government - Hospital District or Authority,OP_22,Left before being seen,timely_effective,False,0.0,852.0,2024-01-01,2024-12-31,1.6864695105993195,1.3724832214765101,0.0
450831,SURGERY SPECIALTY HOSPITALS OF AMERICA SE HOUSTON,TX,HARRIS,True,True,Proprietary,OP_22,Left before being seen,timely_effective,False,0.0,1495.0,2024-01-01,2024-12-31,1.6864695105993195,1.3724832214765101,0.0
451311,SWEENY COMMUNITY HOSPITAL,TX,BRAZORIA,True,True,Government - Hospital District or Authority,OP_22,Left before being seen,timely_effective,False,3.0,1851.0,2024-01-01,2024-12-31,1.6864695105993195,1.3724832214765101,0.779319371727749
450064,TEXAS HEALTH ARLINGTON MEMORIAL HOSPITAL,TX,TARRANT,True,False,Voluntary non-profit - Private,OP_22,Left before being seen,timely_effective,False,1.0,71269.0,2024-01-01,2024-12-31,1.6864695105993195,1.3724832214765101,0.231151832460733
450891,TEXAS HEALTH CENTER FOR DIAGNOSTICS & SURGERY PLAN,TX,COLLIN,True,False,Physician,OP_22,Left before being seen,timely_effective,False,7.0,83.0,2024-01-01,2024-12-31,1.6864695105993195,1.3724832214765101,0.980104712041885
450135,TEXAS HEALTH HARRIS METHODIST FORT WORTH,TX,TARRANT,True,False,Voluntary non-profit - Private,OP_22,Left before being seen,timely_effective,False,0.0,117381.0,2024-01-01,2024-12-31,1.6864695105993195,1.3724832214765101,0.0
670085,TEXAS HEALTH HARRIS METHODIST HOSPITAL ALLIANCE,TX,TARRANT,True,False,Voluntary non-profit - Private,OP_22,Left before being seen,timely_effective,False,2.0,42645.0,2024-01-01,2024-12-31,1.6864695105993195,1.3724832214765101,0.578534031413613
450419,TEXAS HEALTH HARRIS METHODIST HOSPITAL AZLE,TX,TARRANT,True,False,Voluntary non-profit - Private,OP_22,Left before being seen,timely_effective,False,1.0,25510.0,2024-01-01,2024-12-31,1.6864695105993195,1.3724832214765101,0.231151832460733
450148,TEXAS HEALTH HARRIS METHODIST HOSPITAL CLEBURNE,TX,JOHNSON,True,False,Voluntary non-profit - Private,OP_22,Left before being seen,timely_effective,False,1.0,30295.0,2024-01-01,2024-12-31,1.6864695105993195,1.3724832214765101,0.231151832460733
450888,TEXAS HEALTH HARRIS METHODIST HOSPITAL SOUTHLAKE,TX,TARRANT,True,False,Proprietary,OP_22,Left before being seen,timely_effective,False,2.0,1028.0,2024-01-01,2024-12-31,1.6864695105993195,1.3724832214765101,0.578534031413613
450779,TEXAS HEALTH HARRIS METHODIST HOSPITAL SOUTHWEST F,TX,TARRANT,True,False,Voluntary non-profit - Private,OP_22,Left before being seen,timely_effective,False,1.0,66817.0,2024-01-01,2024-12-31,1.6864695105993195,1.3724832214765101,0.231151832460733
450351,TEXAS HEALTH HARRIS METHODIST HOSPITAL STEPHENVILL,TX,ERATH,True,False,Voluntary non-profit - Private,OP_22,Left before being seen,timely_effective,False,1.0,19087.0,2024-01-01,2024-12-31,1.6864695105993195,1.3724832214765101,0.231151832460733
450639,TEXAS HEALTH HARRIS METHODIST HURST-EULESS-BEDFORD,TX,TARRANT,True,False,Voluntary non-profit - Private,OP_22,Left before being seen,timely_effective,False,0.0,58939.0,2024-01-01,2024-12-31,1.6864695105993195,1.3724832214765101,0.0
670260,TEXAS HEALTH HOSPITAL FRISCO,TX,DENTON,True,False,Voluntary non-profit - Private,OP_22,Left before being seen,timely_effective,False,1.0,25340.0,2024-01-01,2024-12-31,1.6864695105993195,1.3724832214765101,0.231151832460733
670309,TEXAS HEALTH HOSPITAL MANSFIELD,TX,TARRANT,True,False,Voluntary non-profit - Private,OP_22,Left before being seen,timely_effective,False,1.0,16091.0,2024-01-01,2024-12-31,1.6864695105993195,1.3724832214765101,0.231151832460733
450677,TEXAS HEALTH HUGULEY HOSPITAL FORT WORTH SOUTH,TX,TARRANT,True,False,Voluntary non-profit - Private,OP_22,Left before being seen,timely_effective,False,2.0,58251.0,2024-01-01,2024-12-31,1.6864695105993195,1.3724832214765101,0.578534031413613
450840,TEXAS HEALTH PRESBYTERIAN HOSPITAL ALLEN,TX,COLLIN,True,False,Voluntary non-profit - Private,OP_22,Left before being seen,timely_effective,False,1.0,25818.0,2024-01-01,2024-12-31,1.6864695105993195,1.3724832214765101,0.231151832460733
450462,TEXAS HEALTH PRESBYTERIAN HOSPITAL DALLAS,TX,DALLAS,True,False,Voluntary non-profit - Private,OP_22,Left before being seen,timely_effective,False,1.0,68500.0,2024-01-01,2024-12-31,1.6864695105993195,1.3724832214765101,0.231151832460733
450743,TEXAS HEALTH PRESBYTERIAN HOSPITAL DENTON,TX,DENTON,True,False,Voluntary non-profit - Private,OP_22,Left before being seen,timely_effective,False,2.0,49359.0,2024-01-01,2024-12-31,1.6864695105993195,1.3724832214765101,0.578534031413613
670068,TEXAS HEALTH PRESBYTERIAN HOSPITAL FLOWER MOUND,TX,DENTON,True,False,Proprietary,OP_22,Left before being seen,timely_effective,False,1.0,21398.0,2024-01-01,2024-12-31,1.6864695105993195,1.3724832214765101,0.231151832460733
450292,TEXAS HEALTH PRESBYTERIAN HOSPITAL KAUFMAN,TX,KAUFMAN,True,False,Voluntary non-profit - Private,OP_22,Left before being seen,timely_effective,False,3.0,27872.0,2024-01-01,2024-12-31,1.6864695105993195,1.3724832214765101,0.779319371727749
450771,TEXAS HEALTH PRESBYTERIAN HOSPITAL PLANO,TX,COLLIN,True,False,Voluntary non-profit - Private,OP_22,Left before being seen,timely_effective,False,0.0,48503.0,2024-01-01,2024-12-31,1.6864695105993195,1.3724832214765101,0.0
670044,TEXAS HEALTH PRESBYTERIAN HOSPITAL ROCKWALL,TX,ROCKWALL,True,False,Proprietary,OP_22,Left before being seen,timely_effective,False,2.0,29618.0,2024-01-01,2024-12-31,1.6864695105993195,1.3724832214765101,0.578534031413613
450804,TEXAS ORTHOPEDIC HOSPITAL,TX,HARRIS,True,True,Voluntary non-profit - Other,OP_22,Left before being seen,timely_effective,False,1.0,835.0,2024-01-01,2024-12-31,1.6864695105993195,1.3724832214765101,0.231151832460733
450324,TEXOMA MEDICAL CENTER,TX,GRAYSON,True,False,Proprietary,OP_22,Left before being seen,timely_effective,False,1.0,92726.0,2024-01-01,2024-12-31,1.6864695105993195,1.3724832214765101,0.231151832460733
450893,THE HEART HOSPITAL BAYLOR DENTON,TX,DENTON,True,False,Physician,OP_22,Left before being seen,timely_effective,False,0.0,2505.0,2024-01-01,2024-12-31,1.6864695105993195,1.3724832214765101,0.0
670006,THE HOSPITAL AT WESTLAKE MEDICAL CENTER,TX,TRAVIS,True,False,Physician,OP_22,Left before being seen,timely_effective,False,0.0,856.0,2024-01-01,2024-12-31,1.6864695105993195,1.3724832214765101,0.0
670047,THE HOSPITALS OF PROVIDENCE - EAST CAMPUS,TX,EL PASO,True,False,Proprietary,OP_22,Left before being seen,timely_effective,False,1.0,67799.0,2024-01-01,2024-12-31,1.6864695105993195,1.3724832214765101,0.231151832460733
450002,THE HOSPITALS OF PROVIDENCE - MEMORIAL CAMPUS,TX,EL PASO,True,False,Proprietary,OP_22,Left before being seen,timely_effective,False,1.0,29147.0,2024-01-01,2024-12-31,1.6864695105993195,1.3724832214765101,0.231151832460733
670124,THE HOSPITALS OF PROVIDENCE HORIZON CITY CAMPUS,TX,EL PASO,True,False,Proprietary,OP_22,Left before being seen,timely_effective,False,0.0,63413.0,2024-01-01,2024-12-31,1.6864695105993195,1.3724832214765101,0.0
670120,THE HOSPITALS OF PROVIDENCE TRANSMOUNTAIN CAMPUS,TX,EL PASO,True,False,Proprietary,OP_22,Left before being seen,timely_effective,False,2.0,31519.0,2024-01-01,2024-12-31,1.6864695105993195,1.3724832214765101,0.578534031413613
450518,THE MEDICAL CENTER OF SOUTHEAST TEXAS,TX,JEFFERSON,True,False,Physician,OP_22,Left before being seen,timely_effective,False,5.0,24271.0,2024-01-01,2024-12-31,1.6864695105993195,1.3724832214765101,0.937958115183246
670267,THE WOODLANDS SPECIALTY HOSPITAL,TX,MONTGOMERY,True,True,Proprietary,OP_22,Left before being seen,timely_effective,False,1.0,1377.0,2024-01-01,2024-12-31,1.6864695105993195,1.3724832214765101,0.231151832460733
450080,TITUS REGIONAL MEDICAL CENTER,TX,TITUS,True,False,Government - Hospital District or Authority,OP_22,Left before being seen,timely_effective,False,1.0,22554.0,2024-01-01,2024-12-31,1.6864695105993195,1.3724832214765101,0.231151832460733
451370,TMC- BONHAM HOSPITAL,TX,FANNIN,True,False,Government - Hospital District or Authority,OP_22,Left before being seen,timely_effective,False,1.0,10789.0,2024-01-01,2024-12-31,1.6864695105993195,1.3724832214765101,0.231151832460733
670266,TOWNSEN MEMORIAL HOSPITAL,TX,HARRIS,True,True,Proprietary,OP_22,Left before being seen,timely_effective,False,1.0,1854.0,2024-01-01,2024-12-31,1.6864695105993195,1.3724832214765101,0.231151832460733
450460,TYLER COUNTY HOSPITAL,TX,TYLER,True,False,Government - Hospital District or Authority,OP_22,Left before being seen,timely_effective,False,2.0,7297.0,2024-01-01,2024-12-31,1.6864695105993195,1.3724832214765101,0.578534031413613
450010,UNITED REGIONAL HEALTH CARE SYSTEM,TX,WICHITA,True,False,Voluntary non-profit - Private,OP_22,Left before being seen,timely_effective,False,3.0,67763.0,2024-01-01,2024-12-31,1.6864695105993195,1.3724832214765101,0.779319371727749
450213,UNIVERSITY HEALTH SYSTEM,TX,BEXAR,True,False,Government - Hospital District or Authority,OP_22,Left before being seen,timely_effective,False,2.0,128672.0,2024-01-01,2024-12-31,1.6864695105993195,1.3724832214765101,0.578534031413613
450686,UNIVERSITY MEDICAL CENTER,TX,LUBBOCK,True,False,Government - Hospital District or Authority,OP_22,Left before being seen,timely_effective,False,0.0,81144.0,2024-01-01,2024-12-31,1.6864695105993195,1.3724832214765101,0.0
450024,UNIVERSITY MEDICAL CENTER OF EL PASO,TX,EL PASO,True,False,Physician,OP_22,Left before being seen,timely_effective,False,0.0,97789.0,2024-01-01,2024-12-31,1.6864695105993195,1.3724832214765101,0.0
450690,UNIVERSITY OF TEXAS HEALTH SCIENCE CENTER AT TYLER,TX,SMITH,True,False,Government - State,OP_22,Left before being seen,timely_effective,False,1.0,10398.0,2024-01-01,2024-12-31,1.6864695105993195,1.3724832214765101,0.231151832460733
450018,UNIVERSITY OF TEXAS MEDICAL BRANCH GALVESTON,TX,GALVESTON,True,True,Government - State,OP_22,Left before being seen,timely_effective,False,0.0,147680.0,2024-01-01,2024-12-31,1.6864695105993195,1.3724832214765101,0.0
450872,USMD HOSPITAL AT ARLINGTON L P,TX,TARRANT,True,False,Physician,OP_22,Left before being seen,timely_effective,False,1.0,9225.0,2024-01-01,2024-12-31,1.6864695105993195,1.3724832214765101,0.231151832460733
450389,UT HEALTH EAST TEXAS ATHENS HOSPITAL,TX,HENDERSON,True,False,Proprietary,OP_22,Left before being seen,timely_effective,False,2.0,25531.0,2024-01-01,2024-12-31,1.6864695105993195,1.3724832214765101,0.578534031413613
450210,UT HEALTH EAST TEXAS CARTHAGE HOSPITAL,TX,PANOLA,True,False,Proprietary,OP_22,Left before being seen,timely_effective,False,1.0,9567.0,2024-01-01,2024-12-31,1.6864695105993195,1.3724832214765101,0.231151832460733
450475,UT HEALTH EAST TEXAS HENDERSON HOSPITAL,TX,RUSK,True,False,Proprietary,OP_22,Left before being seen,timely_effective,False,1.0,16659.0,2024-01-01,2024-12-31,1.6864695105993195,1.3724832214765101,0.231151832460733
450194,UT HEALTH EAST TEXAS JACKSONVILLE HOSPITAL,TX,CHEROKEE,True,False,Proprietary,OP_22,Left before being seen,timely_effective,False,1.0,13892.0,2024-01-01,2024-12-31,1.6864695105993195,1.3724832214765101,0.231151832460733
451367,UT HEALTH EAST TEXAS PITTSBURG HOSPITAL,TX,CAMP,True,False,Proprietary,OP_22,Left before being seen,timely_effective,False,1.0,15882.0,2024-01-01,2024-12-31,1.6864695105993195,1.3724832214765101,0.231151832460733
451380,UT HEALTH EAST TEXAS QUITMAN HOSPITAL,TX,WOOD,True,False,Voluntary non-profit - Other,OP_22,Left before being seen,timely_effective,False,1.0,11926.0,2024-01-01,2024-12-31,1.6864695105993195,1.3724832214765101,0.231151832460733
450083,UT HEALTH EAST TEXAS TYLER REGIONAL HOSPITAL,TX,SMITH,True,False,Proprietary,OP_22,Left before being seen,timely_effective,False,0.0,37162.0,2024-01-01,2024-12-31,1.6864695105993195,1.3724832214765101,0.0
450044,UT OF TEXAS  SOUTHWESTERN UNIVERSITY HOSPITAL - WILLIAM P. CLEMENTS JR.,TX,DALLAS,True,False,Government - State,OP_22,Left before being seen,timely_effective,False,1.0,58700.0,2024-01-01,2024-12-31,1.6864695105993195,1.3724832214765101,0.231151832460733
450154,VAL VERDE REGIONAL MEDICAL CENTER,TX,VAL VERDE,True,False,Government - Hospital District or Authority,OP_22,Left before being seen,timely_effective,False,1.0,26860.0,2024-01-01,2024-12-31,1.6864695105993195,1.3724832214765101,0.231151832460733
450028,VALLEY BAPTIST MEDICAL CENTER- BROWNSVILLE,TX,CAMERON,True,False,Proprietary,OP_22,Left before being seen,timely_effective,False,1.0,41944.0,2024-01-01,2024-12-31,1.6864695105993195,1.3724832214765101,0.231151832460733
450662,VALLEY REGIONAL MEDICAL CENTER,TX,CAMERON,True,False,Proprietary,OP_22,Left before being seen,timely_effective,False,2.0,44228.0,2024-01-01,2024-12-31,1.6864695105993195,1.3724832214765101,0.578534031413613
450033,VHS HARLINGEN HOSPITAL COMPANY LLC,TX,CAMERON,True,False,Proprietary,OP_22,Left before being seen,timely_effective,False,2.0,101784.0,2024-01-01,2024-12-31,1.6864695105993195,1.3724832214765101,0.578534031413613
451373,WARD MEMORIAL HOSPITAL,TX,WARD,True,False,Government - Local,OP_22,Left before being seen,timely_effective,False,1.0,6475.0,2024-01-01,2024-12-31,1.6864695105993195,1.3724832214765101,0.231151832460733
450678,WHITE ROCK MEDICAL CENTER,TX,DALLAS,True,False,Proprietary,OP_22,Left before being seen,timely_effective,False,4.0,19913.0,2024-01-01,2024-12-31,1.6864695105993195,1.3724832214765101,0.882984293193717
450584,WILBARGER GENERAL HOSPITAL,TX,WILBARGER,True,False,Government - Hospital District or Authority,OP_22,Left before being seen,timely_effective,False,1.0,7922.0,2024-01-01,2024-12-31,1.6864695105993195,1.3724832214765101,0.231151832460733
45068F,William Beaumont AMG (FT Bliss),TX,EL PASO,True,False,Department of Defense,OP_22,Left before being seen,timely_effective,False,5.0,39363.0,2024-01-01,2024-12-31,1.6864695105993195,1.3724832214765101,0.937958115183246
450469,WILSON N JONES REGIONAL MEDICAL CENTER,TX,GRAYSON,True,False,Proprietary,OP_22,Left before being seen,timely_effective,False,3.0,10237.0,2024-01-01,2024-12-31,1.6864695105993195,1.3724832214765101,0.779319371727749
450674,"WOMANS HOSPITAL OF TEXAS,THE",TX,HARRIS,True,True,Proprietary,OP_22,Left before being seen,timely_effective,False,1.0,15288.0,2024-01-01,2024-12-31,1.6864695105993195,1.3724832214765101,0.231151832460733
450484,WOODLAND HEIGHTS MEDICAL CENTER,TX,ANGELINA,True,False,Proprietary,OP_22,Left before being seen,timely_effective,False,1.0,29226.0,2024-01-01,2024-12-31,1.6864695105993195,1.3724832214765101,0.231151832460733
450152,ADVENTHEALTH CENTRAL TEXAS,TX,BELL,True,False,Voluntary non-profit - Church,READM_30_HF,Heart failure (HF) 30-Day Readmission Rate,unplanned_visits,False,23.1,370.0,2023-07-01,2025-06-30,21.376175837688287,21.25625,0.911439114391144
670056,ASCENSION  SETON HAYS,TX,HAYS,True,False,Voluntary non-profit - Private,READM_30_HF,Heart failure (HF) 30-Day Readmission Rate,unplanned_visits,False,20.8,263.0,2023-07-01,2025-06-30,21.376175837688287,21.25625,0.298892988929889
450042,ASCENSION PROVIDENCE,TX,MC LENNAN,True,False,Voluntary non-profit - Private,READM_30_HF,Heart failure (HF) 30-Day Readmission Rate,unplanned_visits,False,21.4,485.0,2023-07-01,2025-06-30,21.376175837688287,21.25625,0.513530135301353
670043,ASCENSION SETON CEDAR PARK,TX,WILLIAMSON,True,False,Voluntary non-profit - Private,READM_30_HF,Heart failure (HF) 30-Day Readmission Rate,unplanned_visits,False,21.5,182.0,2023-07-01,2025-06-30,21.376175837688287,21.25625,0.548585485854859
451371,ASCENSION SETON EDGAR B DAVIS,TX,CALDWELL,True,False,Voluntary non-profit - Private,READM_30_HF,Heart failure (HF) 30-Day Readmission Rate,unplanned_visits,False,20.8,29.0,2023-07-01,2025-06-30,21.376175837688287,21.25625,0.298892988929889
451365,ASCENSION SETON HIGHLAND LAKES,TX,BURNET,True,False,Voluntary non-profit - Private,READM_30_HF,Heart failure (HF) 30-Day Readmission Rate,unplanned_visits,False,21.2,46.0,2023-07-01,2025-06-30,21.376175837688287,21.25625,0.440344403444034
450056,ASCENSION SETON MEDICAL CENTER AUSTIN,TX,TRAVIS,True,False,Voluntary non-profit - Private,READM_30_HF,Heart failure (HF) 30-Day Readmission Rate,unplanned_visits,False,20.3,395.0,2023-07-01,2025-06-30,21.376175837688287,21.25625,0.168511685116851
450867,ASCENSION SETON NORTHWEST,TX,TRAVIS,True,False,Voluntary non-profit - Private,READM_30_HF,Heart failure (HF) 30-Day Readmission Rate,unplanned_visits,False,21.2,40.0,2023-07-01,2025-06-30,21.376175837688287,21.25625,0.440344403444034
670041,ASCENSION SETON WILLIAMSON,TX,WILLIAMSON,True,False,Voluntary non-profit - Private,READM_30_HF,Heart failure (HF) 30-Day Readmission Rate,unplanned_visits,False,20.8,271.0,2023-07-01,2025-06-30,21.376175837688287,21.25625,0.298892988929889
450346,BAPTIST BEAUMONT HOSPITAL,TX,JEFFERSON,True,False,Voluntary non-profit - Private,READM_30_HF,Heart failure (HF) 30-Day Readmission Rate,unplanned_visits,False,21.1,826.0,2023-07-01,2025-06-30,21.376175837688287,21.25625,0.403444034440344
450058,BAPTIST MEDICAL CENTER,TX,BEXAR,True,False,Proprietary,READM_30_HF,Heart failure (HF) 30-Day Readmission Rate,unplanned_visits,False,19.8,1930.0,2023-07-01,2025-06-30,21.376175837688287,21.25625,0.0861008610086101
450885,BAYLOR SCOTT &  WHITE MEDICAL CENTER - CENTENNIAL,TX,COLLIN,True,False,Voluntary non-profit - Private,READM_30_HF,Heart failure (HF) 30-Day Readmission Rate,unplanned_visits,False,21.4,160.0,2023-07-01,2025-06-30,21.376175837688287,21.25625,0.513530135301353
450851,BAYLOR SCOTT & WHITE HEART & VASCULAR HOSPITAL - DALLAS,TX,DALLAS,True,False,Proprietary,READM_30_HF,Heart failure (HF) 30-Day Readmission Rate,unplanned_visits,False,21.7,240.0,2023-07-01,2025-06-30,21.376175837688287,21.25625,0.613161131611316
450563,BAYLOR SCOTT & WHITE MEDICAL CENTER  GRAPEVINE,TX,TARRANT,True,False,Voluntary non-profit - Private,READM_30_HF,Heart failure (HF) 30-Day Readmission Rate,unplanned_visits,False,23.1,513.0,2023-07-01,2025-06-30,21.376175837688287,21.25625,0.911439114391144
670108,BAYLOR SCOTT & WHITE MEDICAL CENTER - MARBLE FALLS,TX,BURNET,True,False,Voluntary non-profit - Private,READM_30_HF,Heart failure (HF) 30-Day Readmission Rate,unplanned_visits,False,20.5,123.0,2023-07-01,2025-06-30,21.376175837688287,21.25625,0.217712177121771
670034,BAYLOR SCOTT & WHITE MEDICAL CENTER - ROUND ROCK,TX,WILLIAMSON,True,False,Voluntary non-profit - Private,READM_30_HF,Heart failure (HF) 30-Day Readmission Rate,unplanned_visits,False,21.6,596.0,2023-07-01,2025-06-30,21.376175837688287,21.25625,0.583025830258303
450054,BAYLOR SCOTT & WHITE MEDICAL CENTER - TEMPLE,TX,BELL,True,False,Voluntary non-profit - Private,READM_30_HF,Heart failure (HF) 30-Day Readmission Rate,unplanned_visits,False,19.3,869.0,2023-07-01,2025-06-30,21.376175837688287,21.25625,0.044280442804428
451374,BAYLOR SCOTT & WHITE MEDICAL CENTER -TAYLOR,TX,WILLIAMSON,True,False,Voluntary non-profit - Private,READM_30_HF,Heart failure (HF) 30-Day Readmission Rate,unplanned_visits,False,20.2,32.0,2023-07-01,2025-06-30,21.376175837688287,21.25625,0.148523985239852
450079,BAYLOR SCOTT & WHITE MEDICAL CENTER AT IRVING,TX,DALLAS,True,False,Voluntary non-profit - Private,READM_30_HF,Heart failure (HF) 30-Day Readmission Rate,unplanned_visits,False,21.1,399.0,2023-07-01,2025-06-30,21.376175837688287,21.25625,0.403444034440344
450101,BAYLOR SCOTT & WHITE MEDICAL CENTER HILLCREST,TX,MC LENNAN,True,False,Voluntary non-profit - Private,READM_30_HF,Heart failure (HF) 30-Day Readmission Rate,unplanned_visits,False,21.7,336.0,2023-07-01,2025-06-30,21.376175837688287,21.25625,0.613161131611316
670128,BAYLOR SCOTT & WHITE MEDICAL CENTER PFLUGERVILLE,TX,TRAVIS,True,False,Voluntary non-profit - Private,READM_30_HF,Heart failure (HF) 30-Day Readmission Rate,unplanned_visits,False,21.1,45.0,2023-07-01,2025-06-30,21.376175837688287,21.25625,0.403444034440344
450890,BAYLOR SCOTT & WHITE MEDICAL CENTER PLANO,TX,COLLIN,True,False,Voluntary non-profit - Other,READM_30_HF,Heart failure (HF) 30-Day Readmission Rate,unplanned_visits,False,21.4,323.0,2023-07-01,2025-06-30,21.376175837688287,21.25625,0.513530135301353
670088,BAYLOR SCOTT & WHITE MEDICAL CENTER- COLLEGE STATI,TX,BRAZOS,True,False,Voluntary non-profit - Private,READM_30_HF,Heart failure (HF) 30-Day Readmission Rate,unplanned_visits,False,21.5,410.0,2023-07-01,2025-06-30,21.376175837688287,21.25625,0.548585485854859
450372,BAYLOR SCOTT & WHITE MEDICAL CENTER- WAXAHACHIE,TX,ELLIS,True,False,Voluntary non-profit - Private,READM_30_HF,Heart failure (HF) 30-Day Readmission Rate,unplanned_visits,False,21.5,490.0,2023-07-01,2025-06-30,21.376175837688287,21.25625,0.548585485854859
670025,BAYLOR SCOTT & WHITE THE HEART HOSPITAL PLANO,TX,COLLIN,True,False,Physician,READM_30_HF,Heart failure (HF) 30-Day Readmission Rate,unplanned_visits,False,20.2,760.0,2023-07-01,2025-06-30,21.376175837688287,21.25625,0.148523985239852
670082,BAYLOR SCOTT AND WHITE  MEDICAL CENTER  MCKINNEY,TX,COLLIN,True,False,Voluntary non-profit - Private,READM_30_HF,Heart failure (HF) 30-Day Readmission Rate,unplanned_visits,False,22.3,470.0,2023-07-01,2025-06-30,21.376175837688287,21.25625,0.783517835178352
450137,BAYLOR SCOTT AND WHITE ALL SAINTS MEDICAL CENTER,TX,TARRANT,True,False,Voluntary non-profit - Private,READM_30_HF,Heart failure (HF) 30-Day Readmission Rate,unplanned_visits,False,20.9,549.0,2023-07-01,2025-06-30,21.376175837688287,21.25625,0.33210332103321
450742,BAYLOR SCOTT AND WHITE MEDICAL CENTER LAKE POINTE,TX,DALLAS,True,False,Voluntary non-profit - Private,READM_30_HF,Heart failure (HF) 30-Day Readmission Rate,unplanned_visits,False,21.7,381.0,2023-07-01,2025-06-30,21.376175837688287,21.25625,0.613161131611316
670060,BAYLOR SCOTT AND WHITE MEDICAL CENTER SUNNYVALE,TX,DALLAS,True,False,Proprietary,READM_30_HF,Heart failure (HF) 30-Day Readmission Rate,unplanned_visits,False,19.5,286.0,2023-07-01,2025-06-30,21.376175837688287,21.25625,0.0584255842558426
450193,Baylor St Lukes Medical Center,TX,HARRIS,True,True,Voluntary non-profit - Church,READM_30_HF,Heart failure (HF) 30-Day Readmission Rate,unplanned_visits,False,20.0,1053.0,2023-07-01,2025-06-30,21.376175837688287,21.25625,0.113468634686347
450021,BAYLOR UNIVERSITY MEDICAL CENTER,TX,DALLAS,True,False,Voluntary non-profit - Private,READM_30_HF,Heart failure (HF) 30-Day Readmission Rate,unplanned_visits,False,22.6,895.0,2023-07-01,2025-06-30,21.376175837688287,21.25625,0.839483394833948
450231,BSA HOSPITAL,TX,POTTER,True,False,Proprietary,READM_30_HF,Heart failure (HF) 30-Day Readmission Rate,unplanned_visits,False,19.7,1022.0,2023-07-01,2025-06-30,21.376175837688287,21.25625,0.0765682656826568
450730,CARROLLTON REGIONAL MEDICAL CENTER,TX,DENTON,True,False,Proprietary,READM_30_HF,Heart failure (HF) 30-Day Readmission Rate,unplanned_visits,False,22.5,102.0,2023-07-01,2025-06-30,21.376175837688287,21.25625,0.826568265682657
450011,CHI ST JOSEPH HEALTH REGIONAL HOSPITAL,TX,BRAZOS,True,False,Voluntary non-profit - Private,READM_30_HF,Heart failure (HF) 30-Day Readmission Rate,unplanned_visits,False,21.3,921.0,2023-07-01,2025-06-30,21.376175837688287,21.25625,0.471709717097171
450072,CHI ST LUKE'S HEALTH BRAZOSPORT,TX,BRAZORIA,True,True,Voluntary non-profit - Private,READM_30_HF,Heart failure (HF) 30-Day Readmission Rate,unplanned_visits,False,23.0,379.0,2023-07-01,2025-06-30,21.376175837688287,21.25625,0.900676506765068
450395,CHI ST LUKES HEALTH MEMORIAL LIVINGSTON,TX,POLK,True,False,Voluntary non-profit - Private,READM_30_HF,Heart failure (HF) 30-Day Readmission Rate,unplanned_visits,False,20.8,109.0,2023-07-01,2025-06-30,21.376175837688287,21.25625,0.298892988929889
450211,CHI ST LUKES HEALTH MEMORIAL LUFKIN,TX,ANGELINA,True,False,Voluntary non-profit - Private,READM_30_HF,Heart failure (HF) 30-Day Readmission Rate,unplanned_visits,False,21.3,391.0,2023-07-01,2025-06-30,21.376175837688287,21.25625,0.471709717097171
450369,CHILDRESS REGIONAL MEDICAL CENTER,TX,CHILDRESS,True,False,Government - Hospital District or Authority,READM_30_HF,Heart failure (HF) 30-Day Readmission Rate,unplanned_visits,False,21.4,25.0,2023-07-01,2025-06-30,21.376175837688287,21.25625,0.513530135301353
450032,CHRISTUS GOOD SHEPHERD MEDICAL CENTER,TX,GREGG,True,False,Voluntary non-profit - Private,READM_30_HF,Heart failure (HF) 30-Day Readmission Rate,unplanned_visits,False,22.8,903.0,2023-07-01,2025-06-30,21.376175837688287,21.25625,0.8690036900369
450573,CHRISTUS JASPER MEMORIAL HOSPITAL,TX,JASPER,True,False,Voluntary non-profit - Private,READM_30_HF,Heart failure (HF) 30-Day Readmission Rate,unplanned_visits,False,20.9,47.0,2023-07-01,2025-06-30,21.376175837688287,21.25625,0.33210332103321
450102,CHRISTUS MOTHER FRANCES HOSPITAL,TX,SMITH,True,False,Voluntary non-profit - Private,READM_30_HF,Heart failure (HF) 30-Day Readmission Rate,unplanned_visits,False,20.7,1645.0,2023-07-01,2025-06-30,21.376175837688287,21.25625,0.272755227552276
450236,CHRISTUS MOTHER FRANCES HOSPITAL SULPHUR SPRINGS,TX,HOPKINS,True,False,Voluntary non-profit - Private,READM_30_HF,Heart failure (HF) 30-Day Readmission Rate,unplanned_visits,False,19.2,216.0,2023-07-01,2025-06-30,21.376175837688287,21.25625,0.0353628536285363
451319,CHRISTUS MOTHER FRANCES HOSPITAL- JACKSONVILLE,TX,CHEROKEE,True,False,Voluntary non-profit - Private,READM_30_HF,Heart failure (HF) 30-Day Readmission Rate,unplanned_visits,False,21.3,42.0,2023-07-01,2025-06-30,21.376175837688287,21.25625,0.471709717097171
450272,CHRISTUS SANTA ROSA HOSPITAL-SAN MARCOS,TX,HAYS,True,False,Voluntary non-profit - Church,READM_30_HF,Heart failure (HF) 30-Day Readmission Rate,unplanned_visits,False,21.6,398.0,2023-07-01,2025-06-30,21.376175837688287,21.25625,0.583025830258303
450237,CHRISTUS SANTA ROSA MEDICAL CENTER,TX,BEXAR,True,False,Voluntary non-profit - Private,READM_30_HF,Heart failure (HF) 30-Day Readmission Rate,unplanned_visits,False,20.7,1156.0,2023-07-01,2025-06-30,21.376175837688287,21.25625,0.272755227552276
450034,CHRISTUS SOUTHEAST TEXAS- ST ELIZABETH,TX,JEFFERSON,True,False,Voluntary non-profit - Private,READM_30_HF,Heart failure (HF) 30-Day Readmission Rate,unplanned_visits,False,22.0,769.0,2023-07-01,2025-06-30,21.376175837688287,21.25625,0.709409594095941
450828,CHRISTUS SPOHN HOSPITAL ALICE,TX,JIM WELLS,True,False,Voluntary non-profit - Private,READM_30_HF,Heart failure (HF) 30-Day Readmission Rate,unplanned_visits,False,19.6,126.0,2023-07-01,2025-06-30,21.376175837688287,21.25625,0.0679581795817958
450082,CHRISTUS SPOHN HOSPITAL BEEVILLE,TX,BEE,True,False,Voluntary non-profit - Private,READM_30_HF,Heart failure (HF) 30-Day Readmission Rate,unplanned_visits,False,21.4,90.0,2023-07-01,2025-06-30,21.376175837688287,21.25625,0.513530135301353
450046,CHRISTUS SPOHN HOSPITAL CORPUS CHRISTI,TX,NUECES,True,False,Voluntary non-profit - Private,READM_30_HF,Heart failure (HF) 30-Day Readmission Rate,unplanned_visits,False,18.9,626.0,2023-07-01,2025-06-30,21.376175837688287,21.25625,0.0202952029520295
450163,CHRISTUS SPOHN HOSPITAL KLEBERG,TX,KLEBERG,True,False,Voluntary non-profit - Private,READM_30_HF,Heart failure (HF) 30-Day Readmission Rate,unplanned_visits,False,20.1,100.0,2023-07-01,2025-06-30,21.376175837688287,21.25625,0.131918819188192
450801,CHRISTUS ST MICHAEL HEALTH SYSTEM,TX,BOWIE,True,False,Voluntary non-profit - Private,READM_30_HF,Heart failure (HF) 30-Day Readmission Rate,unplanned_visits,False,20.3,802.0,2023-07-01,2025-06-30,21.376175837688287,21.25625,0.168511685116851
450023,CITIZENS MEDICAL CENTER,TX,VICTORIA,True,False,Voluntary non-profit - Other,READM_30_HF,Heart failure (HF) 30-Day Readmission Rate,unplanned_visits,False,21.2,592.0,2023-07-01,2025-06-30,21.376175837688287,21.25625,0.440344403444034
450370,COLUMBUS COMMUNITY HOSPITAL,TX,COLORADO,True,False,Voluntary non-profit - Private,READM_30_HF,Heart failure (HF) 30-Day Readmission Rate,unplanned_visits,False,21.6,39.0,2023-07-01,2025-06-30,21.376175837688287,21.25625,0.583025830258303
451382,COMANCHE COUNTY MEDICAL CENTER,TX,COMANCHE,True,False,Voluntary non-profit - Private,READM_30_HF,Heart failure (HF) 30-Day Readmission Rate,unplanned_visits,False,22.2,39.0,2023-07-01,2025-06-30,21.376175837688287,21.25625,0.759532595325953
450108,CONNALLY MEMORIAL MEDICAL CENTER,TX,WILSON,True,False,Government - Hospital District or Authority,READM_30_HF,Heart failure (HF) 30-Day Readmission Rate,unplanned_visits,False,21.5,35.0,2023-07-01,2025-06-30,21.376175837688287,21.25625,0.548585485854859
450788,"CORPUS CHRISTI MEDICAL CENTER,THE",TX,NUECES,True,False,Voluntary non-profit - Other,READM_30_HF,Heart failure (HF) 30-Day Readmission Rate,unplanned_visits,False,20.9,794.0,2023-07-01,2025-06-30,21.376175837688287,21.25625,0.33210332103321
450539,COVENANT HOSPITAL PLAINVIEW,TX,HALE,True,False,Voluntary non-profit - Private,READM_30_HF,Heart failure (HF) 30-Day Readmission Rate,unplanned_visits,False,21.0,45.0,2023-07-01,2025-06-30,21.376175837688287,21.25625,0.367466174661747
450040,COVENANT MEDICAL CENTER,TX,LUBBOCK,True,False,Voluntary non-profit - Private,READM_30_HF,Heart failure (HF) 30-Day Readmission Rate,unplanned_visits,False,20.2,897.0,2023-07-01,2025-06-30,21.376175837688287,21.25625,0.148523985239852
670090,CRESCENT MEDICAL CENTER LANCASTER,TX,DALLAS,True,False,Proprietary,READM_30_HF,Heart failure (HF) 30-Day Readmission Rate,unplanned_visits,False,21.8,41.0,2023-07-01,2025-06-30,21.376175837688287,21.25625,0.652829028290283
450597,CUERO REGIONAL HOSPITAL,TX,DE WITT,True,False,Government - Hospital District or Authority,READM_30_HF,Heart failure (HF) 30-Day Readmission Rate,unplanned_visits,False,21.3,37.0,2023-07-01,2025-06-30,21.376175837688287,21.25625,0.471709717097171
450379,DALLAS MEDICAL CENTER,TX,DALLAS,True,False,Proprietary,READM_30_HF,Heart failure (HF) 30-Day Readmission Rate,unplanned_visits,False,20.5,61.0,2023-07-01,2025-06-30,21.376175837688287,21.25625,0.217712177121771
450688,DALLAS REGIONAL MEDICAL CENTER,TX,DALLAS,True,False,Proprietary,READM_30_HF,Heart failure (HF) 30-Day Readmission Rate,unplanned_visits,False,21.5,297.0,2023-07-01,2025-06-30,21.376175837688287,21.25625,0.548585485854859
45066F,DALLAS VA MEDICAL CENTER (VA NORTH TEXAS HEALTHCARE SYSTEM),TX,DALLAS,True,False,Veterans Health Administration,READM_30_HF,Heart failure (HF) 30-Day Readmission Rate,unplanned_visits,False,20.8,625.0,2023-07-01,2025-06-30,21.376175837688287,21.25625,0.298892988929889
450147,DE TAR HOSPITAL NAVARRO,TX,VICTORIA,True,False,Proprietary,READM_30_HF,Heart failure (HF) 30-Day Readmission Rate,unplanned_visits,False,21.8,456.0,2023-07-01,2025-06-30,21.376175837688287,21.25625,0.652829028290283
450124,DELL SETON  MED CENTER AT THE UNIVERSITY OF TX,TX,TRAVIS,True,False,Voluntary non-profit - Private,READM_30_HF,Heart failure (HF) 30-Day Readmission Rate,unplanned_visits,False,21.8,65.0,2023-07-01,2025-06-30,21.376175837688287,21.25625,0.652829028290283
450643,DOCTORS HOSPITAL OF LAREDO,TX,WEBB,True,False,Proprietary,READM_30_HF,Heart failure (HF) 30-Day Readmission Rate,unplanned_visits,False,22.4,180.0,2023-07-01,2025-06-30,21.376175837688287,21.25625,0.806273062730627
450869,DOCTORS HOSPTAL AT RENAISSANCE,TX,HIDALGO,True,False,Physician,READM_30_HF,Heart failure (HF) 30-Day Readmission Rate,unplanned_visits,False,19.9,725.0,2023-07-01,2025-06-30,21.376175837688287,21.25625,0.0968634686346864
450694,EL CAMPO MEMORIAL HOSPITAL,TX,WHARTON,True,False,Voluntary non-profit - Other,READM_30_HF,Heart failure (HF) 30-Day Readmission Rate,unplanned_visits,False,22.3,128.0,2023-07-01,2025-06-30,21.376175837688287,21.25625,0.783517835178352
450092,FORT DUNCAN MEDICAL CENTER,TX,MAVERICK,True,False,Proprietary,READM_30_HF,Heart failure (HF) 30-Day Readmission Rate,unplanned_visits,False,22.5,104.0,2023-07-01,2025-06-30,21.376175837688287,21.25625,0.826568265682657
450658,FREESTONE MEDICAL CENTER,TX,FREESTONE,True,False,Government - Hospital District or Authority,READM_30_HF,Heart failure (HF) 30-Day Readmission Rate,unplanned_visits,False,21.4,25.0,2023-07-01,2025-06-30,21.376175837688287,21.25625,0.513530135301353
451385,GOODALL WITCHER HOSPITAL,TX,BOSQUE,True,False,Government - Hospital District or Authority,READM_30_HF,Heart failure (HF) 30-Day Readmission Rate,unplanned_visits,False,22.3,30.0,2023-07-01,2025-06-30,21.376175837688287,21.25625,0.783517835178352
450104,GUADALUPE REGIONAL MEDICAL CENTER,TX,GUADALUPE,True,False,Government - Local,READM_30_HF,Heart failure (HF) 30-Day Readmission Rate,unplanned_visits,False,21.7,255.0,2023-07-01,2025-06-30,21.376175837688287,21.25625,0.613161131611316
451392,HAMILTON GENERAL HOSPITAL,TX,HAMILTON,True,False,Government - Hospital District or Authority,READM_30_HF,Heart failure (HF) 30-Day Readmission Rate,unplanned_visits,False,21.5,41.0,2023-07-01,2025-06-30,21.376175837688287,21.25625,0.548585485854859
450855,HARLINGEN MEDICAL CENTER,TX,CAMERON,True,False,Proprietary,READM_30_HF,Heart failure (HF) 30-Day Readmission Rate,unplanned_visits,False,20.5,331.0,2023-07-01,2025-06-30,21.376175837688287,21.25625,0.217712177121771
450289,HARRIS HEALTH,TX,HARRIS,True,True,Government - Hospital District or Authority,READM_30_HF,Heart failure (HF) 30-Day Readmission Rate,unplanned_visits,False,21.0,189.0,2023-07-01,2025-06-30,21.376175837688287,21.25625,0.367466174661747
450617,HCA HOUSTON HEALTHCARE CLEAR LAKE,TX,HARRIS,True,True,Proprietary,READM_30_HF,Heart failure (HF) 30-Day Readmission Rate,unplanned_visits,False,20.3,1129.0,2023-07-01,2025-06-30,21.376175837688287,21.25625,0.168511685116851
450222,HCA HOUSTON HEALTHCARE CONROE,TX,MONTGOMERY,True,True,Proprietary,READM_30_HF,Heart failure (HF) 30-Day Readmission Rate,unplanned_visits,False,22.7,555.0,2023-07-01,2025-06-30,21.376175837688287,21.25625,0.855781057810578
450775,HCA HOUSTON HEALTHCARE KINGWOOD,TX,HARRIS,True,True,Proprietary,READM_30_HF,Heart failure (HF) 30-Day Readmission Rate,unplanned_visits,False,22.3,1305.0,2023-07-01,2025-06-30,21.376175837688287,21.25625,0.783517835178352
450659,HCA HOUSTON HEALTHCARE MEDICAL CENTER,TX,HARRIS,True,True,Proprietary,READM_30_HF,Heart failure (HF) 30-Day Readmission Rate,unplanned_visits,False,21.2,226.0,2023-07-01,2025-06-30,21.376175837688287,21.25625,0.440344403444034
450638,HCA HOUSTON HEALTHCARE NORTHWEST,TX,HARRIS,True,True,Proprietary,READM_30_HF,Heart failure (HF) 30-Day Readmission Rate,unplanned_visits,False,22.8,354.0,2023-07-01,2025-06-30,21.376175837688287,21.25625,0.8690036900369
670106,HCA HOUSTON HEALTHCARE PEARLAND,TX,BRAZORIA,True,True,Proprietary,READM_30_HF,Heart failure (HF) 30-Day Readmission Rate,unplanned_visits,False,23.5,222.0,2023-07-01,2025-06-30,21.376175837688287,21.25625,0.947109471094711
450097,HCA HOUSTON HEALTHCARE SOUTHEAST,TX,HARRIS,True,True,Proprietary,READM_30_HF,Heart failure (HF) 30-Day Readmission Rate,unplanned_visits,False,21.1,413.0,2023-07-01,2025-06-30,21.376175837688287,21.25625,0.403444034440344
450670,HCA HOUSTON HEALTHCARE TOMBALL,TX,HARRIS,True,True,Proprietary,READM_30_HF,Heart failure (HF) 30-Day Readmission Rate,unplanned_visits,False,20.8,467.0,2023-07-01,2025-06-30,21.376175837688287,21.25625,0.298892988929889
450644,HCA HOUSTON HEALTHCARE WEST,TX,HARRIS,True,True,Proprietary,READM_30_HF,Heart failure (HF) 30-Day Readmission Rate,unplanned_visits,False,21.0,342.0,2023-07-01,2025-06-30,21.376175837688287,21.25625,0.367466174661747
450229,HENDRICK MEDICAL CENTER,TX,TAYLOR,True,False,Voluntary non-profit - Private,READM_30_HF,Heart failure (HF) 30-Day Readmission Rate,unplanned_visits,False,19.9,863.0,2023-07-01,2025-06-30,21.376175837688287,21.25625,0.0968634686346864
450587,HENDRICK MEDICAL CENTER BROWNWOOD,TX,BROWN,True,False,Voluntary non-profit - Private,READM_30_HF,Heart failure (HF) 30-Day Readmission Rate,unplanned_visits,False,21.3,194.0,2023-07-01,2025-06-30,21.376175837688287,21.25625,0.471709717097171
450604,HILL COUNTRY MEMORIAL HOSPITAL,TX,GILLESPIE,True,False,Proprietary,READM_30_HF,Heart failure (HF) 30-Day Readmission Rate,unplanned_visits,False,21.8,114.0,2023-07-01,2025-06-30,21.376175837688287,21.25625,0.652829028290283
451395,HILL REGIONAL HOSPITAL,TX,HILL,True,False,Voluntary non-profit - Private,READM_30_HF,Heart failure (HF) 30-Day Readmission Rate,unplanned_visits,False,21.4,84.0,2023-07-01,2025-06-30,21.376175837688287,21.25625,0.513530135301353
450424,HOUSTON METHODIST BAYTOWN HOSPITAL,TX,HARRIS,True,True,Voluntary non-profit - Private,READM_30_HF,Heart failure (HF) 30-Day Readmission Rate,unplanned_visits,False,19.2,1197.0,2023-07-01,2025-06-30,21.376175837688287,21.25625,0.0353628536285363
450709,HOUSTON METHODIST CLEAR LAKE HOSPITAL,TX,HARRIS,True,True,Voluntary non-profit - Private,READM_30_HF,Heart failure (HF) 30-Day Readmission Rate,unplanned_visits,False,21.2,504.0,2023-07-01,2025-06-30,21.376175837688287,21.25625,0.440344403444034
670342,HOUSTON METHODIST CYPRESS HOSPITAL,TX,HARRIS,True,True,Voluntary non-profit - Private,READM_30_HF,Heart failure (HF) 30-Day Readmission Rate,unplanned_visits,False,21.6,32.0,2023-07-01,2025-06-30,21.376175837688287,21.25625,0.583025830258303
450358,HOUSTON METHODIST HOSPITAL,TX,HARRIS,True,True,Voluntary non-profit - Private,READM_30_HF,Heart failure (HF) 30-Day Readmission Rate,unplanned_visits,False,18.9,2077.0,2023-07-01,2025-06-30,21.376175837688287,21.25625,0.0202952029520295
450820,HOUSTON METHODIST SUGARLAND HOSPITAL,TX,FORT BEND,True,True,Voluntary non-profit - Private,READM_30_HF,Heart failure (HF) 30-Day Readmission Rate,unplanned_visits,False,20.5,1710.0,2023-07-01,2025-06-30,21.376175837688287,21.25625,0.217712177121771
670122,HOUSTON METHODIST THE WOODLANDS HOSPITAL,TX,MONTGOMERY,True,True,Voluntary non-profit - Private,READM_30_HF,Heart failure (HF) 30-Day Readmission Rate,unplanned_visits,False,19.2,1361.0,2023-07-01,2025-06-30,21.376175837688287,21.25625,0.0353628536285363
670077,HOUSTON METHODIST WEST HOSPITAL,TX,HARRIS,True,True,Voluntary non-profit - Private,READM_30_HF,Heart failure (HF) 30-Day Readmission Rate,unplanned_visits,False,21.9,896.0,2023-07-01,2025-06-30,21.376175837688287,21.25625,0.682964329643296
450844,HOUSTON METHODIST WILLOWBROOK HOSPITAL,TX,HARRIS,True,True,Voluntary non-profit - Private,READM_30_HF,Heart failure (HF) 30-Day Readmission Rate,unplanned_visits,False,20.0,1456.0,2023-07-01,2025-06-30,21.376175837688287,21.25625,0.113468634686347
45074F,HOUSTON VA MEDICAL CENTER,TX,HARRIS,True,True,Veterans Health Administration,READM_30_HF,Heart failure (HF) 30-Day Readmission Rate,unplanned_visits,False,22.9,993.0,2023-07-01,2025-06-30,21.376175837688287,21.25625,0.884686346863469
450352,HUNT REGIONAL MEDICAL CENTER,TX,HUNT,True,False,Government - Hospital District or Authority,READM_30_HF,Heart failure (HF) 30-Day Readmission Rate,unplanned_visits,False,21.3,440.0,2023-07-01,2025-06-30,21.376175837688287,21.25625,0.471709717097171
450347,HUNTSVILLE MEMORIAL HOSPITAL,TX,WALKER,True,False,Voluntary non-profit - Private,READM_30_HF,Heart failure (HF) 30-Day Readmission Rate,unplanned_visits,False,23.4,207.0,2023-07-01,2025-06-30,21.376175837688287,21.25625,0.939729397293973
450039,JPS HEALTH NETWORK,TX,TARRANT,True,False,Government - Hospital District or Authority,READM_30_HF,Heart failure (HF) 30-Day Readmission Rate,unplanned_visits,False,21.2,452.0,2023-07-01,2025-06-30,21.376175837688287,21.25625,0.440344403444034
450128,KNAPP MEDICAL CENTER,TX,HIDALGO,True,False,Voluntary non-profit - Private,READM_30_HF,Heart failure (HF) 30-Day Readmission Rate,unplanned_visits,False,20.3,262.0,2023-07-01,2025-06-30,21.376175837688287,21.25625,0.168511685116851
450596,LAKE GRANBURY MEDICAL CENTER,TX,HOOD,True,False,Proprietary,READM_30_HF,Heart failure (HF) 30-Day Readmission Rate,unplanned_visits,False,22.6,225.0,2023-07-01,2025-06-30,21.376175837688287,21.25625,0.839483394833948
450029,LAREDO MEDICAL CENTER,TX,WEBB,True,False,Proprietary,READM_30_HF,Heart failure (HF) 30-Day Readmission Rate,unplanned_visits,False,22.6,423.0,2023-07-01,2025-06-30,21.376175837688287,21.25625,0.839483394833948
450107,LAS PALMAS MEDICAL CENTER A CAMPUS OF LPDS HEALTHC,TX,EL PASO,True,False,Proprietary,READM_30_HF,Heart failure (HF) 30-Day Readmission Rate,unplanned_visits,False,22.3,801.0,2023-07-01,2025-06-30,21.376175837688287,21.25625,0.783517835178352
451376,LAVACA MEDICAL CENTER,TX,LAVACA,True,False,Government - Hospital District or Authority,READM_30_HF,Heart failure (HF) 30-Day Readmission Rate,unplanned_visits,False,21.6,27.0,2023-07-01,2025-06-30,21.376175837688287,21.25625,0.583025830258303
450702,LONGVIEW REGIONAL MEDICAL CENTER,TX,GREGG,True,False,Proprietary,READM_30_HF,Heart failure (HF) 30-Day Readmission Rate,unplanned_visits,False,23.3,522.0,2023-07-01,2025-06-30,21.376175837688287,21.25625,0.928966789667897
450876,LUBBOCK HEART HOSPITAL LP,TX,LUBBOCK,True,False,Government - Hospital District or Authority,READM_30_HF,Heart failure (HF) 30-Day Readmission Rate,unplanned_visits,False,21.5,166.0,2023-07-01,2025-06-30,21.376175837688287,21.25625,0.548585485854859
450465,MATAGORDA REGIONAL MEDICAL CENTER,TX,MATAGORDA,True,False,Government - Hospital District or Authority,READM_30_HF,Heart failure (HF) 30-Day Readmission Rate,unplanned_visits,False,20.5,157.0,2023-07-01,2025-06-30,21.376175837688287,21.25625,0.217712177121771
450132,MEDICAL CENTER HOSPITAL,TX,ECTOR,True,False,Government - Hospital District or Authority,READM_30_HF,Heart failure (HF) 30-Day Readmission Rate,unplanned_visits,False,20.5,600.0,2023-07-01,2025-06-30,21.376175837688287,21.25625,0.217712177121771
450403,MEDICAL CENTER OF MCKINNEY,TX,COLLIN,True,False,Proprietary,READM_30_HF,Heart failure (HF) 30-Day Readmission Rate,unplanned_visits,False,23.9,427.0,2023-07-01,2025-06-30,21.376175837688287,21.25625,0.964329643296433
670103,MEDICAL CITY ALLIANCE,TX,TARRANT,True,False,Voluntary non-profit - Private,READM_30_HF,Heart failure (HF) 30-Day Readmission Rate,unplanned_visits,False,20.8,218.0,2023-07-01,2025-06-30,21.376175837688287,21.25625,0.298892988929889
450675,MEDICAL CITY ARLINGTON,TX,TARRANT,True,False,Proprietary,READM_30_HF,Heart failure (HF) 30-Day Readmission Rate,unplanned_visits,False,22.1,549.0,2023-07-01,2025-06-30,21.376175837688287,21.25625,0.736469864698647
450647,MEDICAL CITY DALLAS HOSPITAL,TX,DALLAS,True,False,Proprietary,READM_30_HF,Heart failure (HF) 30-Day Readmission Rate,unplanned_visits,False,21.3,699.0,2023-07-01,2025-06-30,21.376175837688287,21.25625,0.471709717097171
450634,MEDICAL CITY DENTON,TX,DENTON,True,False,Proprietary,READM_30_HF,Heart failure (HF) 30-Day Readmission Rate,unplanned_visits,False,21.4,539.0,2023-07-01,2025-06-30,21.376175837688287,21.25625,0.513530135301353
450672,MEDICAL CITY FORT WORTH,TX,TARRANT,True,False,Proprietary,READM_30_HF,Heart failure (HF) 30-Day Readmission Rate,unplanned_visits,False,20.4,454.0,2023-07-01,2025-06-30,21.376175837688287,21.25625,0.19249692496925
450822,MEDICAL CITY LAS COLINAS,TX,DALLAS,True,False,Proprietary,READM_30_HF,Heart failure (HF) 30-Day Readmission Rate,unplanned_visits,False,20.9,134.0,2023-07-01,2025-06-30,21.376175837688287,21.25625,0.33210332103321
450669,MEDICAL CITY LEWISVILLE,TX,DENTON,True,False,Voluntary non-profit - Private,READM_30_HF,Heart failure (HF) 30-Day Readmission Rate,unplanned_visits,False,20.4,271.0,2023-07-01,2025-06-30,21.376175837688287,21.25625,0.19249692496925
450087,MEDICAL CITY NORTH HILLS,TX,TARRANT,True,False,Proprietary,READM_30_HF,Heart failure (HF) 30-Day Readmission Rate,unplanned_visits,False,23.7,349.0,2023-07-01,2025-06-30,21.376175837688287,21.25625,0.956949569495695
450651,MEDICAL CITY PLANO,TX,COLLIN,True,False,Proprietary,READM_30_HF,Heart failure (HF) 30-Day Readmission Rate,unplanned_visits,False,21.8,541.0,2023-07-01,2025-06-30,21.376175837688287,21.25625,0.652829028290283
450203,MEDICAL CITY WEATHERFORD,TX,PARKER,True,False,Proprietary,READM_30_HF,Heart failure (HF) 30-Day Readmission Rate,unplanned_visits,False,23.3,369.0,2023-07-01,2025-06-30,21.376175837688287,21.25625,0.928966789667897
450068,MEMORIAL HERMANN - TEXAS MEDICAL CENTER,TX,HARRIS,True,True,Voluntary non-profit - Private,READM_30_HF,Heart failure (HF) 30-Day Readmission Rate,unplanned_visits,False,21.4,1092.0,2023-07-01,2025-06-30,21.376175837688287,21.25625,0.513530135301353
450184,MEMORIAL HERMANN HOSPITAL SYSTEM,TX,HARRIS,True,True,Voluntary non-profit - Private,READM_30_HF,Heart failure (HF) 30-Day Readmission Rate,unplanned_visits,False,21.4,3791.0,2023-07-01,2025-06-30,21.376175837688287,21.25625,0.513530135301353
450847,MEMORIAL HERMANN KATY HOSPITAL,TX,FORT BEND,True,True,Voluntary non-profit - Private,READM_30_HF,Heart failure (HF) 30-Day Readmission Rate,unplanned_visits,False,21.5,656.0,2023-07-01,2025-06-30,21.376175837688287,21.25625,0.548585485854859
450610,MEMORIAL HERMANN MEMORIAL CITY HOSPITAL,TX,HARRIS,True,True,Voluntary non-profit - Private,READM_30_HF,Heart failure (HF) 30-Day Readmission Rate,unplanned_visits,False,21.3,870.0,2023-07-01,2025-06-30,21.376175837688287,21.25625,0.471709717097171
450684,MEMORIAL HERMANN NORTHEAST HOSPITAL,TX,HARRIS,True,True,Voluntary non-profit - Private,READM_30_HF,Heart failure (HF) 30-Day Readmission Rate,unplanned_visits,False,22.0,1191.0,2023-07-01,2025-06-30,21.376175837688287,21.25625,0.709409594095941
450848,MEMORIAL HERMANN SUGAR LAND HOSPITAL,TX,FORT BEND,True,True,Voluntary non-profit - Private,READM_30_HF,Heart failure (HF) 30-Day Readmission Rate,unplanned_visits,False,21.9,629.0,2023-07-01,2025-06-30,21.376175837688287,21.25625,0.682964329643296
450723,METHODIST CHARLTON MEDICAL CENTER,TX,DALLAS,True,False,Voluntary non-profit - Private,READM_30_HF,Heart failure (HF) 30-Day Readmission Rate,unplanned_visits,False,21.7,784.0,2023-07-01,2025-06-30,21.376175837688287,21.25625,0.613161131611316
450051,METHODIST DALLAS MEDICAL CENTER,TX,DALLAS,True,False,Voluntary non-profit - Other,READM_30_HF,Heart failure (HF) 30-Day Readmission Rate,unplanned_visits,False,19.6,483.0,2023-07-01,2025-06-30,21.376175837688287,21.25625,0.0679581795817958
450388,METHODIST HOSPITAL,TX,BEXAR,True,False,Proprietary,READM_30_HF,Heart failure (HF) 30-Day Readmission Rate,unplanned_visits,False,21.1,3663.0,2023-07-01,2025-06-30,21.376175837688287,21.25625,0.403444034440344
670055,METHODIST HOSPITAL  STONE OAK,TX,BEXAR,True,False,Proprietary,READM_30_HF,Heart failure (HF) 30-Day Readmission Rate,unplanned_visits,False,20.9,587.0,2023-07-01,2025-06-30,21.376175837688287,21.25625,0.33210332103321
450165,METHODIST HOSPITAL ATASCOSA,TX,ATASCOSA,True,False,Proprietary,READM_30_HF,Heart failure (HF) 30-Day Readmission Rate,unplanned_visits,False,21.1,72.0,2023-07-01,2025-06-30,21.376175837688287,21.25625,0.403444034440344
670023,METHODIST MANSFIELD MEDICAL CENTER,TX,TARRANT,True,False,Voluntary non-profit - Private,READM_30_HF,Heart failure (HF) 30-Day Readmission Rate,unplanned_visits,False,20.4,654.0,2023-07-01,2025-06-30,21.376175837688287,21.25625,0.19249692496925
670300,METHODIST MIDLOTHIAN MEDICAL CENTER,TX,ELLIS,True,False,Voluntary non-profit - Private,READM_30_HF,Heart failure (HF) 30-Day Readmission Rate,unplanned_visits,False,19.4,116.0,2023-07-01,2025-06-30,21.376175837688287,21.25625,0.0479704797047971
450537,METHODIST RICHARDSON MEDICAL CENTER,TX,COLLIN,True,False,Voluntary non-profit - Private,READM_30_HF,Heart failure (HF) 30-Day Readmission Rate,unplanned_visits,False,20.4,424.0,2023-07-01,2025-06-30,21.376175837688287,21.25625,0.19249692496925
670132,METHODIST SOUTHLAKE MEDICAL CENTER,TX,TARRANT,True,False,Proprietary,READM_30_HF,Heart failure (HF) 30-Day Readmission Rate,unplanned_visits,False,21.0,38.0,2023-07-01,2025-06-30,21.376175837688287,21.25625,0.367466174661747
450133,MIDLAND MEMORIAL HOSPITAL,TX,MIDLAND,True,False,Government - Hospital District or Authority,READM_30_HF,Heart failure (HF) 30-Day Readmission Rate,unplanned_visits,False,20.1,449.0,2023-07-01,2025-06-30,21.376175837688287,21.25625,0.131918819188192
450176,MISSION REGIONAL MEDICAL CENTER,TX,HIDALGO,True,False,Voluntary non-profit - Private,READM_30_HF,Heart failure (HF) 30-Day Readmission Rate,unplanned_visits,False,22.9,250.0,2023-07-01,2025-06-30,21.376175837688287,21.25625,0.884686346863469
450656,NACOGDOCHES MEDICAL CENTER,TX,NACOGDOCHES,True,False,Voluntary non-profit - Other,READM_30_HF,Heart failure (HF) 30-Day Readmission Rate,unplanned_visits,False,23.6,253.0,2023-07-01,2025-06-30,21.376175837688287,21.25625,0.951722017220172
450508,NACOGDOCHES MEMORIAL HOSPITAL,TX,NACOGDOCHES,True,False,Proprietary,READM_30_HF,Heart failure (HF) 30-Day Readmission Rate,unplanned_visits,False,21.7,134.0,2023-07-01,2025-06-30,21.376175837688287,21.25625,0.613161131611316
450447,NAVARRO REGIONAL HOSPITAL,TX,NAVARRO,True,False,Government - Hospital District or Authority,READM_30_HF,Heart failure (HF) 30-Day Readmission Rate,unplanned_visits,False,24.1,147.0,2023-07-01,2025-06-30,21.376175837688287,21.25625,0.974169741697417
450641,NOCONA GENERAL HOSPITAL,TX,MONTAGUE,True,False,Government - Hospital District or Authority,READM_30_HF,Heart failure (HF) 30-Day Readmission Rate,unplanned_visits,False,21.4,38.0,2023-07-01,2025-06-30,21.376175837688287,21.25625,0.513530135301353
450809,NORTH AUSTIN MEDICAL CENTER,TX,TRAVIS,True,False,Proprietary,READM_30_HF,Heart failure (HF) 30-Day Readmission Rate,unplanned_visits,False,20.1,411.0,2023-07-01,2025-06-30,21.376175837688287,21.25625,0.131918819188192
450090,NORTH TEXAS MEDICAL CENTER,TX,COOKE,True,False,Voluntary non-profit - Private,READM_30_HF,Heart failure (HF) 30-Day Readmission Rate,unplanned_visits,False,20.2,61.0,2023-07-01,2025-06-30,21.376175837688287,21.25625,0.148523985239852
450209,NORTHWEST TEXAS HOSPITAL,TX,POTTER,True,False,Voluntary non-profit - Private,READM_30_HF,Heart failure (HF) 30-Day Readmission Rate,unplanned_visits,False,21.8,330.0,2023-07-01,2025-06-30,21.376175837688287,21.25625,0.652829028290283
450330,OAKBEND MEDICAL CENTER,TX,FORT BEND,True,True,Government - Hospital District or Authority,READM_30_HF,Heart failure (HF) 30-Day Readmission Rate,unplanned_visits,False,22.4,98.0,2023-07-01,2025-06-30,21.376175837688287,21.25625,0.806273062730627
450661,ODESSA REGIONAL MEDICAL CENTER,TX,ECTOR,True,False,Proprietary,READM_30_HF,Heart failure (HF) 30-Day Readmission Rate,unplanned_visits,False,20.9,256.0,2023-07-01,2025-06-30,21.376175837688287,21.25625,0.33210332103321
450747,PALESTINE REGIONAL MEDICAL CENTER,TX,ANDERSON,True,False,Proprietary,READM_30_HF,Heart failure (HF) 30-Day Readmission Rate,unplanned_visits,False,21.2,136.0,2023-07-01,2025-06-30,21.376175837688287,21.25625,0.440344403444034
450565,PALO PINTO GENERAL HOSPITAL,TX,PALO PINTO,True,False,Government - Hospital District or Authority,READM_30_HF,Heart failure (HF) 30-Day Readmission Rate,unplanned_visits,False,21.3,33.0,2023-07-01,2025-06-30,21.376175837688287,21.25625,0.471709717097171
450196,PARIS REGIONAL MEDICAL CENTER,TX,LAMAR,True,False,Proprietary,READM_30_HF,Heart failure (HF) 30-Day Readmission Rate,unplanned_visits,False,22.5,535.0,2023-07-01,2025-06-30,21.376175837688287,21.25625,0.826568265682657
450015,PARKLAND HEALTH & HOSPITAL SYSTEM,TX,DALLAS,True,False,Government - Hospital District or Authority,READM_30_HF,Heart failure (HF) 30-Day Readmission Rate,unplanned_visits,False,20.5,449.0,2023-07-01,2025-06-30,21.376175837688287,21.25625,0.217712177121771
450400,PARKVIEW REGIONAL HOSPITAL,TX,LIMESTONE,True,False,Proprietary,READM_30_HF,Heart failure (HF) 30-Day Readmission Rate,unplanned_visits,False,21.7,39.0,2023-07-01,2025-06-30,21.376175837688287,21.25625,0.613161131611316
450007,PETERSON REGIONAL MEDICAL CENTER,TX,KERR,True,False,Voluntary non-profit - Private,READM_30_HF,Heart failure (HF) 30-Day Readmission Rate,unplanned_visits,False,21.0,297.0,2023-07-01,2025-06-30,21.376175837688287,21.25625,0.367466174661747
451377,REEVES REGIONAL HEALTH,TX,REEVES,True,False,Government - Hospital District or Authority,READM_30_HF,Heart failure (HF) 30-Day Readmission Rate,unplanned_visits,False,22.2,32.0,2023-07-01,2025-06-30,21.376175837688287,21.25625,0.759532595325953
670098,RESOLUTE HEALTH HOSPITAL,TX,COMAL,True,False,Proprietary,READM_30_HF,Heart failure (HF) 30-Day Readmission Rate,unplanned_visits,False,22.1,353.0,2023-07-01,2025-06-30,21.376175837688287,21.25625,0.736469864698647
450711,RIO GRANDE REGIONAL HOSPITAL,TX,HIDALGO,True,False,Proprietary,READM_30_HF,Heart failure (HF) 30-Day Readmission Rate,unplanned_visits,False,21.0,365.0,2023-07-01,2025-06-30,21.376175837688287,21.25625,0.367466174661747
450055,ROLLING PLAINS MEMORIAL HOSPITAL,TX,NOLAN,True,False,Government - Hospital District or Authority,READM_30_HF,Heart failure (HF) 30-Day Readmission Rate,unplanned_visits,False,21.9,36.0,2023-07-01,2025-06-30,21.376175837688287,21.25625,0.682964329643296
450718,ROUND ROCK MEDICAL CENTER,TX,WILLIAMSON,True,False,Proprietary,READM_30_HF,Heart failure (HF) 30-Day Readmission Rate,unplanned_visits,False,19.6,535.0,2023-07-01,2025-06-30,21.376175837688287,21.25625,0.0679581795817958
45090F,SAN ANTONIO VA MEDICAL CENTER (VA SOUTH TEXAS HEALTHCARE SYSTEM),TX,BEXAR,True,False,Veterans Health Administration,READM_30_HF,Heart failure (HF) 30-Day Readmission Rate,unplanned_visits,False,22.3,534.0,2023-07-01,2025-06-30,21.376175837688287,21.25625,0.783517835178352
450653,SCENIC MOUNTAIN MEDICAL CENTER,TX,HOWARD,True,False,Proprietary,READM_30_HF,Heart failure (HF) 30-Day Readmission Rate,unplanned_visits,False,21.1,44.0,2023-07-01,2025-06-30,21.376175837688287,21.25625,0.403444034440344
670080,SETON MEDICAL CENTER HARKER HEIGHTS,TX,BELL,True,False,Proprietary,READM_30_HF,Heart failure (HF) 30-Day Readmission Rate,unplanned_visits,False,24.0,195.0,2023-07-01,2025-06-30,21.376175837688287,21.25625,0.970172201722017
450571,SHANNON MEDICAL CENTER,TX,TOM GREEN,True,False,Voluntary non-profit - Private,READM_30_HF,Heart failure (HF) 30-Day Readmission Rate,unplanned_visits,False,20.6,839.0,2023-07-01,2025-06-30,21.376175837688287,21.25625,0.246924969249692
450668,SIERRA MEDICAL CENTER,TX,EL PASO,True,False,Proprietary,READM_30_HF,Heart failure (HF) 30-Day Readmission Rate,unplanned_visits,False,22.4,435.0,2023-07-01,2025-06-30,21.376175837688287,21.25625,0.806273062730627
450119,SOUTH TEXAS HEALTH SYSTEM,TX,HIDALGO,True,False,Proprietary,READM_30_HF,Heart failure (HF) 30-Day Readmission Rate,unplanned_visits,False,22.0,1075.0,2023-07-01,2025-06-30,21.376175837688287,21.25625,0.709409594095941
450431,ST DAVID'S MEDICAL CENTER,TX,TRAVIS,True,False,Proprietary,READM_30_HF,Heart failure (HF) 30-Day Readmission Rate,unplanned_visits,False,20.5,1982.0,2023-07-01,2025-06-30,21.376175837688287,21.25625,0.217712177121771
450713,ST DAVID'S SOUTH AUSTIN MEDICAL CENTER,TX,TRAVIS,True,False,Proprietary,READM_30_HF,Heart failure (HF) 30-Day Readmission Rate,unplanned_visits,False,20.4,753.0,2023-07-01,2025-06-30,21.376175837688287,21.25625,0.19249692496925
450035,ST JOSEPH MEDICAL CENTER,TX,HARRIS,True,True,Physician,READM_30_HF,Heart failure (HF) 30-Day Readmission Rate,unplanned_visits,False,22.4,129.0,2023-07-01,2025-06-30,21.376175837688287,21.25625,0.806273062730627
670075,ST LUKE'S HOSPITAL AT THE VINTAGE,TX,HARRIS,True,True,Voluntary non-profit - Private,READM_30_HF,Heart failure (HF) 30-Day Readmission Rate,unplanned_visits,False,20.9,366.0,2023-07-01,2025-06-30,21.376175837688287,21.25625,0.33210332103321
670031,ST LUKE'S PATIENTS MEDICAL CENTER,TX,HARRIS,True,True,Proprietary,READM_30_HF,Heart failure (HF) 30-Day Readmission Rate,unplanned_visits,False,23.0,192.0,2023-07-01,2025-06-30,21.376175837688287,21.25625,0.900676506765068
670053,ST LUKE'S SUGAR LAND HOSPITAL,TX,FORT BEND,True,True,Voluntary non-profit - Private,READM_30_HF,Heart failure (HF) 30-Day Readmission Rate,unplanned_visits,False,20.7,217.0,2023-07-01,2025-06-30,21.376175837688287,21.25625,0.272755227552276
450862,ST LUKE'S THE WOODLANDS HOSPITAL,TX,MONTGOMERY,True,True,Voluntary non-profit - Private,READM_30_HF,Heart failure (HF) 30-Day Readmission Rate,unplanned_visits,False,20.7,750.0,2023-07-01,2025-06-30,21.376175837688287,21.25625,0.272755227552276
450654,STARR COUNTY MEMORIAL HOSPITAL,TX,STARR,True,False,Government - Hospital District or Authority,READM_30_HF,Heart failure (HF) 30-Day Readmission Rate,unplanned_visits,False,20.7,39.0,2023-07-01,2025-06-30,21.376175837688287,21.25625,0.272755227552276
45086F,TEMPLE VA MEDICAL CENTER (VA CENTRAL TEXAS HEALTHCARE SYSTEM),TX,BELL,True,False,Veterans Health Administration,READM_30_HF,Heart failure (HF) 30-Day Readmission Rate,unplanned_visits,False,20.3,344.0,2023-07-01,2025-06-30,21.376175837688287,21.25625,0.168511685116851
450064,TEXAS HEALTH ARLINGTON MEMORIAL HOSPITAL,TX,TARRANT,True,False,Voluntary non-profit - Private,READM_30_HF,Heart failure (HF) 30-Day Readmission Rate,unplanned_visits,False,21.6,477.0,2023-07-01,2025-06-30,21.376175837688287,21.25625,0.583025830258303
450135,TEXAS HEALTH HARRIS METHODIST FORT WORTH,TX,TARRANT,True,False,Voluntary non-profit - Private,READM_30_HF,Heart failure (HF) 30-Day Readmission Rate,unplanned_visits,False,20.3,1511.0,2023-07-01,2025-06-30,21.376175837688287,21.25625,0.168511685116851
670085,TEXAS HEALTH HARRIS METHODIST HOSPITAL ALLIANCE,TX,TARRANT,True,False,Voluntary non-profit - Private,READM_30_HF,Heart failure (HF) 30-Day Readmission Rate,unplanned_visits,False,21.0,439.0,2023-07-01,2025-06-30,21.376175837688287,21.25625,0.367466174661747
450419,TEXAS HEALTH HARRIS METHODIST HOSPITAL AZLE,TX,TARRANT,True,False,Voluntary non-profit - Private,READM_30_HF,Heart failure (HF) 30-Day Readmission Rate,unplanned_visits,False,20.6,104.0,2023-07-01,2025-06-30,21.376175837688287,21.25625,0.246924969249692
450148,TEXAS HEALTH HARRIS METHODIST HOSPITAL CLEBURNE,TX,JOHNSON,True,False,Voluntary non-profit - Private,READM_30_HF,Heart failure (HF) 30-Day Readmission Rate,unplanned_visits,False,19.9,272.0,2023-07-01,2025-06-30,21.376175837688287,21.25625,0.0968634686346864
450779,TEXAS HEALTH HARRIS METHODIST HOSPITAL SOUTHWEST F,TX,TARRANT,True,False,Voluntary non-profit - Private,READM_30_HF,Heart failure (HF) 30-Day Readmission Rate,unplanned_visits,False,20.6,670.0,2023-07-01,2025-06-30,21.376175837688287,21.25625,0.246924969249692
450351,TEXAS HEALTH HARRIS METHODIST HOSPITAL STEPHENVILL,TX,ERATH,True,False,Voluntary non-profit - Private,READM_30_HF,Heart failure (HF) 30-Day Readmission Rate,unplanned_visits,False,20.7,65.0,2023-07-01,2025-06-30,21.376175837688287,21.25625,0.272755227552276
450639,TEXAS HEALTH HARRIS METHODIST HURST-EULESS-BEDFORD,TX,TARRANT,True,False,Voluntary non-profit - Private,READM_30_HF,Heart failure (HF) 30-Day Readmission Rate,unplanned_visits,False,20.6,700.0,2023-07-01,2025-06-30,21.376175837688287,21.25625,0.246924969249692
670071,TEXAS HEALTH HEART & VASCULAR HOSPITAL ARLINGTON,TX,TARRANT,True,False,Physician,READM_30_HF,Heart failure (HF) 30-Day Readmission Rate,unplanned_visits,False,21.7,147.0,2023-07-01,2025-06-30,21.376175837688287,21.25625,0.613161131611316
670260,TEXAS HEALTH HOSPITAL FRISCO,TX,DENTON,True,False,Voluntary non-profit - Private,READM_30_HF,Heart failure (HF) 30-Day Readmission Rate,unplanned_visits,False,20.6,225.0,2023-07-01,2025-06-30,21.376175837688287,21.25625,0.246924969249692
670309,TEXAS HEALTH HOSPITAL MANSFIELD,TX,TARRANT,True,False,Voluntary non-profit - Private,READM_30_HF,Heart failure (HF) 30-Day Readmission Rate,unplanned_visits,False,20.2,75.0,2023-07-01,2025-06-30,21.376175837688287,21.25625,0.148523985239852
450677,TEXAS HEALTH HUGULEY HOSPITAL FORT WORTH SOUTH,TX,TARRANT,True,False,Voluntary non-profit - Private,READM_30_HF,Heart failure (HF) 30-Day Readmission Rate,unplanned_visits,False,20.2,901.0,2023-07-01,2025-06-30,21.376175837688287,21.25625,0.148523985239852
450840,TEXAS HEALTH PRESBYTERIAN HOSPITAL ALLEN,TX,COLLIN,True,False,Voluntary non-profit - Private,READM_30_HF,Heart failure (HF) 30-Day Readmission Rate,unplanned_visits,False,22.4,351.0,2023-07-01,2025-06-30,21.376175837688287,21.25625,0.806273062730627
450462,TEXAS HEALTH PRESBYTERIAN HOSPITAL DALLAS,TX,DALLAS,True,False,Voluntary non-profit - Private,READM_30_HF,Heart failure (HF) 30-Day Readmission Rate,unplanned_visits,False,19.5,995.0,2023-07-01,2025-06-30,21.376175837688287,21.25625,0.0584255842558426
450743,TEXAS HEALTH PRESBYTERIAN HOSPITAL DENTON,TX,DENTON,True,False,Voluntary non-profit - Private,READM_30_HF,Heart failure (HF) 30-Day Readmission Rate,unplanned_visits,False,19.5,540.0,2023-07-01,2025-06-30,21.376175837688287,21.25625,0.0584255842558426
670068,TEXAS HEALTH PRESBYTERIAN HOSPITAL FLOWER MOUND,TX,DENTON,True,False,Proprietary,READM_30_HF,Heart failure (HF) 30-Day Readmission Rate,unplanned_visits,False,19.7,260.0,2023-07-01,2025-06-30,21.376175837688287,21.25625,0.0765682656826568
450292,TEXAS HEALTH PRESBYTERIAN HOSPITAL KAUFMAN,TX,KAUFMAN,True,False,Voluntary non-profit - Private,READM_30_HF,Heart failure (HF) 30-Day Readmission Rate,unplanned_visits,False,20.8,61.0,2023-07-01,2025-06-30,21.376175837688287,21.25625,0.298892988929889
450771,TEXAS HEALTH PRESBYTERIAN HOSPITAL PLANO,TX,COLLIN,True,False,Voluntary non-profit - Private,READM_30_HF,Heart failure (HF) 30-Day Readmission Rate,unplanned_visits,False,20.6,559.0,2023-07-01,2025-06-30,21.376175837688287,21.25625,0.246924969249692
670044,TEXAS HEALTH PRESBYTERIAN HOSPITAL ROCKWALL,TX,ROCKWALL,True,False,Proprietary,READM_30_HF,Heart failure (HF) 30-Day Readmission Rate,unplanned_visits,False,21.7,320.0,2023-07-01,2025-06-30,21.376175837688287,21.25625,0.613161131611316
450324,TEXOMA MEDICAL CENTER,TX,GRAYSON,True,False,Proprietary,READM_30_HF,Heart failure (HF) 30-Day Readmission Rate,unplanned_visits,False,22.6,1183.0,2023-07-01,2025-06-30,21.376175837688287,21.25625,0.839483394833948
450893,THE HEART HOSPITAL BAYLOR DENTON,TX,DENTON,True,False,Physician,READM_30_HF,Heart failure (HF) 30-Day Readmission Rate,unplanned_visits,False,22.1,125.0,2023-07-01,2025-06-30,21.376175837688287,21.25625,0.736469864698647
670047,THE HOSPITALS OF PROVIDENCE - EAST CAMPUS,TX,EL PASO,True,False,Proprietary,READM_30_HF,Heart failure (HF) 30-Day Readmission Rate,unplanned_visits,False,20.7,553.0,2023-07-01,2025-06-30,21.376175837688287,21.25625,0.272755227552276
450002,THE HOSPITALS OF PROVIDENCE - MEMORIAL CAMPUS,TX,EL PASO,True,False,Proprietary,READM_30_HF,Heart failure (HF) 30-Day Readmission Rate,unplanned_visits,False,20.6,244.0,2023-07-01,2025-06-30,21.376175837688287,21.25625,0.246924969249692
670120,THE HOSPITALS OF PROVIDENCE TRANSMOUNTAIN CAMPUS,TX,EL PASO,True,False,Proprietary,READM_30_HF,Heart failure (HF) 30-Day Readmission Rate,unplanned_visits,False,20.0,276.0,2023-07-01,2025-06-30,21.376175837688287,21.25625,0.113468634686347
450518,THE MEDICAL CENTER OF SOUTHEAST TEXAS,TX,JEFFERSON,True,False,Physician,READM_30_HF,Heart failure (HF) 30-Day Readmission Rate,unplanned_visits,False,21.9,220.0,2023-07-01,2025-06-30,21.376175837688287,21.25625,0.682964329643296
450080,TITUS REGIONAL MEDICAL CENTER,TX,TITUS,True,False,Government - Hospital District or Authority,READM_30_HF,Heart failure (HF) 30-Day Readmission Rate,unplanned_visits,False,21.8,114.0,2023-07-01,2025-06-30,21.376175837688287,21.25625,0.652829028290283
451370,TMC- BONHAM HOSPITAL,TX,FANNIN,True,False,Government - Hospital District or Authority,READM_30_HF,Heart failure (HF) 30-Day Readmission Rate,unplanned_visits,False,20.7,28.0,2023-07-01,2025-06-30,21.376175837688287,21.25625,0.272755227552276
450010,UNITED REGIONAL HEALTH CARE SYSTEM,TX,WICHITA,True,False,Voluntary non-profit - Private,READM_30_HF,Heart failure (HF) 30-Day Readmission Rate,unplanned_visits,False,23.9,806.0,2023-07-01,2025-06-30,21.376175837688287,21.25625,0.964329643296433
450213,UNIVERSITY HEALTH SYSTEM,TX,BEXAR,True,False,Government - Hospital District or Authority,READM_30_HF,Heart failure (HF) 30-Day Readmission Rate,unplanned_visits,False,20.6,405.0,2023-07-01,2025-06-30,21.376175837688287,21.25625,0.246924969249692
450686,UNIVERSITY MEDICAL CENTER,TX,LUBBOCK,True,False,Government - Hospital District or Authority,READM_30_HF,Heart failure (HF) 30-Day Readmission Rate,unplanned_visits,False,19.9,490.0,2023-07-01,2025-06-30,21.376175837688287,21.25625,0.0968634686346864
450024,UNIVERSITY MEDICAL CENTER OF EL PASO,TX,EL PASO,True,False,Physician,READM_30_HF,Heart failure (HF) 30-Day Readmission Rate,unplanned_visits,False,21.0,331.0,2023-07-01,2025-06-30,21.376175837688287,21.25625,0.367466174661747
450690,UNIVERSITY OF TEXAS HEALTH SCIENCE CENTER AT TYLER,TX,SMITH,True,False,Government - State,READM_30_HF,Heart failure (HF) 30-Day Readmission Rate,unplanned_visits,False,20.9,81.0,2023-07-01,2025-06-30,21.376175837688287,21.25625,0.33210332103321
450018,UNIVERSITY OF TEXAS MEDICAL BRANCH GALVESTON,TX,GALVESTON,True,True,Government - State,READM_30_HF,Heart failure (HF) 30-Day Readmission Rate,unplanned_visits,False,22.2,1442.0,2023-07-01,2025-06-30,21.376175837688287,21.25625,0.759532595325953
450389,UT HEALTH EAST TEXAS ATHENS HOSPITAL,TX,HENDERSON,True,False,Proprietary,READM_30_HF,Heart failure (HF) 30-Day Readmission Rate,unplanned_visits,False,22.8,203.0,2023-07-01,2025-06-30,21.376175837688287,21.25625,0.8690036900369
450210,UT HEALTH EAST TEXAS CARTHAGE HOSPITAL,TX,PANOLA,True,False,Proprietary,READM_30_HF,Heart failure (HF) 30-Day Readmission Rate,unplanned_visits,False,21.2,55.0,2023-07-01,2025-06-30,21.376175837688287,21.25625,0.440344403444034
450475,UT HEALTH EAST TEXAS HENDERSON HOSPITAL,TX,RUSK,True,False,Proprietary,READM_30_HF,Heart failure (HF) 30-Day Readmission Rate,unplanned_visits,False,20.5,68.0,2023-07-01,2025-06-30,21.376175837688287,21.25625,0.217712177121771
450194,UT HEALTH EAST TEXAS JACKSONVILLE HOSPITAL,TX,CHEROKEE,True,False,Proprietary,READM_30_HF,Heart failure (HF) 30-Day Readmission Rate,unplanned_visits,False,21.9,39.0,2023-07-01,2025-06-30,21.376175837688287,21.25625,0.682964329643296
451367,UT HEALTH EAST TEXAS PITTSBURG HOSPITAL,TX,CAMP,True,False,Proprietary,READM_30_HF,Heart failure (HF) 30-Day Readmission Rate,unplanned_visits,False,20.9,57.0,2023-07-01,2025-06-30,21.376175837688287,21.25625,0.33210332103321
451380,UT HEALTH EAST TEXAS QUITMAN HOSPITAL,TX,WOOD,True,False,Voluntary non-profit - Other,READM_30_HF,Heart failure (HF) 30-Day Readmission Rate,unplanned_visits,False,21.7,62.0,2023-07-01,2025-06-30,21.376175837688287,21.25625,0.613161131611316
450083,UT HEALTH EAST TEXAS TYLER REGIONAL HOSPITAL,TX,SMITH,True,False,Proprietary,READM_30_HF,Heart failure (HF) 30-Day Readmission Rate,unplanned_visits,False,22.2,946.0,2023-07-01,2025-06-30,21.376175837688287,21.25625,0.759532595325953
450044,UT OF TEXAS  SOUTHWESTERN UNIVERSITY HOSPITAL - WILLIAM P. CLEMENTS JR.,TX,DALLAS,True,False,Government - State,READM_30_HF,Heart failure (HF) 30-Day Readmission Rate,unplanned_visits,False,19.2,1065.0,2023-07-01,2025-06-30,21.376175837688287,21.25625,0.0353628536285363
451387,UVALDE MEMORIAL HOSPITAL,TX,UVALDE,True,False,Government - Hospital District or Authority,READM_30_HF,Heart failure (HF) 30-Day Readmission Rate,unplanned_visits,False,20.5,75.0,2023-07-01,2025-06-30,21.376175837688287,21.25625,0.217712177121771
45060F,VA AMARILLO HEALTHCARE SYSTEM,TX,POTTER,True,False,Veterans Health Administration,READM_30_HF,Heart failure (HF) 30-Day Readmission Rate,unplanned_visits,False,21.7,133.0,2023-07-01,2025-06-30,21.376175837688287,21.25625,0.613161131611316
450154,VAL VERDE REGIONAL MEDICAL CENTER,TX,VAL VERDE,True,False,Government - Hospital District or Authority,READM_30_HF,Heart failure (HF) 30-Day Readmission Rate,unplanned_visits,False,20.3,78.0,2023-07-01,2025-06-30,21.376175837688287,21.25625,0.168511685116851
450028,VALLEY BAPTIST MEDICAL CENTER- BROWNSVILLE,TX,CAMERON,True,False,Proprietary,READM_30_HF,Heart failure (HF) 30-Day Readmission Rate,unplanned_visits,False,20.9,305.0,2023-07-01,2025-06-30,21.376175837688287,21.25625,0.33210332103321
450662,VALLEY REGIONAL MEDICAL CENTER,TX,CAMERON,True,False,Proprietary,READM_30_HF,Heart failure (HF) 30-Day Readmission Rate,unplanned_visits,False,21.1,370.0,2023-07-01,2025-06-30,21.376175837688287,21.25625,0.403444034440344
450033,VHS HARLINGEN HOSPITAL COMPANY LLC,TX,CAMERON,True,False,Proprietary,READM_30_HF,Heart failure (HF) 30-Day Readmission Rate,unplanned_visits,False,20.1,450.0,2023-07-01,2025-06-30,21.376175837688287,21.25625,0.131918819188192
670333,WESTOVER HILLS BAPTIST HOSPITAL,TX,BEXAR,True,False,Proprietary,READM_30_HF,Heart failure (HF) 30-Day Readmission Rate,unplanned_visits,False,20.9,73.0,2023-07-01,2025-06-30,21.376175837688287,21.25625,0.33210332103321
450678,WHITE ROCK MEDICAL CENTER,TX,DALLAS,True,False,Proprietary,READM_30_HF,Heart failure (HF) 30-Day Readmission Rate,unplanned_visits,False,22.7,103.0,2023-07-01,2025-06-30,21.376175837688287,21.25625,0.855781057810578
450469,WILSON N JONES REGIONAL MEDICAL CENTER,TX,GRAYSON,True,False,Proprietary,READM_30_HF,Heart failure (HF) 30-Day Readmission Rate,unplanned_visits,False,21.8,175.0,2023-07-01,2025-06-30,21.376175837688287,21.25625,0.652829028290283
450484,WOODLAND HEIGHTS MEDICAL CENTER,TX,ANGELINA,True,False,Proprietary,READM_30_HF,Heart failure (HF) 30-Day Readmission Rate,unplanned_visits,False,22.1,457.0,2023-07-01,2025-06-30,21.376175837688287,21.25625,0.736469864698647
451346,YOAKUM COMMUNITY HOSPITAL,TX,LAVACA,True,False,Voluntary non-profit - Private,READM_30_HF,Heart failure (HF) 30-Day Readmission Rate,unplanned_visits,False,21.5,38.0,2023-07-01,2025-06-30,21.376175837688287,21.25625,0.548585485854859
450152,ADVENTHEALTH CENTRAL TEXAS,TX,BELL,True,False,Voluntary non-profit - Church,READM_30_PN,Pneumonia (PN) 30-Day Readmission Rate,unplanned_visits,False,17.9,409.0,2023-07-01,2025-06-30,17.3401809473124,17.31705426356589,0.735693372371573
451323,ADVENTHEALTH ROLLINS BROOK,TX,LAMPASAS,True,False,Voluntary non-profit - Church,READM_30_PN,Pneumonia (PN) 30-Day Readmission Rate,unplanned_visits,False,17.0,25.0,2023-07-01,2025-06-30,17.3401809473124,17.31705426356589,0.365983497471387
670056,ASCENSION  SETON HAYS,TX,HAYS,True,False,Voluntary non-profit - Private,READM_30_PN,Pneumonia (PN) 30-Day Readmission Rate,unplanned_visits,False,16.8,397.0,2023-07-01,2025-06-30,17.3401809473124,17.31705426356589,0.27495342028214
450042,ASCENSION PROVIDENCE,TX,MC LENNAN,True,False,Voluntary non-profit - Private,READM_30_PN,Pneumonia (PN) 30-Day Readmission Rate,unplanned_visits,False,18.0,489.0,2023-07-01,2025-06-30,17.3401809473124,17.31705426356589,0.764439712536598
670043,ASCENSION SETON CEDAR PARK,TX,WILLIAMSON,True,False,Voluntary non-profit - Private,READM_30_PN,Pneumonia (PN) 30-Day Readmission Rate,unplanned_visits,False,19.4,403.0,2023-07-01,2025-06-30,17.3401809473124,17.31705426356589,0.96140537663029
451371,ASCENSION SETON EDGAR B DAVIS,TX,CALDWELL,True,False,Voluntary non-profit - Private,READM_30_PN,Pneumonia (PN) 30-Day Readmission Rate,unplanned_visits,False,17.3,69.0,2023-07-01,2025-06-30,17.3401809473124,17.31705426356589,0.504391801969657
451365,ASCENSION SETON HIGHLAND LAKES,TX,BURNET,True,False,Voluntary non-profit - Private,READM_30_PN,Pneumonia (PN) 30-Day Readmission Rate,unplanned_visits,False,16.8,72.0,2023-07-01,2025-06-30,17.3401809473124,17.31705426356589,0.27495342028214
450056,ASCENSION SETON MEDICAL CENTER AUSTIN,TX,TRAVIS,True,False,Voluntary non-profit - Private,READM_30_PN,Pneumonia (PN) 30-Day Readmission Rate,unplanned_visits,False,16.5,362.0,2023-07-01,2025-06-30,17.3401809473124,17.31705426356589,0.170082512643066
450867,ASCENSION SETON NORTHWEST,TX,TRAVIS,True,False,Voluntary non-profit - Private,READM_30_PN,Pneumonia (PN) 30-Day Readmission Rate,unplanned_visits,False,18.7,96.0,2023-07-01,2025-06-30,17.3401809473124,17.31705426356589,0.896992281075326
670041,ASCENSION SETON WILLIAMSON,TX,WILLIAMSON,True,False,Voluntary non-profit - Private,READM_30_PN,Pneumonia (PN) 30-Day Readmission Rate,unplanned_visits,False,16.9,325.0,2023-07-01,2025-06-30,17.3401809473124,17.31705426356589,0.315677402182592
450346,BAPTIST BEAUMONT HOSPITAL,TX,JEFFERSON,True,False,Voluntary non-profit - Private,READM_30_PN,Pneumonia (PN) 30-Day Readmission Rate,unplanned_visits,False,18.0,1169.0,2023-07-01,2025-06-30,17.3401809473124,17.31705426356589,0.764439712536598
450058,BAPTIST MEDICAL CENTER,TX,BEXAR,True,False,Proprietary,READM_30_PN,Pneumonia (PN) 30-Day Readmission Rate,unplanned_visits,False,15.0,2077.0,2023-07-01,2025-06-30,17.3401809473124,17.31705426356589,0.00585573595954219
670078,BAPTIST NEIGHBORHOOD HOSPITAL THOUSAND OAKS,TX,BEXAR,True,False,Proprietary,READM_30_PN,Pneumonia (PN) 30-Day Readmission Rate,unplanned_visits,False,16.9,79.0,2023-07-01,2025-06-30,17.3401809473124,17.31705426356589,0.315677402182592
450885,BAYLOR SCOTT &  WHITE MEDICAL CENTER - CENTENNIAL,TX,COLLIN,True,False,Voluntary non-profit - Private,READM_30_PN,Pneumonia (PN) 30-Day Readmission Rate,unplanned_visits,False,18.1,252.0,2023-07-01,2025-06-30,17.3401809473124,17.31705426356589,0.787596486558424
670062,BAYLOR SCOTT & WHITE EMERGENCY HOSPITAL,TX,DENTON,True,False,Proprietary,READM_30_PN,Pneumonia (PN) 30-Day Readmission Rate,unplanned_visits,False,17.1,34.0,2023-07-01,2025-06-30,17.3401809473124,17.31705426356589,0.412829385147724
450563,BAYLOR SCOTT & WHITE MEDICAL CENTER  GRAPEVINE,TX,TARRANT,True,False,Voluntary non-profit - Private,READM_30_PN,Pneumonia (PN) 30-Day Readmission Rate,unplanned_visits,False,16.5,524.0,2023-07-01,2025-06-30,17.3401809473124,17.31705426356589,0.170082512643066
670108,BAYLOR SCOTT & WHITE MEDICAL CENTER - MARBLE FALLS,TX,BURNET,True,False,Voluntary non-profit - Private,READM_30_PN,Pneumonia (PN) 30-Day Readmission Rate,unplanned_visits,False,16.7,176.0,2023-07-01,2025-06-30,17.3401809473124,17.31705426356589,0.233697098749002
670034,BAYLOR SCOTT & WHITE MEDICAL CENTER - ROUND ROCK,TX,WILLIAMSON,True,False,Voluntary non-profit - Private,READM_30_PN,Pneumonia (PN) 30-Day Readmission Rate,unplanned_visits,False,17.6,531.0,2023-07-01,2025-06-30,17.3401809473124,17.31705426356589,0.634016502528613
450054,BAYLOR SCOTT & WHITE MEDICAL CENTER - TEMPLE,TX,BELL,True,False,Voluntary non-profit - Private,READM_30_PN,Pneumonia (PN) 30-Day Readmission Rate,unplanned_visits,False,16.5,760.0,2023-07-01,2025-06-30,17.3401809473124,17.31705426356589,0.170082512643066
451374,BAYLOR SCOTT & WHITE MEDICAL CENTER -TAYLOR,TX,WILLIAMSON,True,False,Voluntary non-profit - Private,READM_30_PN,Pneumonia (PN) 30-Day Readmission Rate,unplanned_visits,False,16.0,53.0,2023-07-01,2025-06-30,17.3401809473124,17.31705426356589,0.0628160766569071
450079,BAYLOR SCOTT & WHITE MEDICAL CENTER AT IRVING,TX,DALLAS,True,False,Voluntary non-profit - Private,READM_30_PN,Pneumonia (PN) 30-Day Readmission Rate,unplanned_visits,False,18.7,341.0,2023-07-01,2025-06-30,17.3401809473124,17.31705426356589,0.896992281075326
450101,BAYLOR SCOTT & WHITE MEDICAL CENTER HILLCREST,TX,MC LENNAN,True,False,Voluntary non-profit - Private,READM_30_PN,Pneumonia (PN) 30-Day Readmission Rate,unplanned_visits,False,18.3,416.0,2023-07-01,2025-06-30,17.3401809473124,17.31705426356589,0.832845355336705
670128,BAYLOR SCOTT & WHITE MEDICAL CENTER PFLUGERVILLE,TX,TRAVIS,True,False,Voluntary non-profit - Private,READM_30_PN,Pneumonia (PN) 30-Day Readmission Rate,unplanned_visits,False,16.8,74.0,2023-07-01,2025-06-30,17.3401809473124,17.31705426356589,0.27495342028214
450890,BAYLOR SCOTT & WHITE MEDICAL CENTER PLANO,TX,COLLIN,True,False,Voluntary non-profit - Other,READM_30_PN,Pneumonia (PN) 30-Day Readmission Rate,unplanned_visits,False,17.2,393.0,2023-07-01,2025-06-30,17.3401809473124,17.31705426356589,0.45861059355869
670136,BAYLOR SCOTT & WHITE MEDICAL CENTER- AUSTIN,TX,TRAVIS,True,False,Voluntary non-profit - Private,READM_30_PN,Pneumonia (PN) 30-Day Readmission Rate,unplanned_visits,False,17.3,37.0,2023-07-01,2025-06-30,17.3401809473124,17.31705426356589,0.504391801969657
670088,BAYLOR SCOTT & WHITE MEDICAL CENTER- COLLEGE STATI,TX,BRAZOS,True,False,Voluntary non-profit - Private,READM_30_PN,Pneumonia (PN) 30-Day Readmission Rate,unplanned_visits,False,17.0,337.0,2023-07-01,2025-06-30,17.3401809473124,17.31705426356589,0.365983497471387
450372,BAYLOR SCOTT & WHITE MEDICAL CENTER- WAXAHACHIE,TX,ELLIS,True,False,Voluntary non-profit - Private,READM_30_PN,Pneumonia (PN) 30-Day Readmission Rate,unplanned_visits,False,18.6,342.0,2023-07-01,2025-06-30,17.3401809473124,17.31705426356589,0.882352941176471
670025,BAYLOR SCOTT & WHITE THE HEART HOSPITAL PLANO,TX,COLLIN,True,False,Physician,READM_30_PN,Pneumonia (PN) 30-Day Readmission Rate,unplanned_visits,False,16.2,46.0,2023-07-01,2025-06-30,17.3401809473124,17.31705426356589,0.0944902848017035
670082,BAYLOR SCOTT AND WHITE  MEDICAL CENTER  MCKINNEY,TX,COLLIN,True,False,Voluntary non-profit - Private,READM_30_PN,Pneumonia (PN) 30-Day Readmission Rate,unplanned_visits,False,17.2,415.0,2023-07-01,2025-06-30,17.3401809473124,17.31705426356589,0.45861059355869
450137,BAYLOR SCOTT AND WHITE ALL SAINTS MEDICAL CENTER,TX,TARRANT,True,False,Voluntary non-profit - Private,READM_30_PN,Pneumonia (PN) 30-Day Readmission Rate,unplanned_visits,False,18.5,358.0,2023-07-01,2025-06-30,17.3401809473124,17.31705426356589,0.866648922012244
450742,BAYLOR SCOTT AND WHITE MEDICAL CENTER LAKE POINTE,TX,DALLAS,True,False,Voluntary non-profit - Private,READM_30_PN,Pneumonia (PN) 30-Day Readmission Rate,unplanned_visits,False,18.8,452.0,2023-07-01,2025-06-30,17.3401809473124,17.31705426356589,0.912163960606867
670060,BAYLOR SCOTT AND WHITE MEDICAL CENTER SUNNYVALE,TX,DALLAS,True,False,Proprietary,READM_30_PN,Pneumonia (PN) 30-Day Readmission Rate,unplanned_visits,False,17.9,410.0,2023-07-01,2025-06-30,17.3401809473124,17.31705426356589,0.735693372371573
450193,Baylor St Lukes Medical Center,TX,HARRIS,True,True,Voluntary non-profit - Church,READM_30_PN,Pneumonia (PN) 30-Day Readmission Rate,unplanned_visits,False,17.1,363.0,2023-07-01,2025-06-30,17.3401809473124,17.31705426356589,0.412829385147724
450021,BAYLOR UNIVERSITY MEDICAL CENTER,TX,DALLAS,True,False,Voluntary non-profit - Private,READM_30_PN,Pneumonia (PN) 30-Day Readmission Rate,unplanned_visits,False,17.3,748.0,2023-07-01,2025-06-30,17.3401809473124,17.31705426356589,0.504391801969657
451378,BIG BEND REGIONAL MEDICAL CENTER,TX,BREWSTER,True,False,Proprietary,READM_30_PN,Pneumonia (PN) 30-Day Readmission Rate,unplanned_visits,False,17.5,38.0,2023-07-01,2025-06-30,17.3401809473124,17.31705426356589,0.599946766036731
450399,BROWNFIELD REGIONAL MEDICAL CENTER,TX,TERRY,True,False,Government - Hospital District or Authority,READM_30_PN,Pneumonia (PN) 30-Day Readmission Rate,unplanned_visits,False,16.9,45.0,2023-07-01,2025-06-30,17.3401809473124,17.31705426356589,0.315677402182592
450231,BSA HOSPITAL,TX,POTTER,True,False,Proprietary,READM_30_PN,Pneumonia (PN) 30-Day Readmission Rate,unplanned_visits,False,17.7,1146.0,2023-07-01,2025-06-30,17.3401809473124,17.31705426356589,0.667820069204152
450730,CARROLLTON REGIONAL MEDICAL CENTER,TX,DENTON,True,False,Proprietary,READM_30_PN,Pneumonia (PN) 30-Day Readmission Rate,unplanned_visits,False,18.6,171.0,2023-07-01,2025-06-30,17.3401809473124,17.31705426356589,0.882352941176471
450011,CHI ST JOSEPH HEALTH REGIONAL HOSPITAL,TX,BRAZOS,True,False,Voluntary non-profit - Private,READM_30_PN,Pneumonia (PN) 30-Day Readmission Rate,unplanned_visits,False,18.3,824.0,2023-07-01,2025-06-30,17.3401809473124,17.31705426356589,0.832845355336705
450072,CHI ST LUKE'S HEALTH BRAZOSPORT,TX,BRAZORIA,True,True,Voluntary non-profit - Private,READM_30_PN,Pneumonia (PN) 30-Day Readmission Rate,unplanned_visits,False,17.3,275.0,2023-07-01,2025-06-30,17.3401809473124,17.31705426356589,0.504391801969657
450395,CHI ST LUKES HEALTH MEMORIAL LIVINGSTON,TX,POLK,True,False,Voluntary non-profit - Private,READM_30_PN,Pneumonia (PN) 30-Day Readmission Rate,unplanned_visits,False,18.9,152.0,2023-07-01,2025-06-30,17.3401809473124,17.31705426356589,0.923343092893266
450211,CHI ST LUKES HEALTH MEMORIAL LUFKIN,TX,ANGELINA,True,False,Voluntary non-profit - Private,READM_30_PN,Pneumonia (PN) 30-Day Readmission Rate,unplanned_visits,False,17.7,468.0,2023-07-01,2025-06-30,17.3401809473124,17.31705426356589,0.667820069204152
450369,CHILDRESS REGIONAL MEDICAL CENTER,TX,CHILDRESS,True,False,Government - Hospital District or Authority,READM_30_PN,Pneumonia (PN) 30-Day Readmission Rate,unplanned_visits,False,17.0,57.0,2023-07-01,2025-06-30,17.3401809473124,17.31705426356589,0.365983497471387
450032,CHRISTUS GOOD SHEPHERD MEDICAL CENTER,TX,GREGG,True,False,Voluntary non-profit - Private,READM_30_PN,Pneumonia (PN) 30-Day Readmission Rate,unplanned_visits,False,19.7,1485.0,2023-07-01,2025-06-30,17.3401809473124,17.31705426356589,0.975778546712803
450573,CHRISTUS JASPER MEMORIAL HOSPITAL,TX,JASPER,True,False,Voluntary non-profit - Private,READM_30_PN,Pneumonia (PN) 30-Day Readmission Rate,unplanned_visits,False,16.9,82.0,2023-07-01,2025-06-30,17.3401809473124,17.31705426356589,0.315677402182592
450102,CHRISTUS MOTHER FRANCES HOSPITAL,TX,SMITH,True,False,Voluntary non-profit - Private,READM_30_PN,Pneumonia (PN) 30-Day Readmission Rate,unplanned_visits,False,17.0,2103.0,2023-07-01,2025-06-30,17.3401809473124,17.31705426356589,0.365983497471387
450236,CHRISTUS MOTHER FRANCES HOSPITAL SULPHUR SPRINGS,TX,HOPKINS,True,False,Voluntary non-profit - Private,READM_30_PN,Pneumonia (PN) 30-Day Readmission Rate,unplanned_visits,False,16.6,346.0,2023-07-01,2025-06-30,17.3401809473124,17.31705426356589,0.198030343359063
451319,CHRISTUS MOTHER FRANCES HOSPITAL- JACKSONVILLE,TX,CHEROKEE,True,False,Voluntary non-profit - Private,READM_30_PN,Pneumonia (PN) 30-Day Readmission Rate,unplanned_visits,False,16.2,144.0,2023-07-01,2025-06-30,17.3401809473124,17.31705426356589,0.0944902848017035
450272,CHRISTUS SANTA ROSA HOSPITAL-SAN MARCOS,TX,HAYS,True,False,Voluntary non-profit - Church,READM_30_PN,Pneumonia (PN) 30-Day Readmission Rate,unplanned_visits,False,17.8,320.0,2023-07-01,2025-06-30,17.3401809473124,17.31705426356589,0.703752994410434
450237,CHRISTUS SANTA ROSA MEDICAL CENTER,TX,BEXAR,True,False,Voluntary non-profit - Private,READM_30_PN,Pneumonia (PN) 30-Day Readmission Rate,unplanned_visits,False,17.7,1134.0,2023-07-01,2025-06-30,17.3401809473124,17.31705426356589,0.667820069204152
450034,CHRISTUS SOUTHEAST TEXAS- ST ELIZABETH,TX,JEFFERSON,True,False,Voluntary non-profit - Private,READM_30_PN,Pneumonia (PN) 30-Day Readmission Rate,unplanned_visits,False,18.6,708.0,2023-07-01,2025-06-30,17.3401809473124,17.31705426356589,0.882352941176471
450828,CHRISTUS SPOHN HOSPITAL ALICE,TX,JIM WELLS,True,False,Voluntary non-profit - Private,READM_30_PN,Pneumonia (PN) 30-Day Readmission Rate,unplanned_visits,False,15.7,210.0,2023-07-01,2025-06-30,17.3401809473124,17.31705426356589,0.0319403779611392
450082,CHRISTUS SPOHN HOSPITAL BEEVILLE,TX,BEE,True,False,Voluntary non-profit - Private,READM_30_PN,Pneumonia (PN) 30-Day Readmission Rate,unplanned_visits,False,17.3,159.0,2023-07-01,2025-06-30,17.3401809473124,17.31705426356589,0.504391801969657
450046,CHRISTUS SPOHN HOSPITAL CORPUS CHRISTI,TX,NUECES,True,False,Voluntary non-profit - Private,READM_30_PN,Pneumonia (PN) 30-Day Readmission Rate,unplanned_visits,False,17.6,1126.0,2023-07-01,2025-06-30,17.3401809473124,17.31705426356589,0.634016502528613
450163,CHRISTUS SPOHN HOSPITAL KLEBERG,TX,KLEBERG,True,False,Voluntary non-profit - Private,READM_30_PN,Pneumonia (PN) 30-Day Readmission Rate,unplanned_visits,False,16.5,143.0,2023-07-01,2025-06-30,17.3401809473124,17.31705426356589,0.170082512643066
450801,CHRISTUS ST MICHAEL HEALTH SYSTEM,TX,BOWIE,True,False,Voluntary non-profit - Private,READM_30_PN,Pneumonia (PN) 30-Day Readmission Rate,unplanned_visits,False,17.8,1073.0,2023-07-01,2025-06-30,17.3401809473124,17.31705426356589,0.703752994410434
450023,CITIZENS MEDICAL CENTER,TX,VICTORIA,True,False,Voluntary non-profit - Other,READM_30_PN,Pneumonia (PN) 30-Day Readmission Rate,unplanned_visits,False,16.7,428.0,2023-07-01,2025-06-30,17.3401809473124,17.31705426356589,0.233697098749002
451384,COGDELL MEMORIAL HOSPITAL,TX,SCURRY,True,False,Government - Hospital District or Authority,READM_30_PN,Pneumonia (PN) 30-Day Readmission Rate,unplanned_visits,False,16.9,65.0,2023-07-01,2025-06-30,17.3401809473124,17.31705426356589,0.315677402182592
451347,COLEMAN COUNTY MEDICAL CENTER COMPANY,TX,COLEMAN,True,False,Proprietary,READM_30_PN,Pneumonia (PN) 30-Day Readmission Rate,unplanned_visits,False,18.0,63.0,2023-07-01,2025-06-30,17.3401809473124,17.31705426356589,0.764439712536598
450370,COLUMBUS COMMUNITY HOSPITAL,TX,COLORADO,True,False,Voluntary non-profit - Private,READM_30_PN,Pneumonia (PN) 30-Day Readmission Rate,unplanned_visits,False,16.8,72.0,2023-07-01,2025-06-30,17.3401809473124,17.31705426356589,0.27495342028214
451382,COMANCHE COUNTY MEDICAL CENTER,TX,COMANCHE,True,False,Voluntary non-profit - Private,READM_30_PN,Pneumonia (PN) 30-Day Readmission Rate,unplanned_visits,False,17.5,95.0,2023-07-01,2025-06-30,17.3401809473124,17.31705426356589,0.599946766036731
450108,CONNALLY MEMORIAL MEDICAL CENTER,TX,WILSON,True,False,Government - Hospital District or Authority,READM_30_PN,Pneumonia (PN) 30-Day Readmission Rate,unplanned_visits,False,16.7,43.0,2023-07-01,2025-06-30,17.3401809473124,17.31705426356589,0.233697098749002
450788,"CORPUS CHRISTI MEDICAL CENTER,THE",TX,NUECES,True,False,Voluntary non-profit - Other,READM_30_PN,Pneumonia (PN) 30-Day Readmission Rate,unplanned_visits,False,18.1,943.0,2023-07-01,2025-06-30,17.3401809473124,17.31705426356589,0.787596486558424
451379,CORYELL MEMORIAL HOSPITAL,TX,CORYELL,True,False,Government - Hospital District or Authority,READM_30_PN,Pneumonia (PN) 30-Day Readmission Rate,unplanned_visits,False,18.8,115.0,2023-07-01,2025-06-30,17.3401809473124,17.31705426356589,0.912163960606867
450755,COVENANT HOSPITAL LEVELLAND,TX,HOCKLEY,True,False,Voluntary non-profit - Private,READM_30_PN,Pneumonia (PN) 30-Day Readmission Rate,unplanned_visits,False,16.4,41.0,2023-07-01,2025-06-30,17.3401809473124,17.31705426356589,0.140005323396327
450539,COVENANT HOSPITAL PLAINVIEW,TX,HALE,True,False,Voluntary non-profit - Private,READM_30_PN,Pneumonia (PN) 30-Day Readmission Rate,unplanned_visits,False,16.3,101.0,2023-07-01,2025-06-30,17.3401809473124,17.31705426356589,0.116050039925472
450040,COVENANT MEDICAL CENTER,TX,LUBBOCK,True,False,Voluntary non-profit - Private,READM_30_PN,Pneumonia (PN) 30-Day Readmission Rate,unplanned_visits,False,17.7,1104.0,2023-07-01,2025-06-30,17.3401809473124,17.31705426356589,0.667820069204152
670090,CRESCENT MEDICAL CENTER LANCASTER,TX,DALLAS,True,False,Proprietary,READM_30_PN,Pneumonia (PN) 30-Day Readmission Rate,unplanned_visits,False,17.1,34.0,2023-07-01,2025-06-30,17.3401809473124,17.31705426356589,0.412829385147724
450597,CUERO REGIONAL HOSPITAL,TX,DE WITT,True,False,Government - Hospital District or Authority,READM_30_PN,Pneumonia (PN) 30-Day Readmission Rate,unplanned_visits,False,16.8,55.0,2023-07-01,2025-06-30,17.3401809473124,17.31705426356589,0.27495342028214
450379,DALLAS MEDICAL CENTER,TX,DALLAS,True,False,Proprietary,READM_30_PN,Pneumonia (PN) 30-Day Readmission Rate,unplanned_visits,False,17.5,84.0,2023-07-01,2025-06-30,17.3401809473124,17.31705426356589,0.599946766036731
450688,DALLAS REGIONAL MEDICAL CENTER,TX,DALLAS,True,False,Proprietary,READM_30_PN,Pneumonia (PN) 30-Day Readmission Rate,unplanned_visits,False,16.7,450.0,2023-07-01,2025-06-30,17.3401809473124,17.31705426356589,0.233697098749002
45066F,DALLAS VA MEDICAL CENTER (VA NORTH TEXAS HEALTHCARE SYSTEM),TX,DALLAS,True,False,Veterans Health Administration,READM_30_PN,Pneumonia (PN) 30-Day Readmission Rate,unplanned_visits,False,16.2,303.0,2023-07-01,2025-06-30,17.3401809473124,17.31705426356589,0.0944902848017035
450147,DE TAR HOSPITAL NAVARRO,TX,VICTORIA,True,False,Proprietary,READM_30_PN,Pneumonia (PN) 30-Day Readmission Rate,unplanned_visits,False,16.9,369.0,2023-07-01,2025-06-30,17.3401809473124,17.31705426356589,0.315677402182592
450124,DELL SETON  MED CENTER AT THE UNIVERSITY OF TX,TX,TRAVIS,True,False,Voluntary non-profit - Private,READM_30_PN,Pneumonia (PN) 30-Day Readmission Rate,unplanned_visits,False,17.3,92.0,2023-07-01,2025-06-30,17.3401809473124,17.31705426356589,0.504391801969657
450643,DOCTORS HOSPITAL OF LAREDO,TX,WEBB,True,False,Proprietary,READM_30_PN,Pneumonia (PN) 30-Day Readmission Rate,unplanned_visits,False,19.0,363.0,2023-07-01,2025-06-30,17.3401809473124,17.31705426356589,0.930529677934522
450869,DOCTORS HOSPTAL AT RENAISSANCE,TX,HIDALGO,True,False,Physician,READM_30_PN,Pneumonia (PN) 30-Day Readmission Rate,unplanned_visits,False,16.7,448.0,2023-07-01,2025-06-30,17.3401809473124,17.31705426356589,0.233697098749002
450694,EL CAMPO MEMORIAL HOSPITAL,TX,WHARTON,True,False,Voluntary non-profit - Other,READM_30_PN,Pneumonia (PN) 30-Day Readmission Rate,unplanned_visits,False,17.5,95.0,2023-07-01,2025-06-30,17.3401809473124,17.31705426356589,0.599946766036731
451343,ELECTRA MEMORIAL HOSPITAL,TX,WICHITA,True,False,Government - Hospital District or Authority,READM_30_PN,Pneumonia (PN) 30-Day Readmission Rate,unplanned_visits,False,17.4,45.0,2023-07-01,2025-06-30,17.3401809473124,17.31705426356589,0.550971519829651
450833,ENNIS REGIONAL MEDICAL CENTER,TX,ELLIS,True,False,Proprietary,READM_30_PN,Pneumonia (PN) 30-Day Readmission Rate,unplanned_visits,False,17.2,56.0,2023-07-01,2025-06-30,17.3401809473124,17.31705426356589,0.45861059355869
450241,FAITH COMMUNITY HOSPITAL,TX,JACK,True,False,Government - Hospital District or Authority,READM_30_PN,Pneumonia (PN) 30-Day Readmission Rate,unplanned_visits,False,16.9,30.0,2023-07-01,2025-06-30,17.3401809473124,17.31705426356589,0.315677402182592
450092,FORT DUNCAN MEDICAL CENTER,TX,MAVERICK,True,False,Proprietary,READM_30_PN,Pneumonia (PN) 30-Day Readmission Rate,unplanned_visits,False,15.9,294.0,2023-07-01,2025-06-30,17.3401809473124,17.31705426356589,0.0508384349214799
450658,FREESTONE MEDICAL CENTER,TX,FREESTONE,True,False,Government - Hospital District or Authority,READM_30_PN,Pneumonia (PN) 30-Day Readmission Rate,unplanned_visits,False,16.7,64.0,2023-07-01,2025-06-30,17.3401809473124,17.31705426356589,0.233697098749002
451391,FRIO REGIONAL HOSPITAL,TX,FRIO,True,False,Voluntary non-profit - Private,READM_30_PN,Pneumonia (PN) 30-Day Readmission Rate,unplanned_visits,False,17.2,41.0,2023-07-01,2025-06-30,17.3401809473124,17.31705426356589,0.45861059355869
450451,GLEN ROSE MEDICAL CENTER,TX,SOMERVELL,True,False,Government - Hospital District or Authority,READM_30_PN,Pneumonia (PN) 30-Day Readmission Rate,unplanned_visits,False,17.0,82.0,2023-07-01,2025-06-30,17.3401809473124,17.31705426356589,0.365983497471387
451385,GOODALL WITCHER HOSPITAL,TX,BOSQUE,True,False,Government - Hospital District or Authority,READM_30_PN,Pneumonia (PN) 30-Day Readmission Rate,unplanned_visits,False,16.6,42.0,2023-07-01,2025-06-30,17.3401809473124,17.31705426356589,0.198030343359063
671300,GRAHAM REGIONAL MEDICAL CENTER,TX,YOUNG,True,False,Government - Hospital District or Authority,READM_30_PN,Pneumonia (PN) 30-Day Readmission Rate,unplanned_visits,False,17.1,66.0,2023-07-01,2025-06-30,17.3401809473124,17.31705426356589,0.412829385147724
450104,GUADALUPE REGIONAL MEDICAL CENTER,TX,GUADALUPE,True,False,Government - Local,READM_30_PN,Pneumonia (PN) 30-Day Readmission Rate,unplanned_visits,False,16.9,197.0,2023-07-01,2025-06-30,17.3401809473124,17.31705426356589,0.315677402182592
451392,HAMILTON GENERAL HOSPITAL,TX,HAMILTON,True,False,Government - Hospital District or Authority,READM_30_PN,Pneumonia (PN) 30-Day Readmission Rate,unplanned_visits,False,16.2,89.0,2023-07-01,2025-06-30,17.3401809473124,17.31705426356589,0.0944902848017035
451354,HAMILTON HOSPITAL,TX,YOUNG,True,False,Government - Hospital District or Authority,READM_30_PN,Pneumonia (PN) 30-Day Readmission Rate,unplanned_visits,False,17.2,29.0,2023-07-01,2025-06-30,17.3401809473124,17.31705426356589,0.45861059355869
450855,HARLINGEN MEDICAL CENTER,TX,CAMERON,True,False,Proprietary,READM_30_PN,Pneumonia (PN) 30-Day Readmission Rate,unplanned_visits,False,16.0,574.0,2023-07-01,2025-06-30,17.3401809473124,17.31705426356589,0.0628160766569071
450289,HARRIS HEALTH,TX,HARRIS,True,True,Government - Hospital District or Authority,READM_30_PN,Pneumonia (PN) 30-Day Readmission Rate,unplanned_visits,False,16.7,80.0,2023-07-01,2025-06-30,17.3401809473124,17.31705426356589,0.233697098749002
450617,HCA HOUSTON HEALTHCARE CLEAR LAKE,TX,HARRIS,True,True,Proprietary,READM_30_PN,Pneumonia (PN) 30-Day Readmission Rate,unplanned_visits,False,18.4,942.0,2023-07-01,2025-06-30,17.3401809473124,17.31705426356589,0.850678733031674
450222,HCA HOUSTON HEALTHCARE CONROE,TX,MONTGOMERY,True,True,Proprietary,READM_30_PN,Pneumonia (PN) 30-Day Readmission Rate,unplanned_visits,False,18.3,588.0,2023-07-01,2025-06-30,17.3401809473124,17.31705426356589,0.832845355336705
450775,HCA HOUSTON HEALTHCARE KINGWOOD,TX,HARRIS,True,True,Proprietary,READM_30_PN,Pneumonia (PN) 30-Day Readmission Rate,unplanned_visits,False,18.3,1808.0,2023-07-01,2025-06-30,17.3401809473124,17.31705426356589,0.832845355336705
450659,HCA HOUSTON HEALTHCARE MEDICAL CENTER,TX,HARRIS,True,True,Proprietary,READM_30_PN,Pneumonia (PN) 30-Day Readmission Rate,unplanned_visits,False,18.1,101.0,2023-07-01,2025-06-30,17.3401809473124,17.31705426356589,0.787596486558424
450638,HCA HOUSTON HEALTHCARE NORTHWEST,TX,HARRIS,True,True,Proprietary,READM_30_PN,Pneumonia (PN) 30-Day Readmission Rate,unplanned_visits,False,18.1,304.0,2023-07-01,2025-06-30,17.3401809473124,17.31705426356589,0.787596486558424
670106,HCA HOUSTON HEALTHCARE PEARLAND,TX,BRAZORIA,True,True,Proprietary,READM_30_PN,Pneumonia (PN) 30-Day Readmission Rate,unplanned_visits,False,17.8,213.0,2023-07-01,2025-06-30,17.3401809473124,17.31705426356589,0.703752994410434
450097,HCA HOUSTON HEALTHCARE SOUTHEAST,TX,HARRIS,True,True,Proprietary,READM_30_PN,Pneumonia (PN) 30-Day Readmission Rate,unplanned_visits,False,17.0,522.0,2023-07-01,2025-06-30,17.3401809473124,17.31705426356589,0.365983497471387
450670,HCA HOUSTON HEALTHCARE TOMBALL,TX,HARRIS,True,True,Proprietary,READM_30_PN,Pneumonia (PN) 30-Day Readmission Rate,unplanned_visits,False,18.5,440.0,2023-07-01,2025-06-30,17.3401809473124,17.31705426356589,0.866648922012244
450644,HCA HOUSTON HEALTHCARE WEST,TX,HARRIS,True,True,Proprietary,READM_30_PN,Pneumonia (PN) 30-Day Readmission Rate,unplanned_visits,False,16.9,370.0,2023-07-01,2025-06-30,17.3401809473124,17.31705426356589,0.315677402182592
450229,HENDRICK MEDICAL CENTER,TX,TAYLOR,True,False,Voluntary non-profit - Private,READM_30_PN,Pneumonia (PN) 30-Day Readmission Rate,unplanned_visits,False,16.5,1174.0,2023-07-01,2025-06-30,17.3401809473124,17.31705426356589,0.170082512643066
450587,HENDRICK MEDICAL CENTER BROWNWOOD,TX,BROWN,True,False,Voluntary non-profit - Private,READM_30_PN,Pneumonia (PN) 30-Day Readmission Rate,unplanned_visits,False,19.1,322.0,2023-07-01,2025-06-30,17.3401809473124,17.31705426356589,0.938248602608464
450155,HEREFORD REGIONAL MEDICAL CENTER,TX,DEAF SMITH,True,False,Government - Hospital District or Authority,READM_30_PN,Pneumonia (PN) 30-Day Readmission Rate,unplanned_visits,False,16.8,50.0,2023-07-01,2025-06-30,17.3401809473124,17.31705426356589,0.27495342028214
450604,HILL COUNTRY MEMORIAL HOSPITAL,TX,GILLESPIE,True,False,Proprietary,READM_30_PN,Pneumonia (PN) 30-Day Readmission Rate,unplanned_visits,False,16.9,210.0,2023-07-01,2025-06-30,17.3401809473124,17.31705426356589,0.315677402182592
451395,HILL REGIONAL HOSPITAL,TX,HILL,True,False,Voluntary non-profit - Private,READM_30_PN,Pneumonia (PN) 30-Day Readmission Rate,unplanned_visits,False,18.0,72.0,2023-07-01,2025-06-30,17.3401809473124,17.31705426356589,0.764439712536598
450424,HOUSTON METHODIST BAYTOWN HOSPITAL,TX,HARRIS,True,True,Voluntary non-profit - Private,READM_30_PN,Pneumonia (PN) 30-Day Readmission Rate,unplanned_visits,False,16.7,976.0,2023-07-01,2025-06-30,17.3401809473124,17.31705426356589,0.233697098749002
450709,HOUSTON METHODIST CLEAR LAKE HOSPITAL,TX,HARRIS,True,True,Voluntary non-profit - Private,READM_30_PN,Pneumonia (PN) 30-Day Readmission Rate,unplanned_visits,False,17.8,514.0,2023-07-01,2025-06-30,17.3401809473124,17.31705426356589,0.703752994410434
450358,HOUSTON METHODIST HOSPITAL,TX,HARRIS,True,True,Voluntary non-profit - Private,READM_30_PN,Pneumonia (PN) 30-Day Readmission Rate,unplanned_visits,False,15.3,1676.0,2023-07-01,2025-06-30,17.3401809473124,17.31705426356589,0.0133084908171413
450820,HOUSTON METHODIST SUGARLAND HOSPITAL,TX,FORT BEND,True,True,Voluntary non-profit - Private,READM_30_PN,Pneumonia (PN) 30-Day Readmission Rate,unplanned_visits,False,17.3,1821.0,2023-07-01,2025-06-30,17.3401809473124,17.31705426356589,0.504391801969657
670122,HOUSTON METHODIST THE WOODLANDS HOSPITAL,TX,MONTGOMERY,True,True,Voluntary non-profit - Private,READM_30_PN,Pneumonia (PN) 30-Day Readmission Rate,unplanned_visits,False,15.9,1382.0,2023-07-01,2025-06-30,17.3401809473124,17.31705426356589,0.0508384349214799
670077,HOUSTON METHODIST WEST HOSPITAL,TX,HARRIS,True,True,Voluntary non-profit - Private,READM_30_PN,Pneumonia (PN) 30-Day Readmission Rate,unplanned_visits,False,17.6,944.0,2023-07-01,2025-06-30,17.3401809473124,17.31705426356589,0.634016502528613
450844,HOUSTON METHODIST WILLOWBROOK HOSPITAL,TX,HARRIS,True,True,Voluntary non-profit - Private,READM_30_PN,Pneumonia (PN) 30-Day Readmission Rate,unplanned_visits,False,17.6,1225.0,2023-07-01,2025-06-30,17.3401809473124,17.31705426356589,0.634016502528613
45074F,HOUSTON VA MEDICAL CENTER,TX,HARRIS,True,True,Veterans Health Administration,READM_30_PN,Pneumonia (PN) 30-Day Readmission Rate,unplanned_visits,False,17.9,524.0,2023-07-01,2025-06-30,17.3401809473124,17.31705426356589,0.735693372371573
450352,HUNT REGIONAL MEDICAL CENTER,TX,HUNT,True,False,Government - Hospital District or Authority,READM_30_PN,Pneumonia (PN) 30-Day Readmission Rate,unplanned_visits,False,18.6,482.0,2023-07-01,2025-06-30,17.3401809473124,17.31705426356589,0.882352941176471
450347,HUNTSVILLE MEMORIAL HOSPITAL,TX,WALKER,True,False,Voluntary non-profit - Private,READM_30_PN,Pneumonia (PN) 30-Day Readmission Rate,unplanned_visits,False,15.4,263.0,2023-07-01,2025-06-30,17.3401809473124,17.31705426356589,0.0167686984295981
450039,JPS HEALTH NETWORK,TX,TARRANT,True,False,Government - Hospital District or Authority,READM_30_PN,Pneumonia (PN) 30-Day Readmission Rate,unplanned_visits,False,16.7,317.0,2023-07-01,2025-06-30,17.3401809473124,17.31705426356589,0.233697098749002
450128,KNAPP MEDICAL CENTER,TX,HIDALGO,True,False,Voluntary non-profit - Private,READM_30_PN,Pneumonia (PN) 30-Day Readmission Rate,unplanned_visits,False,17.4,311.0,2023-07-01,2025-06-30,17.3401809473124,17.31705426356589,0.550971519829651
450596,LAKE GRANBURY MEDICAL CENTER,TX,HOOD,True,False,Proprietary,READM_30_PN,Pneumonia (PN) 30-Day Readmission Rate,unplanned_visits,False,16.0,337.0,2023-07-01,2025-06-30,17.3401809473124,17.31705426356589,0.0628160766569071
450698,LAMB HEALTHCARE CENTER,TX,LAMB,True,False,Government - Local,READM_30_PN,Pneumonia (PN) 30-Day Readmission Rate,unplanned_visits,False,17.4,29.0,2023-07-01,2025-06-30,17.3401809473124,17.31705426356589,0.550971519829651
450029,LAREDO MEDICAL CENTER,TX,WEBB,True,False,Proprietary,READM_30_PN,Pneumonia (PN) 30-Day Readmission Rate,unplanned_visits,False,16.5,782.0,2023-07-01,2025-06-30,17.3401809473124,17.31705426356589,0.170082512643066
450107,LAS PALMAS MEDICAL CENTER A CAMPUS OF LPDS HEALTHC,TX,EL PASO,True,False,Proprietary,READM_30_PN,Pneumonia (PN) 30-Day Readmission Rate,unplanned_visits,False,20.5,1309.0,2023-07-01,2025-06-30,17.3401809473124,17.31705426356589,0.994144264040458
451376,LAVACA MEDICAL CENTER,TX,LAVACA,True,False,Government - Hospital District or Authority,READM_30_PN,Pneumonia (PN) 30-Day Readmission Rate,unplanned_visits,False,15.7,111.0,2023-07-01,2025-06-30,17.3401809473124,17.31705426356589,0.0319403779611392
451303,LIMESTONE MEDICAL CENTER,TX,LIMESTONE,True,False,Government - Hospital District or Authority,READM_30_PN,Pneumonia (PN) 30-Day Readmission Rate,unplanned_visits,False,17.1,35.0,2023-07-01,2025-06-30,17.3401809473124,17.31705426356589,0.412829385147724
450702,LONGVIEW REGIONAL MEDICAL CENTER,TX,GREGG,True,False,Proprietary,READM_30_PN,Pneumonia (PN) 30-Day Readmission Rate,unplanned_visits,False,17.1,641.0,2023-07-01,2025-06-30,17.3401809473124,17.31705426356589,0.412829385147724
450876,LUBBOCK HEART HOSPITAL LP,TX,LUBBOCK,True,False,Government - Hospital District or Authority,READM_30_PN,Pneumonia (PN) 30-Day Readmission Rate,unplanned_visits,False,16.9,66.0,2023-07-01,2025-06-30,17.3401809473124,17.31705426356589,0.315677402182592
451351,LYNN COUNTY HOSPITAL DISTRICT,TX,LYNN,True,False,Government - Hospital District or Authority,READM_30_PN,Pneumonia (PN) 30-Day Readmission Rate,unplanned_visits,False,17.2,31.0,2023-07-01,2025-06-30,17.3401809473124,17.31705426356589,0.45861059355869
451333,MARTIN COUNTY HOSPITAL DISTRICT,TX,MARTIN,True,False,Government - Hospital District or Authority,READM_30_PN,Pneumonia (PN) 30-Day Readmission Rate,unplanned_visits,False,17.0,29.0,2023-07-01,2025-06-30,17.3401809473124,17.31705426356589,0.365983497471387
450465,MATAGORDA REGIONAL MEDICAL CENTER,TX,MATAGORDA,True,False,Government - Hospital District or Authority,READM_30_PN,Pneumonia (PN) 30-Day Readmission Rate,unplanned_visits,False,15.9,119.0,2023-07-01,2025-06-30,17.3401809473124,17.31705426356589,0.0508384349214799
450489,MEDICAL ARTS HOSPITAL,TX,DAWSON,True,False,Government - Hospital District or Authority,READM_30_PN,Pneumonia (PN) 30-Day Readmission Rate,unplanned_visits,False,16.6,27.0,2023-07-01,2025-06-30,17.3401809473124,17.31705426356589,0.198030343359063
450132,MEDICAL CENTER HOSPITAL,TX,ECTOR,True,False,Government - Hospital District or Authority,READM_30_PN,Pneumonia (PN) 30-Day Readmission Rate,unplanned_visits,False,16.9,525.0,2023-07-01,2025-06-30,17.3401809473124,17.31705426356589,0.315677402182592
450403,MEDICAL CENTER OF MCKINNEY,TX,COLLIN,True,False,Proprietary,READM_30_PN,Pneumonia (PN) 30-Day Readmission Rate,unplanned_visits,False,18.3,779.0,2023-07-01,2025-06-30,17.3401809473124,17.31705426356589,0.832845355336705
670103,MEDICAL CITY ALLIANCE,TX,TARRANT,True,False,Voluntary non-profit - Private,READM_30_PN,Pneumonia (PN) 30-Day Readmission Rate,unplanned_visits,False,16.9,322.0,2023-07-01,2025-06-30,17.3401809473124,17.31705426356589,0.315677402182592
450675,MEDICAL CITY ARLINGTON,TX,TARRANT,True,False,Proprietary,READM_30_PN,Pneumonia (PN) 30-Day Readmission Rate,unplanned_visits,False,17.2,795.0,2023-07-01,2025-06-30,17.3401809473124,17.31705426356589,0.45861059355869
450647,MEDICAL CITY DALLAS HOSPITAL,TX,DALLAS,True,False,Proprietary,READM_30_PN,Pneumonia (PN) 30-Day Readmission Rate,unplanned_visits,False,17.7,632.0,2023-07-01,2025-06-30,17.3401809473124,17.31705426356589,0.667820069204152
450634,MEDICAL CITY DENTON,TX,DENTON,True,False,Proprietary,READM_30_PN,Pneumonia (PN) 30-Day Readmission Rate,unplanned_visits,False,19.2,975.0,2023-07-01,2025-06-30,17.3401809473124,17.31705426356589,0.948363055629492
450672,MEDICAL CITY FORT WORTH,TX,TARRANT,True,False,Proprietary,READM_30_PN,Pneumonia (PN) 30-Day Readmission Rate,unplanned_visits,False,18.3,482.0,2023-07-01,2025-06-30,17.3401809473124,17.31705426356589,0.832845355336705
450822,MEDICAL CITY LAS COLINAS,TX,DALLAS,True,False,Proprietary,READM_30_PN,Pneumonia (PN) 30-Day Readmission Rate,unplanned_visits,False,17.5,174.0,2023-07-01,2025-06-30,17.3401809473124,17.31705426356589,0.599946766036731
450669,MEDICAL CITY LEWISVILLE,TX,DENTON,True,False,Voluntary non-profit - Private,READM_30_PN,Pneumonia (PN) 30-Day Readmission Rate,unplanned_visits,False,17.7,334.0,2023-07-01,2025-06-30,17.3401809473124,17.31705426356589,0.667820069204152
450087,MEDICAL CITY NORTH HILLS,TX,TARRANT,True,False,Proprietary,READM_30_PN,Pneumonia (PN) 30-Day Readmission Rate,unplanned_visits,False,18.9,530.0,2023-07-01,2025-06-30,17.3401809473124,17.31705426356589,0.923343092893266
450651,MEDICAL CITY PLANO,TX,COLLIN,True,False,Proprietary,READM_30_PN,Pneumonia (PN) 30-Day Readmission Rate,unplanned_visits,False,19.3,993.0,2023-07-01,2025-06-30,17.3401809473124,17.31705426356589,0.955017301038062
450203,MEDICAL CITY WEATHERFORD,TX,PARKER,True,False,Proprietary,READM_30_PN,Pneumonia (PN) 30-Day Readmission Rate,unplanned_visits,False,18.4,687.0,2023-07-01,2025-06-30,17.3401809473124,17.31705426356589,0.850678733031674
451330,MEDINA REGIONAL HOSPITAL,TX,MEDINA,True,False,Government - Hospital District or Authority,READM_30_PN,Pneumonia (PN) 30-Day Readmission Rate,unplanned_visits,False,17.3,31.0,2023-07-01,2025-06-30,17.3401809473124,17.31705426356589,0.504391801969657
450068,MEMORIAL HERMANN - TEXAS MEDICAL CENTER,TX,HARRIS,True,True,Voluntary non-profit - Private,READM_30_PN,Pneumonia (PN) 30-Day Readmission Rate,unplanned_visits,False,17.2,861.0,2023-07-01,2025-06-30,17.3401809473124,17.31705426356589,0.45861059355869
450184,MEMORIAL HERMANN HOSPITAL SYSTEM,TX,HARRIS,True,True,Voluntary non-profit - Private,READM_30_PN,Pneumonia (PN) 30-Day Readmission Rate,unplanned_visits,False,18.0,3278.0,2023-07-01,2025-06-30,17.3401809473124,17.31705426356589,0.764439712536598
450847,MEMORIAL HERMANN KATY HOSPITAL,TX,FORT BEND,True,True,Voluntary non-profit - Private,READM_30_PN,Pneumonia (PN) 30-Day Readmission Rate,unplanned_visits,False,17.4,975.0,2023-07-01,2025-06-30,17.3401809473124,17.31705426356589,0.550971519829651
450610,MEMORIAL HERMANN MEMORIAL CITY HOSPITAL,TX,HARRIS,True,True,Voluntary non-profit - Private,READM_30_PN,Pneumonia (PN) 30-Day Readmission Rate,unplanned_visits,False,16.3,674.0,2023-07-01,2025-06-30,17.3401809473124,17.31705426356589,0.116050039925472
450684,MEMORIAL HERMANN NORTHEAST HOSPITAL,TX,HARRIS,True,True,Voluntary non-profit - Private,READM_30_PN,Pneumonia (PN) 30-Day Readmission Rate,unplanned_visits,False,17.9,916.0,2023-07-01,2025-06-30,17.3401809473124,17.31705426356589,0.735693372371573
450848,MEMORIAL HERMANN SUGAR LAND HOSPITAL,TX,FORT BEND,True,True,Voluntary non-profit - Private,READM_30_PN,Pneumonia (PN) 30-Day Readmission Rate,unplanned_visits,False,16.8,603.0,2023-07-01,2025-06-30,17.3401809473124,17.31705426356589,0.27495342028214
451386,MEMORIAL HOSPITAL,TX,MOORE,True,False,Government - Hospital District or Authority,READM_30_PN,Pneumonia (PN) 30-Day Readmission Rate,unplanned_visits,False,16.9,36.0,2023-07-01,2025-06-30,17.3401809473124,17.31705426356589,0.315677402182592
450235,MEMORIAL HOSPITAL,TX,GONZALES,True,False,Government - Hospital District or Authority,READM_30_PN,Pneumonia (PN) 30-Day Readmission Rate,unplanned_visits,False,17.1,44.0,2023-07-01,2025-06-30,17.3401809473124,17.31705426356589,0.412829385147724
451356,MEMORIAL MEDICAL CENTER,TX,CALHOUN,True,False,Government - Local,READM_30_PN,Pneumonia (PN) 30-Day Readmission Rate,unplanned_visits,False,17.5,59.0,2023-07-01,2025-06-30,17.3401809473124,17.31705426356589,0.599946766036731
450723,METHODIST CHARLTON MEDICAL CENTER,TX,DALLAS,True,False,Voluntary non-profit - Private,READM_30_PN,Pneumonia (PN) 30-Day Readmission Rate,unplanned_visits,False,15.9,597.0,2023-07-01,2025-06-30,17.3401809473124,17.31705426356589,0.0508384349214799
450051,METHODIST DALLAS MEDICAL CENTER,TX,DALLAS,True,False,Voluntary non-profit - Other,READM_30_PN,Pneumonia (PN) 30-Day Readmission Rate,unplanned_visits,False,15.7,300.0,2023-07-01,2025-06-30,17.3401809473124,17.31705426356589,0.0319403779611392
450388,METHODIST HOSPITAL,TX,BEXAR,True,False,Proprietary,READM_30_PN,Pneumonia (PN) 30-Day Readmission Rate,unplanned_visits,False,17.8,3466.0,2023-07-01,2025-06-30,17.3401809473124,17.31705426356589,0.703752994410434
670055,METHODIST HOSPITAL  STONE OAK,TX,BEXAR,True,False,Proprietary,READM_30_PN,Pneumonia (PN) 30-Day Readmission Rate,unplanned_visits,False,17.9,792.0,2023-07-01,2025-06-30,17.3401809473124,17.31705426356589,0.735693372371573
450165,METHODIST HOSPITAL ATASCOSA,TX,ATASCOSA,True,False,Proprietary,READM_30_PN,Pneumonia (PN) 30-Day Readmission Rate,unplanned_visits,False,16.8,168.0,2023-07-01,2025-06-30,17.3401809473124,17.31705426356589,0.27495342028214
670023,METHODIST MANSFIELD MEDICAL CENTER,TX,TARRANT,True,False,Voluntary non-profit - Private,READM_30_PN,Pneumonia (PN) 30-Day Readmission Rate,unplanned_visits,False,17.7,659.0,2023-07-01,2025-06-30,17.3401809473124,17.31705426356589,0.667820069204152
670300,METHODIST MIDLOTHIAN MEDICAL CENTER,TX,ELLIS,True,False,Voluntary non-profit - Private,READM_30_PN,Pneumonia (PN) 30-Day Readmission Rate,unplanned_visits,False,15.6,182.0,2023-07-01,2025-06-30,17.3401809473124,17.31705426356589,0.026084642001597
450537,METHODIST RICHARDSON MEDICAL CENTER,TX,COLLIN,True,False,Voluntary non-profit - Private,READM_30_PN,Pneumonia (PN) 30-Day Readmission Rate,unplanned_visits,False,16.4,591.0,2023-07-01,2025-06-30,17.3401809473124,17.31705426356589,0.140005323396327
450133,MIDLAND MEMORIAL HOSPITAL,TX,MIDLAND,True,False,Government - Hospital District or Authority,READM_30_PN,Pneumonia (PN) 30-Day Readmission Rate,unplanned_visits,False,17.2,526.0,2023-07-01,2025-06-30,17.3401809473124,17.31705426356589,0.45861059355869
450176,MISSION REGIONAL MEDICAL CENTER,TX,HIDALGO,True,False,Voluntary non-profit - Private,READM_30_PN,Pneumonia (PN) 30-Day Readmission Rate,unplanned_visits,False,17.7,523.0,2023-07-01,2025-06-30,17.3401809473124,17.31705426356589,0.667820069204152
451342,MITCHELL COUNTY HOSPITAL DISTRICT,TX,MITCHELL,True,False,Government - Hospital District or Authority,READM_30_PN,Pneumonia (PN) 30-Day Readmission Rate,unplanned_visits,False,17.3,30.0,2023-07-01,2025-06-30,17.3401809473124,17.31705426356589,0.504391801969657
450656,NACOGDOCHES MEDICAL CENTER,TX,NACOGDOCHES,True,False,Voluntary non-profit - Other,READM_30_PN,Pneumonia (PN) 30-Day Readmission Rate,unplanned_visits,False,20.4,533.0,2023-07-01,2025-06-30,17.3401809473124,17.31705426356589,0.992813414958744
450508,NACOGDOCHES MEMORIAL HOSPITAL,TX,NACOGDOCHES,True,False,Proprietary,READM_30_PN,Pneumonia (PN) 30-Day Readmission Rate,unplanned_visits,False,18.5,195.0,2023-07-01,2025-06-30,17.3401809473124,17.31705426356589,0.866648922012244
450447,NAVARRO REGIONAL HOSPITAL,TX,NAVARRO,True,False,Government - Hospital District or Authority,READM_30_PN,Pneumonia (PN) 30-Day Readmission Rate,unplanned_visits,False,17.5,231.0,2023-07-01,2025-06-30,17.3401809473124,17.31705426356589,0.599946766036731
450641,NOCONA GENERAL HOSPITAL,TX,MONTAGUE,True,False,Government - Hospital District or Authority,READM_30_PN,Pneumonia (PN) 30-Day Readmission Rate,unplanned_visits,False,17.0,57.0,2023-07-01,2025-06-30,17.3401809473124,17.31705426356589,0.365983497471387
450809,NORTH AUSTIN MEDICAL CENTER,TX,TRAVIS,True,False,Proprietary,READM_30_PN,Pneumonia (PN) 30-Day Readmission Rate,unplanned_visits,False,18.8,700.0,2023-07-01,2025-06-30,17.3401809473124,17.31705426356589,0.912163960606867
451315,NORTH RUNNELS HOSPITAL,TX,RUNNELS,True,False,Government - Hospital District or Authority,READM_30_PN,Pneumonia (PN) 30-Day Readmission Rate,unplanned_visits,False,16.6,26.0,2023-07-01,2025-06-30,17.3401809473124,17.31705426356589,0.198030343359063
450090,NORTH TEXAS MEDICAL CENTER,TX,COOKE,True,False,Voluntary non-profit - Private,READM_30_PN,Pneumonia (PN) 30-Day Readmission Rate,unplanned_visits,False,16.0,227.0,2023-07-01,2025-06-30,17.3401809473124,17.31705426356589,0.0628160766569071
450209,NORTHWEST TEXAS HOSPITAL,TX,POTTER,True,False,Voluntary non-profit - Private,READM_30_PN,Pneumonia (PN) 30-Day Readmission Rate,unplanned_visits,False,17.7,448.0,2023-07-01,2025-06-30,17.3401809473124,17.31705426356589,0.667820069204152
450330,OAKBEND MEDICAL CENTER,TX,FORT BEND,True,True,Government - Hospital District or Authority,READM_30_PN,Pneumonia (PN) 30-Day Readmission Rate,unplanned_visits,False,16.7,111.0,2023-07-01,2025-06-30,17.3401809473124,17.31705426356589,0.233697098749002
451359,OCHILTREE GENERAL HOSPITAL,TX,OCHILTREE,True,False,Government - Hospital District or Authority,READM_30_PN,Pneumonia (PN) 30-Day Readmission Rate,unplanned_visits,False,16.7,30.0,2023-07-01,2025-06-30,17.3401809473124,17.31705426356589,0.233697098749002
450661,ODESSA REGIONAL MEDICAL CENTER,TX,ECTOR,True,False,Proprietary,READM_30_PN,Pneumonia (PN) 30-Day Readmission Rate,unplanned_visits,False,17.1,126.0,2023-07-01,2025-06-30,17.3401809473124,17.31705426356589,0.412829385147724
450747,PALESTINE REGIONAL MEDICAL CENTER,TX,ANDERSON,True,False,Proprietary,READM_30_PN,Pneumonia (PN) 30-Day Readmission Rate,unplanned_visits,False,17.7,239.0,2023-07-01,2025-06-30,17.3401809473124,17.31705426356589,0.667820069204152
450565,PALO PINTO GENERAL HOSPITAL,TX,PALO PINTO,True,False,Government - Hospital District or Authority,READM_30_PN,Pneumonia (PN) 30-Day Readmission Rate,unplanned_visits,False,17.5,38.0,2023-07-01,2025-06-30,17.3401809473124,17.31705426356589,0.599946766036731
450196,PARIS REGIONAL MEDICAL CENTER,TX,LAMAR,True,False,Proprietary,READM_30_PN,Pneumonia (PN) 30-Day Readmission Rate,unplanned_visits,False,18.7,606.0,2023-07-01,2025-06-30,17.3401809473124,17.31705426356589,0.896992281075326
450015,PARKLAND HEALTH & HOSPITAL SYSTEM,TX,DALLAS,True,False,Government - Hospital District or Authority,READM_30_PN,Pneumonia (PN) 30-Day Readmission Rate,unplanned_visits,False,16.4,291.0,2023-07-01,2025-06-30,17.3401809473124,17.31705426356589,0.140005323396327
450400,PARKVIEW REGIONAL HOSPITAL,TX,LIMESTONE,True,False,Proprietary,READM_30_PN,Pneumonia (PN) 30-Day Readmission Rate,unplanned_visits,False,16.8,157.0,2023-07-01,2025-06-30,17.3401809473124,17.31705426356589,0.27495342028214
450144,PERMIAN REGIONAL MEDICAL CENTER ANDREWS COUNTY HO,TX,ANDREWS,True,False,Government - Hospital District or Authority,READM_30_PN,Pneumonia (PN) 30-Day Readmission Rate,unplanned_visits,False,17.0,34.0,2023-07-01,2025-06-30,17.3401809473124,17.31705426356589,0.365983497471387
450007,PETERSON REGIONAL MEDICAL CENTER,TX,KERR,True,False,Voluntary non-profit - Private,READM_30_PN,Pneumonia (PN) 30-Day Readmission Rate,unplanned_visits,False,15.9,383.0,2023-07-01,2025-06-30,17.3401809473124,17.31705426356589,0.0508384349214799
451377,REEVES REGIONAL HEALTH,TX,REEVES,True,False,Government - Hospital District or Authority,READM_30_PN,Pneumonia (PN) 30-Day Readmission Rate,unplanned_visits,False,17.5,48.0,2023-07-01,2025-06-30,17.3401809473124,17.31705426356589,0.599946766036731
670098,RESOLUTE HEALTH HOSPITAL,TX,COMAL,True,False,Proprietary,READM_30_PN,Pneumonia (PN) 30-Day Readmission Rate,unplanned_visits,False,19.7,352.0,2023-07-01,2025-06-30,17.3401809473124,17.31705426356589,0.975778546712803
450711,RIO GRANDE REGIONAL HOSPITAL,TX,HIDALGO,True,False,Proprietary,READM_30_PN,Pneumonia (PN) 30-Day Readmission Rate,unplanned_visits,False,15.7,491.0,2023-07-01,2025-06-30,17.3401809473124,17.31705426356589,0.0319403779611392
450055,ROLLING PLAINS MEMORIAL HOSPITAL,TX,NOLAN,True,False,Government - Hospital District or Authority,READM_30_PN,Pneumonia (PN) 30-Day Readmission Rate,unplanned_visits,False,17.5,85.0,2023-07-01,2025-06-30,17.3401809473124,17.31705426356589,0.599946766036731
450718,ROUND ROCK MEDICAL CENTER,TX,WILLIAMSON,True,False,Proprietary,READM_30_PN,Pneumonia (PN) 30-Day Readmission Rate,unplanned_visits,False,18.7,597.0,2023-07-01,2025-06-30,17.3401809473124,17.31705426356589,0.896992281075326
451361,SABINE COUNTY HOSPITAL,TX,SABINE,True,False,Proprietary,READM_30_PN,Pneumonia (PN) 30-Day Readmission Rate,unplanned_visits,False,16.7,29.0,2023-07-01,2025-06-30,17.3401809473124,17.31705426356589,0.233697098749002
45090F,SAN ANTONIO VA MEDICAL CENTER (VA SOUTH TEXAS HEALTHCARE SYSTEM),TX,BEXAR,True,False,Veterans Health Administration,READM_30_PN,Pneumonia (PN) 30-Day Readmission Rate,unplanned_visits,False,19.1,357.0,2023-07-01,2025-06-30,17.3401809473124,17.31705426356589,0.938248602608464
450653,SCENIC MOUNTAIN MEDICAL CENTER,TX,HOWARD,True,False,Proprietary,READM_30_PN,Pneumonia (PN) 30-Day Readmission Rate,unplanned_visits,False,17.6,62.0,2023-07-01,2025-06-30,17.3401809473124,17.31705426356589,0.634016502528613
670080,SETON MEDICAL CENTER HARKER HEIGHTS,TX,BELL,True,False,Proprietary,READM_30_PN,Pneumonia (PN) 30-Day Readmission Rate,unplanned_visits,False,19.8,249.0,2023-07-01,2025-06-30,17.3401809473124,17.31705426356589,0.979504924141602
451399,SEYMOUR HOSPITAL,TX,BAYLOR,True,False,Government - Hospital District or Authority,READM_30_PN,Pneumonia (PN) 30-Day Readmission Rate,unplanned_visits,False,17.8,28.0,2023-07-01,2025-06-30,17.3401809473124,17.31705426356589,0.703752994410434
450571,SHANNON MEDICAL CENTER,TX,TOM GREEN,True,False,Voluntary non-profit - Private,READM_30_PN,Pneumonia (PN) 30-Day Readmission Rate,unplanned_visits,False,16.6,946.0,2023-07-01,2025-06-30,17.3401809473124,17.31705426356589,0.198030343359063
450668,SIERRA MEDICAL CENTER,TX,EL PASO,True,False,Proprietary,READM_30_PN,Pneumonia (PN) 30-Day Readmission Rate,unplanned_visits,False,16.9,350.0,2023-07-01,2025-06-30,17.3401809473124,17.31705426356589,0.315677402182592
450119,SOUTH TEXAS HEALTH SYSTEM,TX,HIDALGO,True,False,Proprietary,READM_30_PN,Pneumonia (PN) 30-Day Readmission Rate,unplanned_visits,False,18.4,1059.0,2023-07-01,2025-06-30,17.3401809473124,17.31705426356589,0.850678733031674
450431,ST DAVID'S MEDICAL CENTER,TX,TRAVIS,True,False,Proprietary,READM_30_PN,Pneumonia (PN) 30-Day Readmission Rate,unplanned_visits,False,17.8,1019.0,2023-07-01,2025-06-30,17.3401809473124,17.31705426356589,0.703752994410434
450713,ST DAVID'S SOUTH AUSTIN MEDICAL CENTER,TX,TRAVIS,True,False,Proprietary,READM_30_PN,Pneumonia (PN) 30-Day Readmission Rate,unplanned_visits,False,17.0,882.0,2023-07-01,2025-06-30,17.3401809473124,17.31705426356589,0.365983497471387
450035,ST JOSEPH MEDICAL CENTER,TX,HARRIS,True,True,Physician,READM_30_PN,Pneumonia (PN) 30-Day Readmission Rate,unplanned_visits,False,17.0,73.0,2023-07-01,2025-06-30,17.3401809473124,17.31705426356589,0.365983497471387
670075,ST LUKE'S HOSPITAL AT THE VINTAGE,TX,HARRIS,True,True,Voluntary non-profit - Private,READM_30_PN,Pneumonia (PN) 30-Day Readmission Rate,unplanned_visits,False,16.3,361.0,2023-07-01,2025-06-30,17.3401809473124,17.31705426356589,0.116050039925472
670031,ST LUKE'S PATIENTS MEDICAL CENTER,TX,HARRIS,True,True,Proprietary,READM_30_PN,Pneumonia (PN) 30-Day Readmission Rate,unplanned_visits,False,14.7,185.0,2023-07-01,2025-06-30,17.3401809473124,17.31705426356589,0.00346020761245675
670053,ST LUKE'S SUGAR LAND HOSPITAL,TX,FORT BEND,True,True,Voluntary non-profit - Private,READM_30_PN,Pneumonia (PN) 30-Day Readmission Rate,unplanned_visits,False,16.4,208.0,2023-07-01,2025-06-30,17.3401809473124,17.31705426356589,0.140005323396327
450862,ST LUKE'S THE WOODLANDS HOSPITAL,TX,MONTGOMERY,True,True,Voluntary non-profit - Private,READM_30_PN,Pneumonia (PN) 30-Day Readmission Rate,unplanned_visits,False,16.8,593.0,2023-07-01,2025-06-30,17.3401809473124,17.31705426356589,0.27495342028214
450654,STARR COUNTY MEMORIAL HOSPITAL,TX,STARR,True,False,Government - Hospital District or Authority,READM_30_PN,Pneumonia (PN) 30-Day Readmission Rate,unplanned_visits,False,17.5,128.0,2023-07-01,2025-06-30,17.3401809473124,17.31705426356589,0.599946766036731
451311,SWEENY COMMUNITY HOSPITAL,TX,BRAZORIA,True,True,Government - Hospital District or Authority,READM_30_PN,Pneumonia (PN) 30-Day Readmission Rate,unplanned_visits,False,16.8,30.0,2023-07-01,2025-06-30,17.3401809473124,17.31705426356589,0.27495342028214
45086F,TEMPLE VA MEDICAL CENTER (VA CENTRAL TEXAS HEALTHCARE SYSTEM),TX,BELL,True,False,Veterans Health Administration,READM_30_PN,Pneumonia (PN) 30-Day Readmission Rate,unplanned_visits,False,17.3,230.0,2023-07-01,2025-06-30,17.3401809473124,17.31705426356589,0.504391801969657
450064,TEXAS HEALTH ARLINGTON MEMORIAL HOSPITAL,TX,TARRANT,True,False,Voluntary non-profit - Private,READM_30_PN,Pneumonia (PN) 30-Day Readmission Rate,unplanned_visits,False,16.9,862.0,2023-07-01,2025-06-30,17.3401809473124,17.31705426356589,0.315677402182592
450135,TEXAS HEALTH HARRIS METHODIST FORT WORTH,TX,TARRANT,True,False,Voluntary non-profit - Private,READM_30_PN,Pneumonia (PN) 30-Day Readmission Rate,unplanned_visits,False,17.2,1785.0,2023-07-01,2025-06-30,17.3401809473124,17.31705426356589,0.45861059355869
670085,TEXAS HEALTH HARRIS METHODIST HOSPITAL ALLIANCE,TX,TARRANT,True,False,Voluntary non-profit - Private,READM_30_PN,Pneumonia (PN) 30-Day Readmission Rate,unplanned_visits,False,15.4,411.0,2023-07-01,2025-06-30,17.3401809473124,17.31705426356589,0.0167686984295981
450419,TEXAS HEALTH HARRIS METHODIST HOSPITAL AZLE,TX,TARRANT,True,False,Voluntary non-profit - Private,READM_30_PN,Pneumonia (PN) 30-Day Readmission Rate,unplanned_visits,False,16.2,213.0,2023-07-01,2025-06-30,17.3401809473124,17.31705426356589,0.0944902848017035
450148,TEXAS HEALTH HARRIS METHODIST HOSPITAL CLEBURNE,TX,JOHNSON,True,False,Voluntary non-profit - Private,READM_30_PN,Pneumonia (PN) 30-Day Readmission Rate,unplanned_visits,False,15.4,327.0,2023-07-01,2025-06-30,17.3401809473124,17.31705426356589,0.0167686984295981
450779,TEXAS HEALTH HARRIS METHODIST HOSPITAL SOUTHWEST F,TX,TARRANT,True,False,Voluntary non-profit - Private,READM_30_PN,Pneumonia (PN) 30-Day Readmission Rate,unplanned_visits,False,16.6,794.0,2023-07-01,2025-06-30,17.3401809473124,17.31705426356589,0.198030343359063
450351,TEXAS HEALTH HARRIS METHODIST HOSPITAL STEPHENVILL,TX,ERATH,True,False,Voluntary non-profit - Private,READM_30_PN,Pneumonia (PN) 30-Day Readmission Rate,unplanned_visits,False,16.7,147.0,2023-07-01,2025-06-30,17.3401809473124,17.31705426356589,0.233697098749002
450639,TEXAS HEALTH HARRIS METHODIST HURST-EULESS-BEDFORD,TX,TARRANT,True,False,Voluntary non-profit - Private,READM_30_PN,Pneumonia (PN) 30-Day Readmission Rate,unplanned_visits,False,19.2,852.0,2023-07-01,2025-06-30,17.3401809473124,17.31705426356589,0.948363055629492
670260,TEXAS HEALTH HOSPITAL FRISCO,TX,DENTON,True,False,Voluntary non-profit - Private,READM_30_PN,Pneumonia (PN) 30-Day Readmission Rate,unplanned_visits,False,15.8,308.0,2023-07-01,2025-06-30,17.3401809473124,17.31705426356589,0.0412563215331381
670309,TEXAS HEALTH HOSPITAL MANSFIELD,TX,TARRANT,True,False,Voluntary non-profit - Private,READM_30_PN,Pneumonia (PN) 30-Day Readmission Rate,unplanned_visits,False,16.8,69.0,2023-07-01,2025-06-30,17.3401809473124,17.31705426356589,0.27495342028214
450677,TEXAS HEALTH HUGULEY HOSPITAL FORT WORTH SOUTH,TX,TARRANT,True,False,Voluntary non-profit - Private,READM_30_PN,Pneumonia (PN) 30-Day Readmission Rate,unplanned_visits,False,16.7,917.0,2023-07-01,2025-06-30,17.3401809473124,17.31705426356589,0.233697098749002
450840,TEXAS HEALTH PRESBYTERIAN HOSPITAL ALLEN,TX,COLLIN,True,False,Voluntary non-profit - Private,READM_30_PN,Pneumonia (PN) 30-Day Readmission Rate,unplanned_visits,False,16.8,298.0,2023-07-01,2025-06-30,17.3401809473124,17.31705426356589,0.27495342028214
450462,TEXAS HEALTH PRESBYTERIAN HOSPITAL DALLAS,TX,DALLAS,True,False,Voluntary non-profit - Private,READM_30_PN,Pneumonia (PN) 30-Day Readmission Rate,unplanned_visits,False,18.6,945.0,2023-07-01,2025-06-30,17.3401809473124,17.31705426356589,0.882352941176471
450743,TEXAS HEALTH PRESBYTERIAN HOSPITAL DENTON,TX,DENTON,True,False,Voluntary non-profit - Private,READM_30_PN,Pneumonia (PN) 30-Day Readmission Rate,unplanned_visits,False,17.7,804.0,2023-07-01,2025-06-30,17.3401809473124,17.31705426356589,0.667820069204152
670068,TEXAS HEALTH PRESBYTERIAN HOSPITAL FLOWER MOUND,TX,DENTON,True,False,Proprietary,READM_30_PN,Pneumonia (PN) 30-Day Readmission Rate,unplanned_visits,False,16.7,443.0,2023-07-01,2025-06-30,17.3401809473124,17.31705426356589,0.233697098749002
450292,TEXAS HEALTH PRESBYTERIAN HOSPITAL KAUFMAN,TX,KAUFMAN,True,False,Voluntary non-profit - Private,READM_30_PN,Pneumonia (PN) 30-Day Readmission Rate,unplanned_visits,False,16.0,182.0,2023-07-01,2025-06-30,17.3401809473124,17.31705426356589,0.0628160766569071
450771,TEXAS HEALTH PRESBYTERIAN HOSPITAL PLANO,TX,COLLIN,True,False,Voluntary non-profit - Private,READM_30_PN,Pneumonia (PN) 30-Day Readmission Rate,unplanned_visits,False,17.9,888.0,2023-07-01,2025-06-30,17.3401809473124,17.31705426356589,0.735693372371573
670044,TEXAS HEALTH PRESBYTERIAN HOSPITAL ROCKWALL,TX,ROCKWALL,True,False,Proprietary,READM_30_PN,Pneumonia (PN) 30-Day Readmission Rate,unplanned_visits,False,16.3,397.0,2023-07-01,2025-06-30,17.3401809473124,17.31705426356589,0.116050039925472
450324,TEXOMA MEDICAL CENTER,TX,GRAYSON,True,False,Proprietary,READM_30_PN,Pneumonia (PN) 30-Day Readmission Rate,unplanned_visits,False,18.8,1567.0,2023-07-01,2025-06-30,17.3401809473124,17.31705426356589,0.912163960606867
670047,THE HOSPITALS OF PROVIDENCE - EAST CAMPUS,TX,EL PASO,True,False,Proprietary,READM_30_PN,Pneumonia (PN) 30-Day Readmission Rate,unplanned_visits,False,17.7,688.0,2023-07-01,2025-06-30,17.3401809473124,17.31705426356589,0.667820069204152
450002,THE HOSPITALS OF PROVIDENCE - MEMORIAL CAMPUS,TX,EL PASO,True,False,Proprietary,READM_30_PN,Pneumonia (PN) 30-Day Readmission Rate,unplanned_visits,False,17.1,295.0,2023-07-01,2025-06-30,17.3401809473124,17.31705426356589,0.412829385147724
670124,THE HOSPITALS OF PROVIDENCE HORIZON CITY CAMPUS,TX,EL PASO,True,False,Proprietary,READM_30_PN,Pneumonia (PN) 30-Day Readmission Rate,unplanned_visits,False,17.0,27.0,2023-07-01,2025-06-30,17.3401809473124,17.31705426356589,0.365983497471387
670120,THE HOSPITALS OF PROVIDENCE TRANSMOUNTAIN CAMPUS,TX,EL PASO,True,False,Proprietary,READM_30_PN,Pneumonia (PN) 30-Day Readmission Rate,unplanned_visits,False,16.5,353.0,2023-07-01,2025-06-30,17.3401809473124,17.31705426356589,0.170082512643066
450518,THE MEDICAL CENTER OF SOUTHEAST TEXAS,TX,JEFFERSON,True,False,Physician,READM_30_PN,Pneumonia (PN) 30-Day Readmission Rate,unplanned_visits,False,17.3,147.0,2023-07-01,2025-06-30,17.3401809473124,17.31705426356589,0.504391801969657
450080,TITUS REGIONAL MEDICAL CENTER,TX,TITUS,True,False,Government - Hospital District or Authority,READM_30_PN,Pneumonia (PN) 30-Day Readmission Rate,unplanned_visits,False,17.2,237.0,2023-07-01,2025-06-30,17.3401809473124,17.31705426356589,0.45861059355869
451370,TMC- BONHAM HOSPITAL,TX,FANNIN,True,False,Government - Hospital District or Authority,READM_30_PN,Pneumonia (PN) 30-Day Readmission Rate,unplanned_visits,False,17.8,26.0,2023-07-01,2025-06-30,17.3401809473124,17.31705426356589,0.703752994410434
450460,TYLER COUNTY HOSPITAL,TX,TYLER,True,False,Government - Hospital District or Authority,READM_30_PN,Pneumonia (PN) 30-Day Readmission Rate,unplanned_visits,False,16.8,49.0,2023-07-01,2025-06-30,17.3401809473124,17.31705426356589,0.27495342028214
450010,UNITED REGIONAL HEALTH CARE SYSTEM,TX,WICHITA,True,False,Voluntary non-profit - Private,READM_30_PN,Pneumonia (PN) 30-Day Readmission Rate,unplanned_visits,False,21.5,1310.0,2023-07-01,2025-06-30,17.3401809473124,17.31705426356589,0.999201490550972
450213,UNIVERSITY HEALTH SYSTEM,TX,BEXAR,True,False,Government - Hospital District or Authority,READM_30_PN,Pneumonia (PN) 30-Day Readmission Rate,unplanned_visits,False,16.5,395.0,2023-07-01,2025-06-30,17.3401809473124,17.31705426356589,0.170082512643066
450686,UNIVERSITY MEDICAL CENTER,TX,LUBBOCK,True,False,Government - Hospital District or Authority,READM_30_PN,Pneumonia (PN) 30-Day Readmission Rate,unplanned_visits,False,15.4,461.0,2023-07-01,2025-06-30,17.3401809473124,17.31705426356589,0.0167686984295981
450024,UNIVERSITY MEDICAL CENTER OF EL PASO,TX,EL PASO,True,False,Physician,READM_30_PN,Pneumonia (PN) 30-Day Readmission Rate,unplanned_visits,False,16.8,338.0,2023-07-01,2025-06-30,17.3401809473124,17.31705426356589,0.27495342028214
450690,UNIVERSITY OF TEXAS HEALTH SCIENCE CENTER AT TYLER,TX,SMITH,True,False,Government - State,READM_30_PN,Pneumonia (PN) 30-Day Readmission Rate,unplanned_visits,False,16.3,114.0,2023-07-01,2025-06-30,17.3401809473124,17.31705426356589,0.116050039925472
450018,UNIVERSITY OF TEXAS MEDICAL BRANCH GALVESTON,TX,GALVESTON,True,True,Government - State,READM_30_PN,Pneumonia (PN) 30-Day Readmission Rate,unplanned_visits,False,16.5,1177.0,2023-07-01,2025-06-30,17.3401809473124,17.31705426356589,0.170082512643066
450389,UT HEALTH EAST TEXAS ATHENS HOSPITAL,TX,HENDERSON,True,False,Proprietary,READM_30_PN,Pneumonia (PN) 30-Day Readmission Rate,unplanned_visits,False,18.4,548.0,2023-07-01,2025-06-30,17.3401809473124,17.31705426356589,0.850678733031674
450210,UT HEALTH EAST TEXAS CARTHAGE HOSPITAL,TX,PANOLA,True,False,Proprietary,READM_30_PN,Pneumonia (PN) 30-Day Readmission Rate,unplanned_visits,False,16.9,74.0,2023-07-01,2025-06-30,17.3401809473124,17.31705426356589,0.315677402182592
450475,UT HEALTH EAST TEXAS HENDERSON HOSPITAL,TX,RUSK,True,False,Proprietary,READM_30_PN,Pneumonia (PN) 30-Day Readmission Rate,unplanned_visits,False,16.4,81.0,2023-07-01,2025-06-30,17.3401809473124,17.31705426356589,0.140005323396327
450194,UT HEALTH EAST TEXAS JACKSONVILLE HOSPITAL,TX,CHEROKEE,True,False,Proprietary,READM_30_PN,Pneumonia (PN) 30-Day Readmission Rate,unplanned_visits,False,16.5,89.0,2023-07-01,2025-06-30,17.3401809473124,17.31705426356589,0.170082512643066
451367,UT HEALTH EAST TEXAS PITTSBURG HOSPITAL,TX,CAMP,True,False,Proprietary,READM_30_PN,Pneumonia (PN) 30-Day Readmission Rate,unplanned_visits,False,17.2,111.0,2023-07-01,2025-06-30,17.3401809473124,17.31705426356589,0.45861059355869
451380,UT HEALTH EAST TEXAS QUITMAN HOSPITAL,TX,WOOD,True,False,Voluntary non-profit - Other,READM_30_PN,Pneumonia (PN) 30-Day Readmission Rate,unplanned_visits,False,18.8,123.0,2023-07-01,2025-06-30,17.3401809473124,17.31705426356589,0.912163960606867
450083,UT HEALTH EAST TEXAS TYLER REGIONAL HOSPITAL,TX,SMITH,True,False,Proprietary,READM_30_PN,Pneumonia (PN) 30-Day Readmission Rate,unplanned_visits,False,18.5,1030.0,2023-07-01,2025-06-30,17.3401809473124,17.31705426356589,0.866648922012244
450044,UT OF TEXAS  SOUTHWESTERN UNIVERSITY HOSPITAL - WILLIAM P. CLEMENTS JR.,TX,DALLAS,True,False,Government - State,READM_30_PN,Pneumonia (PN) 30-Day Readmission Rate,unplanned_visits,False,17.3,861.0,2023-07-01,2025-06-30,17.3401809473124,17.31705426356589,0.504391801969657
451387,UVALDE MEMORIAL HOSPITAL,TX,UVALDE,True,False,Government - Hospital District or Authority,READM_30_PN,Pneumonia (PN) 30-Day Readmission Rate,unplanned_visits,False,17.6,118.0,2023-07-01,2025-06-30,17.3401809473124,17.31705426356589,0.634016502528613
45060F,VA AMARILLO HEALTHCARE SYSTEM,TX,POTTER,True,False,Veterans Health Administration,READM_30_PN,Pneumonia (PN) 30-Day Readmission Rate,unplanned_visits,False,18.0,162.0,2023-07-01,2025-06-30,17.3401809473124,17.31705426356589,0.764439712536598
450154,VAL VERDE REGIONAL MEDICAL CENTER,TX,VAL VERDE,True,False,Government - Hospital District or Authority,READM_30_PN,Pneumonia (PN) 30-Day Readmission Rate,unplanned_visits,False,17.5,151.0,2023-07-01,2025-06-30,17.3401809473124,17.31705426356589,0.599946766036731
450028,VALLEY BAPTIST MEDICAL CENTER- BROWNSVILLE,TX,CAMERON,True,False,Proprietary,READM_30_PN,Pneumonia (PN) 30-Day Readmission Rate,unplanned_visits,False,18.0,405.0,2023-07-01,2025-06-30,17.3401809473124,17.31705426356589,0.764439712536598
450662,VALLEY REGIONAL MEDICAL CENTER,TX,CAMERON,True,False,Proprietary,READM_30_PN,Pneumonia (PN) 30-Day Readmission Rate,unplanned_visits,False,18.2,336.0,2023-07-01,2025-06-30,17.3401809473124,17.31705426356589,0.812882619110993
450033,VHS HARLINGEN HOSPITAL COMPANY LLC,TX,CAMERON,True,False,Proprietary,READM_30_PN,Pneumonia (PN) 30-Day Readmission Rate,unplanned_visits,False,17.9,866.0,2023-07-01,2025-06-30,17.3401809473124,17.31705426356589,0.735693372371573
451373,WARD MEMORIAL HOSPITAL,TX,WARD,True,False,Government - Local,READM_30_PN,Pneumonia (PN) 30-Day Readmission Rate,unplanned_visits,False,16.8,57.0,2023-07-01,2025-06-30,17.3401809473124,17.31705426356589,0.27495342028214
670333,WESTOVER HILLS BAPTIST HOSPITAL,TX,BEXAR,True,False,Proprietary,READM_30_PN,Pneumonia (PN) 30-Day Readmission Rate,unplanned_visits,False,17.3,127.0,2023-07-01,2025-06-30,17.3401809473124,17.31705426356589,0.504391801969657
450678,WHITE ROCK MEDICAL CENTER,TX,DALLAS,True,False,Proprietary,READM_30_PN,Pneumonia (PN) 30-Day Readmission Rate,unplanned_visits,False,19.1,99.0,2023-07-01,2025-06-30,17.3401809473124,17.31705426356589,0.938248602608464
450584,WILBARGER GENERAL HOSPITAL,TX,WILBARGER,True,False,Government - Hospital District or Authority,READM_30_PN,Pneumonia (PN) 30-Day Readmission Rate,unplanned_visits,False,17.0,79.0,2023-07-01,2025-06-30,17.3401809473124,17.31705426356589,0.365983497471387
450469,WILSON N JONES REGIONAL MEDICAL CENTER,TX,GRAYSON,True,False,Proprietary,READM_30_PN,Pneumonia (PN) 30-Day Readmission Rate,unplanned_visits,False,18.3,95.0,2023-07-01,2025-06-30,17.3401809473124,17.31705426356589,0.832845355336705
450484,WOODLAND HEIGHTS MEDICAL CENTER,TX,ANGELINA,True,False,Proprietary,READM_30_PN,Pneumonia (PN) 30-Day Readmission Rate,unplanned_visits,False,19.2,465.0,2023-07-01,2025-06-30,17.3401809473124,17.31705426356589,0.948363055629492
451346,YOAKUM COMMUNITY HOSPITAL,TX,LAVACA,True,False,Voluntary non-profit - Private,READM_30_PN,Pneumonia (PN) 30-Day Readmission Rate,unplanned_visits,False,17.7,64.0,2023-07-01,2025-06-30,17.3401809473124,17.31705426356589,0.667820069204152
451308,YOAKUM COUNTY HOSPITAL,TX,YOAKUM,True,False,Voluntary non-profit - Other,READM_30_PN,Pneumonia (PN) 30-Day Readmission Rate,unplanned_visits,False,16.5,25.0,2023-07-01,2025-06-30,17.3401809473124,17.31705426356589,0.170082512643066
450152,ADVENTHEALTH CENTRAL TEXAS,TX,BELL,True,False,Voluntary non-profit - Church,SEP_1,Appropriate care for severe sepsis and septic shock,timely_effective,True,45.0,142.0,2024-10-01,2025-09-30,63.78972712680578,66.54077253218884,0.118175979447656
451323,ADVENTHEALTH ROLLINS BROOK,TX,LAMPASAS,True,False,Voluntary non-profit - Church,SEP_1,Appropriate care for severe sepsis and septic shock,timely_effective,True,40.0,15.0,2024-10-01,2025-09-30,63.78972712680578,66.54077253218884,0.0745022479126525
670056,ASCENSION  SETON HAYS,TX,HAYS,True,False,Voluntary non-profit - Private,SEP_1,Appropriate care for severe sepsis and septic shock,timely_effective,True,47.0,131.0,2024-10-01,2025-09-30,63.78972712680578,66.54077253218884,0.13937058445729
450042,ASCENSION PROVIDENCE,TX,MC LENNAN,True,False,Voluntary non-profit - Private,SEP_1,Appropriate care for severe sepsis and septic shock,timely_effective,True,41.0,160.0,2024-10-01,2025-09-30,63.78972712680578,66.54077253218884,0.0828516377649326
450865,ASCENSION SETON  SOUTHWEST,TX,HAYS,True,False,Voluntary non-profit - Private,SEP_1,Appropriate care for severe sepsis and septic shock,timely_effective,True,71.0,14.0,2024-10-01,2025-09-30,63.78972712680578,66.54077253218884,0.62684649967887
670043,ASCENSION SETON CEDAR PARK,TX,WILLIAMSON,True,False,Voluntary non-profit - Private,SEP_1,Appropriate care for severe sepsis and septic shock,timely_effective,True,65.0,165.0,2024-10-01,2025-09-30,63.78972712680578,66.54077253218884,0.479447655748234
450056,ASCENSION SETON MEDICAL CENTER AUSTIN,TX,TRAVIS,True,False,Voluntary non-profit - Private,SEP_1,Appropriate care for severe sepsis and septic shock,timely_effective,True,41.0,92.0,2024-10-01,2025-09-30,63.78972712680578,66.54077253218884,0.0828516377649326
450867,ASCENSION SETON NORTHWEST,TX,TRAVIS,True,False,Voluntary non-profit - Private,SEP_1,Appropriate care for severe sepsis and septic shock,timely_effective,True,49.0,57.0,2024-10-01,2025-09-30,63.78972712680578,66.54077253218884,0.166024405908799
670041,ASCENSION SETON WILLIAMSON,TX,WILLIAMSON,True,False,Voluntary non-profit - Private,SEP_1,Appropriate care for severe sepsis and septic shock,timely_effective,True,49.0,123.0,2024-10-01,2025-09-30,63.78972712680578,66.54077253218884,0.166024405908799
450346,BAPTIST BEAUMONT HOSPITAL,TX,JEFFERSON,True,False,Voluntary non-profit - Private,SEP_1,Appropriate care for severe sepsis and septic shock,timely_effective,True,73.0,375.0,2024-10-01,2025-09-30,63.78972712680578,66.54077253218884,0.682723185613359
450058,BAPTIST MEDICAL CENTER,TX,BEXAR,True,False,Proprietary,SEP_1,Appropriate care for severe sepsis and septic shock,timely_effective,True,64.0,662.0,2024-10-01,2025-09-30,63.78972712680578,66.54077253218884,0.451188182402055
670078,BAPTIST NEIGHBORHOOD HOSPITAL THOUSAND OAKS,TX,BEXAR,True,False,Proprietary,SEP_1,Appropriate care for severe sepsis and septic shock,timely_effective,True,80.0,76.0,2024-10-01,2025-09-30,63.78972712680578,66.54077253218884,0.842324983943481
450885,BAYLOR SCOTT &  WHITE MEDICAL CENTER - CENTENNIAL,TX,COLLIN,True,False,Voluntary non-profit - Private,SEP_1,Appropriate care for severe sepsis and septic shock,timely_effective,True,85.0,101.0,2024-10-01,2025-09-30,63.78972712680578,66.54077253218884,0.921644187540141
670062,BAYLOR SCOTT & WHITE EMERGENCY HOSPITAL,TX,DENTON,True,False,Proprietary,SEP_1,Appropriate care for severe sepsis and septic shock,timely_effective,True,73.0,11.0,2024-10-01,2025-09-30,63.78972712680578,66.54077253218884,0.682723185613359
450563,BAYLOR SCOTT & WHITE MEDICAL CENTER  GRAPEVINE,TX,TARRANT,True,False,Voluntary non-profit - Private,SEP_1,Appropriate care for severe sepsis and septic shock,timely_effective,True,89.0,192.0,2024-10-01,2025-09-30,63.78972712680578,66.54077253218884,0.959858702633269
670131,BAYLOR SCOTT & WHITE MEDICAL CENTER - BUDA,TX,HAYS,True,False,Voluntary non-profit - Private,SEP_1,Appropriate care for severe sepsis and septic shock,timely_effective,True,89.0,54.0,2024-10-01,2025-09-30,63.78972712680578,66.54077253218884,0.959858702633269
450853,BAYLOR SCOTT & WHITE MEDICAL CENTER - FRISCO,TX,DENTON,True,False,Proprietary,SEP_1,Appropriate care for severe sepsis and septic shock,timely_effective,True,73.0,11.0,2024-10-01,2025-09-30,63.78972712680578,66.54077253218884,0.682723185613359
670108,BAYLOR SCOTT & WHITE MEDICAL CENTER - MARBLE FALLS,TX,BURNET,True,False,Voluntary non-profit - Private,SEP_1,Appropriate care for severe sepsis and septic shock,timely_effective,True,75.0,107.0,2024-10-01,2025-09-30,63.78972712680578,66.54077253218884,0.732819524727039
670034,BAYLOR SCOTT & WHITE MEDICAL CENTER - ROUND ROCK,TX,WILLIAMSON,True,False,Voluntary non-profit - Private,SEP_1,Appropriate care for severe sepsis and septic shock,timely_effective,True,81.0,145.0,2024-10-01,2025-09-30,63.78972712680578,66.54077253218884,0.859666024405909
450054,BAYLOR SCOTT & WHITE MEDICAL CENTER - TEMPLE,TX,BELL,True,False,Voluntary non-profit - Private,SEP_1,Appropriate care for severe sepsis and septic shock,timely_effective,True,85.0,168.0,2024-10-01,2025-09-30,63.78972712680578,66.54077253218884,0.921644187540141
450079,BAYLOR SCOTT & WHITE MEDICAL CENTER AT IRVING,TX,DALLAS,True,False,Voluntary non-profit - Private,SEP_1,Appropriate care for severe sepsis and septic shock,timely_effective,True,91.0,171.0,2024-10-01,2025-09-30,63.78972712680578,66.54077253218884,0.973346178548491
450101,BAYLOR SCOTT & WHITE MEDICAL CENTER HILLCREST,TX,MC LENNAN,True,False,Voluntary non-profit - Private,SEP_1,Appropriate care for severe sepsis and septic shock,timely_effective,True,75.0,182.0,2024-10-01,2025-09-30,63.78972712680578,66.54077253218884,0.732819524727039
670128,BAYLOR SCOTT & WHITE MEDICAL CENTER PFLUGERVILLE,TX,TRAVIS,True,False,Voluntary non-profit - Private,SEP_1,Appropriate care for severe sepsis and septic shock,timely_effective,True,72.0,98.0,2024-10-01,2025-09-30,63.78972712680578,66.54077253218884,0.656711624919717
450890,BAYLOR SCOTT & WHITE MEDICAL CENTER PLANO,TX,COLLIN,True,False,Voluntary non-profit - Other,SEP_1,Appropriate care for severe sepsis and septic shock,timely_effective,True,83.0,109.0,2024-10-01,2025-09-30,63.78972712680578,66.54077253218884,0.890815671162492
670136,BAYLOR SCOTT & WHITE MEDICAL CENTER- AUSTIN,TX,TRAVIS,True,False,Voluntary non-profit - Private,SEP_1,Appropriate care for severe sepsis and septic shock,timely_effective,True,78.0,50.0,2024-10-01,2025-09-30,63.78972712680578,66.54077253218884,0.803789338471419
670088,BAYLOR SCOTT & WHITE MEDICAL CENTER- COLLEGE STATI,TX,BRAZOS,True,False,Voluntary non-profit - Private,SEP_1,Appropriate care for severe sepsis and septic shock,timely_effective,True,73.0,148.0,2024-10-01,2025-09-30,63.78972712680578,66.54077253218884,0.682723185613359
450372,BAYLOR SCOTT & WHITE MEDICAL CENTER- WAXAHACHIE,TX,ELLIS,True,False,Voluntary non-profit - Private,SEP_1,Appropriate care for severe sepsis and septic shock,timely_effective,True,81.0,175.0,2024-10-01,2025-09-30,63.78972712680578,66.54077253218884,0.859666024405909
670025,BAYLOR SCOTT & WHITE THE HEART HOSPITAL PLANO,TX,COLLIN,True,False,Physician,SEP_1,Appropriate care for severe sepsis and septic shock,timely_effective,True,42.0,19.0,2024-10-01,2025-09-30,63.78972712680578,66.54077253218884,0.0899165061014772
670082,BAYLOR SCOTT AND WHITE  MEDICAL CENTER  MCKINNEY,TX,COLLIN,True,False,Voluntary non-profit - Private,SEP_1,Appropriate care for severe sepsis and septic shock,timely_effective,True,86.0,177.0,2024-10-01,2025-09-30,63.78972712680578,66.54077253218884,0.932883750802826
450137,BAYLOR SCOTT AND WHITE ALL SAINTS MEDICAL CENTER,TX,TARRANT,True,False,Voluntary non-profit - Private,SEP_1,Appropriate care for severe sepsis and septic shock,timely_effective,True,80.0,157.0,2024-10-01,2025-09-30,63.78972712680578,66.54077253218884,0.842324983943481
450742,BAYLOR SCOTT AND WHITE MEDICAL CENTER LAKE POINTE,TX,DALLAS,True,False,Voluntary non-profit - Private,SEP_1,Appropriate care for severe sepsis and septic shock,timely_effective,True,77.0,132.0,2024-10-01,2025-09-30,63.78972712680578,66.54077253218884,0.784842646114322
670060,BAYLOR SCOTT AND WHITE MEDICAL CENTER SUNNYVALE,TX,DALLAS,True,False,Proprietary,SEP_1,Appropriate care for severe sepsis and septic shock,timely_effective,True,42.0,318.0,2024-10-01,2025-09-30,63.78972712680578,66.54077253218884,0.0899165061014772
450193,Baylor St Lukes Medical Center,TX,HARRIS,True,True,Voluntary non-profit - Church,SEP_1,Appropriate care for severe sepsis and septic shock,timely_effective,True,70.0,74.0,2024-10-01,2025-09-30,63.78972712680578,66.54077253218884,0.602119460500963
450021,BAYLOR UNIVERSITY MEDICAL CENTER,TX,DALLAS,True,False,Voluntary non-profit - Private,SEP_1,Appropriate care for severe sepsis and septic shock,timely_effective,True,70.0,131.0,2024-10-01,2025-09-30,63.78972712680578,66.54077253218884,0.602119460500963
451378,BIG BEND REGIONAL MEDICAL CENTER,TX,BREWSTER,True,False,Proprietary,SEP_1,Appropriate care for severe sepsis and septic shock,timely_effective,True,98.0,44.0,2024-10-01,2025-09-30,63.78972712680578,66.54077253218884,0.996467565831728
45069F,Brooke Army Medical Center (FT Sam Houston),TX,BEXAR,True,False,Department of Defense,SEP_1,Appropriate care for severe sepsis and septic shock,timely_effective,True,48.0,52.0,2024-10-01,2025-09-30,63.78972712680578,66.54077253218884,0.150610147719974
450231,BSA HOSPITAL,TX,POTTER,True,False,Proprietary,SEP_1,Appropriate care for severe sepsis and septic shock,timely_effective,True,71.0,1112.0,2024-10-01,2025-09-30,63.78972712680578,66.54077253218884,0.62684649967887
450730,CARROLLTON REGIONAL MEDICAL CENTER,TX,DENTON,True,False,Proprietary,SEP_1,Appropriate care for severe sepsis and septic shock,timely_effective,True,55.0,118.0,2024-10-01,2025-09-30,63.78972712680578,66.54077253218884,0.257546563904945
450011,CHI ST JOSEPH HEALTH REGIONAL HOSPITAL,TX,BRAZOS,True,False,Voluntary non-profit - Private,SEP_1,Appropriate care for severe sepsis and septic shock,timely_effective,True,72.0,137.0,2024-10-01,2025-09-30,63.78972712680578,66.54077253218884,0.656711624919717
450072,CHI ST LUKE'S HEALTH BRAZOSPORT,TX,BRAZORIA,True,True,Voluntary non-profit - Private,SEP_1,Appropriate care for severe sepsis and septic shock,timely_effective,True,71.0,75.0,2024-10-01,2025-09-30,63.78972712680578,66.54077253218884,0.62684649967887
450395,CHI ST LUKES HEALTH MEMORIAL LIVINGSTON,TX,POLK,True,False,Voluntary non-profit - Private,SEP_1,Appropriate care for severe sepsis and septic shock,timely_effective,True,80.0,91.0,2024-10-01,2025-09-30,63.78972712680578,66.54077253218884,0.842324983943481
450211,CHI ST LUKES HEALTH MEMORIAL LUFKIN,TX,ANGELINA,True,False,Voluntary non-profit - Private,SEP_1,Appropriate care for severe sepsis and septic shock,timely_effective,True,65.0,115.0,2024-10-01,2025-09-30,63.78972712680578,66.54077253218884,0.479447655748234
450369,CHILDRESS REGIONAL MEDICAL CENTER,TX,CHILDRESS,True,False,Government - Hospital District or Authority,SEP_1,Appropriate care for severe sepsis and septic shock,timely_effective,True,38.0,16.0,2024-10-01,2025-09-30,63.78972712680578,66.54077253218884,0.0632626846499679
450032,CHRISTUS GOOD SHEPHERD MEDICAL CENTER,TX,GREGG,True,False,Voluntary non-profit - Private,SEP_1,Appropriate care for severe sepsis and septic shock,timely_effective,True,94.0,115.0,2024-10-01,2025-09-30,63.78972712680578,66.54077253218884,0.990044958253051
450573,CHRISTUS JASPER MEMORIAL HOSPITAL,TX,JASPER,True,False,Voluntary non-profit - Private,SEP_1,Appropriate care for severe sepsis and septic shock,timely_effective,True,58.0,38.0,2024-10-01,2025-09-30,63.78972712680578,66.54077253218884,0.31470777135517
450102,CHRISTUS MOTHER FRANCES HOSPITAL,TX,SMITH,True,False,Voluntary non-profit - Private,SEP_1,Appropriate care for severe sepsis and septic shock,timely_effective,True,84.0,292.0,2024-10-01,2025-09-30,63.78972712680578,66.54077253218884,0.908477842003854
450236,CHRISTUS MOTHER FRANCES HOSPITAL SULPHUR SPRINGS,TX,HOPKINS,True,False,Voluntary non-profit - Private,SEP_1,Appropriate care for severe sepsis and septic shock,timely_effective,True,84.0,116.0,2024-10-01,2025-09-30,63.78972712680578,66.54077253218884,0.908477842003854
451319,CHRISTUS MOTHER FRANCES HOSPITAL- JACKSONVILLE,TX,CHEROKEE,True,False,Voluntary non-profit - Private,SEP_1,Appropriate care for severe sepsis and septic shock,timely_effective,True,81.0,42.0,2024-10-01,2025-09-30,63.78972712680578,66.54077253218884,0.859666024405909
450272,CHRISTUS SANTA ROSA HOSPITAL-SAN MARCOS,TX,HAYS,True,False,Voluntary non-profit - Church,SEP_1,Appropriate care for severe sepsis and septic shock,timely_effective,True,78.0,129.0,2024-10-01,2025-09-30,63.78972712680578,66.54077253218884,0.803789338471419
450237,CHRISTUS SANTA ROSA MEDICAL CENTER,TX,BEXAR,True,False,Voluntary non-profit - Private,SEP_1,Appropriate care for severe sepsis and septic shock,timely_effective,True,81.0,251.0,2024-10-01,2025-09-30,63.78972712680578,66.54077253218884,0.859666024405909
450034,CHRISTUS SOUTHEAST TEXAS- ST ELIZABETH,TX,JEFFERSON,True,False,Voluntary non-profit - Private,SEP_1,Appropriate care for severe sepsis and septic shock,timely_effective,True,75.0,129.0,2024-10-01,2025-09-30,63.78972712680578,66.54077253218884,0.732819524727039
450828,CHRISTUS SPOHN HOSPITAL ALICE,TX,JIM WELLS,True,False,Voluntary non-profit - Private,SEP_1,Appropriate care for severe sepsis and septic shock,timely_effective,True,75.0,92.0,2024-10-01,2025-09-30,63.78972712680578,66.54077253218884,0.732819524727039
450082,CHRISTUS SPOHN HOSPITAL BEEVILLE,TX,BEE,True,False,Voluntary non-profit - Private,SEP_1,Appropriate care for severe sepsis and septic shock,timely_effective,True,88.0,161.0,2024-10-01,2025-09-30,63.78972712680578,66.54077253218884,0.950545921644187
450046,CHRISTUS SPOHN HOSPITAL CORPUS CHRISTI,TX,NUECES,True,False,Voluntary non-profit - Private,SEP_1,Appropriate care for severe sepsis and septic shock,timely_effective,True,83.0,178.0,2024-10-01,2025-09-30,63.78972712680578,66.54077253218884,0.890815671162492
450163,CHRISTUS SPOHN HOSPITAL KLEBERG,TX,KLEBERG,True,False,Voluntary non-profit - Private,SEP_1,Appropriate care for severe sepsis and septic shock,timely_effective,True,75.0,80.0,2024-10-01,2025-09-30,63.78972712680578,66.54077253218884,0.732819524727039
450801,CHRISTUS ST MICHAEL HEALTH SYSTEM,TX,BOWIE,True,False,Voluntary non-profit - Private,SEP_1,Appropriate care for severe sepsis and septic shock,timely_effective,True,75.0,205.0,2024-10-01,2025-09-30,63.78972712680578,66.54077253218884,0.732819524727039
450023,CITIZENS MEDICAL CENTER,TX,VICTORIA,True,False,Voluntary non-profit - Other,SEP_1,Appropriate care for severe sepsis and septic shock,timely_effective,True,56.0,95.0,2024-10-01,2025-09-30,63.78972712680578,66.54077253218884,0.276172125883109
450370,COLUMBUS COMMUNITY HOSPITAL,TX,COLORADO,True,False,Voluntary non-profit - Private,SEP_1,Appropriate care for severe sepsis and septic shock,timely_effective,True,48.0,29.0,2024-10-01,2025-09-30,63.78972712680578,66.54077253218884,0.150610147719974
450108,CONNALLY MEMORIAL MEDICAL CENTER,TX,WILSON,True,False,Government - Hospital District or Authority,SEP_1,Appropriate care for severe sepsis and septic shock,timely_effective,True,68.0,34.0,2024-10-01,2025-09-30,63.78972712680578,66.54077253218884,0.553307642903019
450788,"CORPUS CHRISTI MEDICAL CENTER,THE",TX,NUECES,True,False,Voluntary non-profit - Other,SEP_1,Appropriate care for severe sepsis and septic shock,timely_effective,True,69.0,157.0,2024-10-01,2025-09-30,63.78972712680578,66.54077253218884,0.580282594733462
451379,CORYELL MEMORIAL HOSPITAL,TX,CORYELL,True,False,Government - Hospital District or Authority,SEP_1,Appropriate care for severe sepsis and septic shock,timely_effective,True,49.0,72.0,2024-10-01,2025-09-30,63.78972712680578,66.54077253218884,0.166024405908799
450755,COVENANT HOSPITAL LEVELLAND,TX,HOCKLEY,True,False,Voluntary non-profit - Private,SEP_1,Appropriate care for severe sepsis and septic shock,timely_effective,True,62.0,13.0,2024-10-01,2025-09-30,63.78972712680578,66.54077253218884,0.403660886319846
450539,COVENANT HOSPITAL PLAINVIEW,TX,HALE,True,False,Voluntary non-profit - Private,SEP_1,Appropriate care for severe sepsis and septic shock,timely_effective,True,61.0,87.0,2024-10-01,2025-09-30,63.78972712680578,66.54077253218884,0.382466281310212
450040,COVENANT MEDICAL CENTER,TX,LUBBOCK,True,False,Voluntary non-profit - Private,SEP_1,Appropriate care for severe sepsis and septic shock,timely_effective,True,64.0,153.0,2024-10-01,2025-09-30,63.78972712680578,66.54077253218884,0.451188182402055
450597,CUERO REGIONAL HOSPITAL,TX,DE WITT,True,False,Government - Hospital District or Authority,SEP_1,Appropriate care for severe sepsis and septic shock,timely_effective,True,61.0,38.0,2024-10-01,2025-09-30,63.78972712680578,66.54077253218884,0.382466281310212
450379,DALLAS MEDICAL CENTER,TX,DALLAS,True,False,Proprietary,SEP_1,Appropriate care for severe sepsis and septic shock,timely_effective,True,66.0,79.0,2024-10-01,2025-09-30,63.78972712680578,66.54077253218884,0.50417469492614
450688,DALLAS REGIONAL MEDICAL CENTER,TX,DALLAS,True,False,Proprietary,SEP_1,Appropriate care for severe sepsis and septic shock,timely_effective,True,65.0,141.0,2024-10-01,2025-09-30,63.78972712680578,66.54077253218884,0.479447655748234
45070F,Darnall AMC (FT Cavazos),TX,BELL,True,False,Department of Defense,SEP_1,Appropriate care for severe sepsis and septic shock,timely_effective,True,58.0,31.0,2024-10-01,2025-09-30,63.78972712680578,66.54077253218884,0.31470777135517
450147,DE TAR HOSPITAL NAVARRO,TX,VICTORIA,True,False,Proprietary,SEP_1,Appropriate care for severe sepsis and septic shock,timely_effective,True,60.0,129.0,2024-10-01,2025-09-30,63.78972712680578,66.54077253218884,0.356133590237636
450124,DELL SETON  MED CENTER AT THE UNIVERSITY OF TX,TX,TRAVIS,True,False,Voluntary non-profit - Private,SEP_1,Appropriate care for severe sepsis and septic shock,timely_effective,True,42.0,142.0,2024-10-01,2025-09-30,63.78972712680578,66.54077253218884,0.0899165061014772
450643,DOCTORS HOSPITAL OF LAREDO,TX,WEBB,True,False,Proprietary,SEP_1,Appropriate care for severe sepsis and septic shock,timely_effective,True,55.0,114.0,2024-10-01,2025-09-30,63.78972712680578,66.54077253218884,0.257546563904945
450869,DOCTORS HOSPTAL AT RENAISSANCE,TX,HIDALGO,True,False,Physician,SEP_1,Appropriate care for severe sepsis and septic shock,timely_effective,True,71.0,896.0,2024-10-01,2025-09-30,63.78972712680578,66.54077253218884,0.62684649967887
450694,EL CAMPO MEMORIAL HOSPITAL,TX,WHARTON,True,False,Voluntary non-profit - Other,SEP_1,Appropriate care for severe sepsis and septic shock,timely_effective,True,46.0,52.0,2024-10-01,2025-09-30,63.78972712680578,66.54077253218884,0.128452151573539
670285,ELITE HOSPITAL KINGWOOD,TX,HARRIS,True,True,Proprietary,SEP_1,Appropriate care for severe sepsis and septic shock,timely_effective,True,23.0,13.0,2024-10-01,2025-09-30,63.78972712680578,66.54077253218884,0.0157353885677585
450833,ENNIS REGIONAL MEDICAL CENTER,TX,ELLIS,True,False,Proprietary,SEP_1,Appropriate care for severe sepsis and septic shock,timely_effective,True,47.0,32.0,2024-10-01,2025-09-30,63.78972712680578,66.54077253218884,0.13937058445729
450241,FAITH COMMUNITY HOSPITAL,TX,JACK,True,False,Government - Hospital District or Authority,SEP_1,Appropriate care for severe sepsis and septic shock,timely_effective,True,17.0,12.0,2024-10-01,2025-09-30,63.78972712680578,66.54077253218884,0.00738599871547848
450092,FORT DUNCAN MEDICAL CENTER,TX,MAVERICK,True,False,Proprietary,SEP_1,Appropriate care for severe sepsis and septic shock,timely_effective,True,44.0,66.0,2024-10-01,2025-09-30,63.78972712680578,66.54077253218884,0.108863198458574
450658,FREESTONE MEDICAL CENTER,TX,FREESTONE,True,False,Government - Hospital District or Authority,SEP_1,Appropriate care for severe sepsis and septic shock,timely_effective,True,62.0,13.0,2024-10-01,2025-09-30,63.78972712680578,66.54077253218884,0.403660886319846
451391,FRIO REGIONAL HOSPITAL,TX,FRIO,True,False,Voluntary non-profit - Private,SEP_1,Appropriate care for severe sepsis and septic shock,timely_effective,True,56.0,36.0,2024-10-01,2025-09-30,63.78972712680578,66.54077253218884,0.276172125883109
450451,GLEN ROSE MEDICAL CENTER,TX,SOMERVELL,True,False,Government - Hospital District or Authority,SEP_1,Appropriate care for severe sepsis and septic shock,timely_effective,True,74.0,19.0,2024-10-01,2025-09-30,63.78972712680578,66.54077253218884,0.705844572896596
671300,GRAHAM REGIONAL MEDICAL CENTER,TX,YOUNG,True,False,Government - Hospital District or Authority,SEP_1,Appropriate care for severe sepsis and septic shock,timely_effective,True,93.0,15.0,2024-10-01,2025-09-30,63.78972712680578,66.54077253218884,0.985228002569043
450104,GUADALUPE REGIONAL MEDICAL CENTER,TX,GUADALUPE,True,False,Government - Local,SEP_1,Appropriate care for severe sepsis and septic shock,timely_effective,True,71.0,150.0,2024-10-01,2025-09-30,63.78972712680578,66.54077253218884,0.62684649967887
451392,HAMILTON GENERAL HOSPITAL,TX,HAMILTON,True,False,Government - Hospital District or Authority,SEP_1,Appropriate care for severe sepsis and septic shock,timely_effective,True,68.0,25.0,2024-10-01,2025-09-30,63.78972712680578,66.54077253218884,0.553307642903019
450855,HARLINGEN MEDICAL CENTER,TX,CAMERON,True,False,Proprietary,SEP_1,Appropriate care for severe sepsis and septic shock,timely_effective,True,49.0,140.0,2024-10-01,2025-09-30,63.78972712680578,66.54077253218884,0.166024405908799
450289,HARRIS HEALTH,TX,HARRIS,True,True,Government - Hospital District or Authority,SEP_1,Appropriate care for severe sepsis and septic shock,timely_effective,True,49.0,474.0,2024-10-01,2025-09-30,63.78972712680578,66.54077253218884,0.166024405908799
450617,HCA HOUSTON HEALTHCARE CLEAR LAKE,TX,HARRIS,True,True,Proprietary,SEP_1,Appropriate care for severe sepsis and septic shock,timely_effective,True,71.0,157.0,2024-10-01,2025-09-30,63.78972712680578,66.54077253218884,0.62684649967887
450222,HCA HOUSTON HEALTHCARE CONROE,TX,MONTGOMERY,True,True,Proprietary,SEP_1,Appropriate care for severe sepsis and septic shock,timely_effective,True,75.0,145.0,2024-10-01,2025-09-30,63.78972712680578,66.54077253218884,0.732819524727039
450775,HCA HOUSTON HEALTHCARE KINGWOOD,TX,HARRIS,True,True,Proprietary,SEP_1,Appropriate care for severe sepsis and septic shock,timely_effective,True,68.0,155.0,2024-10-01,2025-09-30,63.78972712680578,66.54077253218884,0.553307642903019
450659,HCA HOUSTON HEALTHCARE MEDICAL CENTER,TX,HARRIS,True,True,Proprietary,SEP_1,Appropriate care for severe sepsis and septic shock,timely_effective,True,63.0,43.0,2024-10-01,2025-09-30,63.78972712680578,66.54077253218884,0.428387925497752
450638,HCA HOUSTON HEALTHCARE NORTHWEST,TX,HARRIS,True,True,Proprietary,SEP_1,Appropriate care for severe sepsis and septic shock,timely_effective,True,74.0,165.0,2024-10-01,2025-09-30,63.78972712680578,66.54077253218884,0.705844572896596
670106,HCA HOUSTON HEALTHCARE PEARLAND,TX,BRAZORIA,True,True,Proprietary,SEP_1,Appropriate care for severe sepsis and septic shock,timely_effective,True,73.0,143.0,2024-10-01,2025-09-30,63.78972712680578,66.54077253218884,0.682723185613359
450097,HCA HOUSTON HEALTHCARE SOUTHEAST,TX,HARRIS,True,True,Proprietary,SEP_1,Appropriate care for severe sepsis and septic shock,timely_effective,True,82.0,148.0,2024-10-01,2025-09-30,63.78972712680578,66.54077253218884,0.877649325626204
450670,HCA HOUSTON HEALTHCARE TOMBALL,TX,HARRIS,True,True,Proprietary,SEP_1,Appropriate care for severe sepsis and septic shock,timely_effective,True,81.0,99.0,2024-10-01,2025-09-30,63.78972712680578,66.54077253218884,0.859666024405909
450644,HCA HOUSTON HEALTHCARE WEST,TX,HARRIS,True,True,Proprietary,SEP_1,Appropriate care for severe sepsis and septic shock,timely_effective,True,67.0,150.0,2024-10-01,2025-09-30,63.78972712680578,66.54077253218884,0.528259473346179
450229,HENDRICK MEDICAL CENTER,TX,TAYLOR,True,False,Voluntary non-profit - Private,SEP_1,Appropriate care for severe sepsis and septic shock,timely_effective,True,54.0,175.0,2024-10-01,2025-09-30,63.78972712680578,66.54077253218884,0.23956326268465
450587,HENDRICK MEDICAL CENTER BROWNWOOD,TX,BROWN,True,False,Voluntary non-profit - Private,SEP_1,Appropriate care for severe sepsis and septic shock,timely_effective,True,60.0,148.0,2024-10-01,2025-09-30,63.78972712680578,66.54077253218884,0.356133590237636
450604,HILL COUNTRY MEMORIAL HOSPITAL,TX,GILLESPIE,True,False,Proprietary,SEP_1,Appropriate care for severe sepsis and septic shock,timely_effective,True,65.0,109.0,2024-10-01,2025-09-30,63.78972712680578,66.54077253218884,0.479447655748234
450424,HOUSTON METHODIST BAYTOWN HOSPITAL,TX,HARRIS,True,True,Voluntary non-profit - Private,SEP_1,Appropriate care for severe sepsis and septic shock,timely_effective,True,74.0,145.0,2024-10-01,2025-09-30,63.78972712680578,66.54077253218884,0.705844572896596
450709,HOUSTON METHODIST CLEAR LAKE HOSPITAL,TX,HARRIS,True,True,Voluntary non-profit - Private,SEP_1,Appropriate care for severe sepsis and septic shock,timely_effective,True,65.0,153.0,2024-10-01,2025-09-30,63.78972712680578,66.54077253218884,0.479447655748234
450358,HOUSTON METHODIST HOSPITAL,TX,HARRIS,True,True,Voluntary non-profit - Private,SEP_1,Appropriate care for severe sepsis and septic shock,timely_effective,True,60.0,179.0,2024-10-01,2025-09-30,63.78972712680578,66.54077253218884,0.356133590237636
450820,HOUSTON METHODIST SUGARLAND HOSPITAL,TX,FORT BEND,True,True,Voluntary non-profit - Private,SEP_1,Appropriate care for severe sepsis and septic shock,timely_effective,True,75.0,133.0,2024-10-01,2025-09-30,63.78972712680578,66.54077253218884,0.732819524727039
670122,HOUSTON METHODIST THE WOODLANDS HOSPITAL,TX,MONTGOMERY,True,True,Voluntary non-profit - Private,SEP_1,Appropriate care for severe sepsis and septic shock,timely_effective,True,88.0,119.0,2024-10-01,2025-09-30,63.78972712680578,66.54077253218884,0.950545921644187
670077,HOUSTON METHODIST WEST HOSPITAL,TX,HARRIS,True,True,Voluntary non-profit - Private,SEP_1,Appropriate care for severe sepsis and septic shock,timely_effective,True,77.0,138.0,2024-10-01,2025-09-30,63.78972712680578,66.54077253218884,0.784842646114322
450844,HOUSTON METHODIST WILLOWBROOK HOSPITAL,TX,HARRIS,True,True,Voluntary non-profit - Private,SEP_1,Appropriate care for severe sepsis and septic shock,timely_effective,True,82.0,113.0,2024-10-01,2025-09-30,63.78972712680578,66.54077253218884,0.877649325626204
450352,HUNT REGIONAL MEDICAL CENTER,TX,HUNT,True,False,Government - Hospital District or Authority,SEP_1,Appropriate care for severe sepsis and septic shock,timely_effective,True,57.0,136.0,2024-10-01,2025-09-30,63.78972712680578,66.54077253218884,0.293513166345536
450347,HUNTSVILLE MEMORIAL HOSPITAL,TX,WALKER,True,False,Voluntary non-profit - Private,SEP_1,Appropriate care for severe sepsis and septic shock,timely_effective,True,68.0,231.0,2024-10-01,2025-09-30,63.78972712680578,66.54077253218884,0.553307642903019
450039,JPS HEALTH NETWORK,TX,TARRANT,True,False,Government - Hospital District or Authority,SEP_1,Appropriate care for severe sepsis and septic shock,timely_effective,True,85.0,1293.0,2024-10-01,2025-09-30,63.78972712680578,66.54077253218884,0.921644187540141
450128,KNAPP MEDICAL CENTER,TX,HIDALGO,True,False,Voluntary non-profit - Private,SEP_1,Appropriate care for severe sepsis and septic shock,timely_effective,True,69.0,132.0,2024-10-01,2025-09-30,63.78972712680578,66.54077253218884,0.580282594733462
450596,LAKE GRANBURY MEDICAL CENTER,TX,HOOD,True,False,Proprietary,SEP_1,Appropriate care for severe sepsis and septic shock,timely_effective,True,65.0,164.0,2024-10-01,2025-09-30,63.78972712680578,66.54077253218884,0.479447655748234
450698,LAMB HEALTHCARE CENTER,TX,LAMB,True,False,Government - Local,SEP_1,Appropriate care for severe sepsis and septic shock,timely_effective,True,53.0,17.0,2024-10-01,2025-09-30,63.78972712680578,66.54077253218884,0.221579961464355
450029,LAREDO MEDICAL CENTER,TX,WEBB,True,False,Proprietary,SEP_1,Appropriate care for severe sepsis and septic shock,timely_effective,True,55.0,214.0,2024-10-01,2025-09-30,63.78972712680578,66.54077253218884,0.257546563904945
450107,LAS PALMAS MEDICAL CENTER A CAMPUS OF LPDS HEALTHC,TX,EL PASO,True,False,Proprietary,SEP_1,Appropriate care for severe sepsis and septic shock,timely_effective,True,80.0,162.0,2024-10-01,2025-09-30,63.78972712680578,66.54077253218884,0.842324983943481
450702,LONGVIEW REGIONAL MEDICAL CENTER,TX,GREGG,True,False,Proprietary,SEP_1,Appropriate care for severe sepsis and septic shock,timely_effective,True,42.0,171.0,2024-10-01,2025-09-30,63.78972712680578,66.54077253218884,0.0899165061014772
450876,LUBBOCK HEART HOSPITAL LP,TX,LUBBOCK,True,False,Government - Hospital District or Authority,SEP_1,Appropriate care for severe sepsis and septic shock,timely_effective,True,50.0,18.0,2024-10-01,2025-09-30,63.78972712680578,66.54077253218884,0.177263969171484
450465,MATAGORDA REGIONAL MEDICAL CENTER,TX,MATAGORDA,True,False,Government - Hospital District or Authority,SEP_1,Appropriate care for severe sepsis and septic shock,timely_effective,True,72.0,86.0,2024-10-01,2025-09-30,63.78972712680578,66.54077253218884,0.656711624919717
450132,MEDICAL CENTER HOSPITAL,TX,ECTOR,True,False,Government - Hospital District or Authority,SEP_1,Appropriate care for severe sepsis and septic shock,timely_effective,True,64.0,940.0,2024-10-01,2025-09-30,63.78972712680578,66.54077253218884,0.451188182402055
450403,MEDICAL CENTER OF MCKINNEY,TX,COLLIN,True,False,Proprietary,SEP_1,Appropriate care for severe sepsis and septic shock,timely_effective,True,66.0,119.0,2024-10-01,2025-09-30,63.78972712680578,66.54077253218884,0.50417469492614
670103,MEDICAL CITY ALLIANCE,TX,TARRANT,True,False,Voluntary non-profit - Private,SEP_1,Appropriate care for severe sepsis and septic shock,timely_effective,True,67.0,330.0,2024-10-01,2025-09-30,63.78972712680578,66.54077253218884,0.528259473346179
450675,MEDICAL CITY ARLINGTON,TX,TARRANT,True,False,Proprietary,SEP_1,Appropriate care for severe sepsis and septic shock,timely_effective,True,60.0,131.0,2024-10-01,2025-09-30,63.78972712680578,66.54077253218884,0.356133590237636
450647,MEDICAL CITY DALLAS HOSPITAL,TX,DALLAS,True,False,Proprietary,SEP_1,Appropriate care for severe sepsis and septic shock,timely_effective,True,66.0,128.0,2024-10-01,2025-09-30,63.78972712680578,66.54077253218884,0.50417469492614
450634,MEDICAL CITY DENTON,TX,DENTON,True,False,Proprietary,SEP_1,Appropriate care for severe sepsis and septic shock,timely_effective,True,74.0,163.0,2024-10-01,2025-09-30,63.78972712680578,66.54077253218884,0.705844572896596
450672,MEDICAL CITY FORT WORTH,TX,TARRANT,True,False,Proprietary,SEP_1,Appropriate care for severe sepsis and septic shock,timely_effective,True,68.0,80.0,2024-10-01,2025-09-30,63.78972712680578,66.54077253218884,0.553307642903019
450822,MEDICAL CITY LAS COLINAS,TX,DALLAS,True,False,Proprietary,SEP_1,Appropriate care for severe sepsis and septic shock,timely_effective,True,74.0,286.0,2024-10-01,2025-09-30,63.78972712680578,66.54077253218884,0.705844572896596
450669,MEDICAL CITY LEWISVILLE,TX,DENTON,True,False,Voluntary non-profit - Private,SEP_1,Appropriate care for severe sepsis and septic shock,timely_effective,True,86.0,111.0,2024-10-01,2025-09-30,63.78972712680578,66.54077253218884,0.932883750802826
450087,MEDICAL CITY NORTH HILLS,TX,TARRANT,True,False,Proprietary,SEP_1,Appropriate care for severe sepsis and septic shock,timely_effective,True,66.0,137.0,2024-10-01,2025-09-30,63.78972712680578,66.54077253218884,0.50417469492614
450651,MEDICAL CITY PLANO,TX,COLLIN,True,False,Proprietary,SEP_1,Appropriate care for severe sepsis and septic shock,timely_effective,True,57.0,116.0,2024-10-01,2025-09-30,63.78972712680578,66.54077253218884,0.293513166345536
450203,MEDICAL CITY WEATHERFORD,TX,PARKER,True,False,Proprietary,SEP_1,Appropriate care for severe sepsis and septic shock,timely_effective,True,69.0,143.0,2024-10-01,2025-09-30,63.78972712680578,66.54077253218884,0.580282594733462
450068,MEMORIAL HERMANN - TEXAS MEDICAL CENTER,TX,HARRIS,True,True,Voluntary non-profit - Private,SEP_1,Appropriate care for severe sepsis and septic shock,timely_effective,True,39.0,229.0,2024-10-01,2025-09-30,63.78972712680578,66.54077253218884,0.0674373795761079
450184,MEMORIAL HERMANN HOSPITAL SYSTEM,TX,HARRIS,True,True,Voluntary non-profit - Private,SEP_1,Appropriate care for severe sepsis and septic shock,timely_effective,True,43.0,699.0,2024-10-01,2025-09-30,63.78972712680578,66.54077253218884,0.103082851637765
450847,MEMORIAL HERMANN KATY HOSPITAL,TX,FORT BEND,True,True,Voluntary non-profit - Private,SEP_1,Appropriate care for severe sepsis and septic shock,timely_effective,True,63.0,158.0,2024-10-01,2025-09-30,63.78972712680578,66.54077253218884,0.428387925497752
450610,MEMORIAL HERMANN MEMORIAL CITY HOSPITAL,TX,HARRIS,True,True,Voluntary non-profit - Private,SEP_1,Appropriate care for severe sepsis and septic shock,timely_effective,True,41.0,143.0,2024-10-01,2025-09-30,63.78972712680578,66.54077253218884,0.0828516377649326
450684,MEMORIAL HERMANN NORTHEAST HOSPITAL,TX,HARRIS,True,True,Voluntary non-profit - Private,SEP_1,Appropriate care for severe sepsis and septic shock,timely_effective,True,39.0,153.0,2024-10-01,2025-09-30,63.78972712680578,66.54077253218884,0.0674373795761079
450848,MEMORIAL HERMANN SUGAR LAND HOSPITAL,TX,FORT BEND,True,True,Voluntary non-profit - Private,SEP_1,Appropriate care for severe sepsis and septic shock,timely_effective,True,46.0,175.0,2024-10-01,2025-09-30,63.78972712680578,66.54077253218884,0.128452151573539
450723,METHODIST CHARLTON MEDICAL CENTER,TX,DALLAS,True,False,Voluntary non-profit - Private,SEP_1,Appropriate care for severe sepsis and septic shock,timely_effective,True,86.0,230.0,2024-10-01,2025-09-30,63.78972712680578,66.54077253218884,0.932883750802826
450051,METHODIST DALLAS MEDICAL CENTER,TX,DALLAS,True,False,Voluntary non-profit - Other,SEP_1,Appropriate care for severe sepsis and septic shock,timely_effective,True,86.0,164.0,2024-10-01,2025-09-30,63.78972712680578,66.54077253218884,0.932883750802826
450388,METHODIST HOSPITAL,TX,BEXAR,True,False,Proprietary,SEP_1,Appropriate care for severe sepsis and septic shock,timely_effective,True,61.0,145.0,2024-10-01,2025-09-30,63.78972712680578,66.54077253218884,0.382466281310212
670055,METHODIST HOSPITAL  STONE OAK,TX,BEXAR,True,False,Proprietary,SEP_1,Appropriate care for severe sepsis and septic shock,timely_effective,True,73.0,171.0,2024-10-01,2025-09-30,63.78972712680578,66.54077253218884,0.682723185613359
450165,METHODIST HOSPITAL ATASCOSA,TX,ATASCOSA,True,False,Proprietary,SEP_1,Appropriate care for severe sepsis and septic shock,timely_effective,True,67.0,94.0,2024-10-01,2025-09-30,63.78972712680578,66.54077253218884,0.528259473346179
670023,METHODIST MANSFIELD MEDICAL CENTER,TX,TARRANT,True,False,Voluntary non-profit - Private,SEP_1,Appropriate care for severe sepsis and septic shock,timely_effective,True,89.0,189.0,2024-10-01,2025-09-30,63.78972712680578,66.54077253218884,0.959858702633269
670300,METHODIST MIDLOTHIAN MEDICAL CENTER,TX,ELLIS,True,False,Voluntary non-profit - Private,SEP_1,Appropriate care for severe sepsis and septic shock,timely_effective,True,95.0,102.0,2024-10-01,2025-09-30,63.78972712680578,66.54077253218884,0.991971740526654
450537,METHODIST RICHARDSON MEDICAL CENTER,TX,COLLIN,True,False,Voluntary non-profit - Private,SEP_1,Appropriate care for severe sepsis and septic shock,timely_effective,True,85.0,171.0,2024-10-01,2025-09-30,63.78972712680578,66.54077253218884,0.921644187540141
670132,METHODIST SOUTHLAKE MEDICAL CENTER,TX,TARRANT,True,False,Proprietary,SEP_1,Appropriate care for severe sepsis and septic shock,timely_effective,True,86.0,28.0,2024-10-01,2025-09-30,63.78972712680578,66.54077253218884,0.932883750802826
450133,MIDLAND MEMORIAL HOSPITAL,TX,MIDLAND,True,False,Government - Hospital District or Authority,SEP_1,Appropriate care for severe sepsis and septic shock,timely_effective,True,68.0,789.0,2024-10-01,2025-09-30,63.78972712680578,66.54077253218884,0.553307642903019
450176,MISSION REGIONAL MEDICAL CENTER,TX,HIDALGO,True,False,Voluntary non-profit - Private,SEP_1,Appropriate care for severe sepsis and septic shock,timely_effective,True,58.0,123.0,2024-10-01,2025-09-30,63.78972712680578,66.54077253218884,0.31470777135517
450656,NACOGDOCHES MEDICAL CENTER,TX,NACOGDOCHES,True,False,Voluntary non-profit - Other,SEP_1,Appropriate care for severe sepsis and septic shock,timely_effective,True,61.0,90.0,2024-10-01,2025-09-30,63.78972712680578,66.54077253218884,0.382466281310212
450508,NACOGDOCHES MEMORIAL HOSPITAL,TX,NACOGDOCHES,True,False,Proprietary,SEP_1,Appropriate care for severe sepsis and septic shock,timely_effective,True,51.0,75.0,2024-10-01,2025-09-30,63.78972712680578,66.54077253218884,0.194283879254978
450447,NAVARRO REGIONAL HOSPITAL,TX,NAVARRO,True,False,Government - Hospital District or Authority,SEP_1,Appropriate care for severe sepsis and septic shock,timely_effective,True,64.0,159.0,2024-10-01,2025-09-30,63.78972712680578,66.54077253218884,0.451188182402055
450641,NOCONA GENERAL HOSPITAL,TX,MONTAGUE,True,False,Government - Hospital District or Authority,SEP_1,Appropriate care for severe sepsis and septic shock,timely_effective,True,57.0,65.0,2024-10-01,2025-09-30,63.78972712680578,66.54077253218884,0.293513166345536
450809,NORTH AUSTIN MEDICAL CENTER,TX,TRAVIS,True,False,Proprietary,SEP_1,Appropriate care for severe sepsis and septic shock,timely_effective,True,66.0,140.0,2024-10-01,2025-09-30,63.78972712680578,66.54077253218884,0.50417469492614
450090,NORTH TEXAS MEDICAL CENTER,TX,COOKE,True,False,Voluntary non-profit - Private,SEP_1,Appropriate care for severe sepsis and septic shock,timely_effective,True,78.0,54.0,2024-10-01,2025-09-30,63.78972712680578,66.54077253218884,0.803789338471419
450209,NORTHWEST TEXAS HOSPITAL,TX,POTTER,True,False,Voluntary non-profit - Private,SEP_1,Appropriate care for severe sepsis and septic shock,timely_effective,True,44.0,97.0,2024-10-01,2025-09-30,63.78972712680578,66.54077253218884,0.108863198458574
450330,OAKBEND MEDICAL CENTER,TX,FORT BEND,True,True,Government - Hospital District or Authority,SEP_1,Appropriate care for severe sepsis and septic shock,timely_effective,True,59.0,147.0,2024-10-01,2025-09-30,63.78972712680578,66.54077253218884,0.336865767501606
450661,ODESSA REGIONAL MEDICAL CENTER,TX,ECTOR,True,False,Proprietary,SEP_1,Appropriate care for severe sepsis and septic shock,timely_effective,True,60.0,50.0,2024-10-01,2025-09-30,63.78972712680578,66.54077253218884,0.356133590237636
450747,PALESTINE REGIONAL MEDICAL CENTER,TX,ANDERSON,True,False,Proprietary,SEP_1,Appropriate care for severe sepsis and septic shock,timely_effective,True,56.0,89.0,2024-10-01,2025-09-30,63.78972712680578,66.54077253218884,0.276172125883109
450565,PALO PINTO GENERAL HOSPITAL,TX,PALO PINTO,True,False,Government - Hospital District or Authority,SEP_1,Appropriate care for severe sepsis and septic shock,timely_effective,True,54.0,52.0,2024-10-01,2025-09-30,63.78972712680578,66.54077253218884,0.23956326268465
450196,PARIS REGIONAL MEDICAL CENTER,TX,LAMAR,True,False,Proprietary,SEP_1,Appropriate care for severe sepsis and septic shock,timely_effective,True,52.0,122.0,2024-10-01,2025-09-30,63.78972712680578,66.54077253218884,0.204560051380861
450015,PARKLAND HEALTH & HOSPITAL SYSTEM,TX,DALLAS,True,False,Government - Hospital District or Authority,SEP_1,Appropriate care for severe sepsis and septic shock,timely_effective,True,51.0,266.0,2024-10-01,2025-09-30,63.78972712680578,66.54077253218884,0.194283879254978
450400,PARKVIEW REGIONAL HOSPITAL,TX,LIMESTONE,True,False,Proprietary,SEP_1,Appropriate care for severe sepsis and septic shock,timely_effective,True,76.0,49.0,2024-10-01,2025-09-30,63.78972712680578,66.54077253218884,0.756583172768144
450007,PETERSON REGIONAL MEDICAL CENTER,TX,KERR,True,False,Voluntary non-profit - Private,SEP_1,Appropriate care for severe sepsis and septic shock,timely_effective,True,71.0,164.0,2024-10-01,2025-09-30,63.78972712680578,66.54077253218884,0.62684649967887
670098,RESOLUTE HEALTH HOSPITAL,TX,COMAL,True,False,Proprietary,SEP_1,Appropriate care for severe sepsis and septic shock,timely_effective,True,70.0,122.0,2024-10-01,2025-09-30,63.78972712680578,66.54077253218884,0.602119460500963
450711,RIO GRANDE REGIONAL HOSPITAL,TX,HIDALGO,True,False,Proprietary,SEP_1,Appropriate care for severe sepsis and septic shock,timely_effective,True,84.0,153.0,2024-10-01,2025-09-30,63.78972712680578,66.54077253218884,0.908477842003854
450055,ROLLING PLAINS MEMORIAL HOSPITAL,TX,NOLAN,True,False,Government - Hospital District or Authority,SEP_1,Appropriate care for severe sepsis and septic shock,timely_effective,True,90.0,39.0,2024-10-01,2025-09-30,63.78972712680578,66.54077253218884,0.96660244059088
450718,ROUND ROCK MEDICAL CENTER,TX,WILLIAMSON,True,False,Proprietary,SEP_1,Appropriate care for severe sepsis and septic shock,timely_effective,True,78.0,134.0,2024-10-01,2025-09-30,63.78972712680578,66.54077253218884,0.803789338471419
450653,SCENIC MOUNTAIN MEDICAL CENTER,TX,HOWARD,True,False,Proprietary,SEP_1,Appropriate care for severe sepsis and septic shock,timely_effective,True,61.0,44.0,2024-10-01,2025-09-30,63.78972712680578,66.54077253218884,0.382466281310212
670080,SETON MEDICAL CENTER HARKER HEIGHTS,TX,BELL,True,False,Proprietary,SEP_1,Appropriate care for severe sepsis and septic shock,timely_effective,True,86.0,397.0,2024-10-01,2025-09-30,63.78972712680578,66.54077253218884,0.932883750802826
451399,SEYMOUR HOSPITAL,TX,BAYLOR,True,False,Government - Hospital District or Authority,SEP_1,Appropriate care for severe sepsis and septic shock,timely_effective,True,82.0,17.0,2024-10-01,2025-09-30,63.78972712680578,66.54077253218884,0.877649325626204
450571,SHANNON MEDICAL CENTER,TX,TOM GREEN,True,False,Voluntary non-profit - Private,SEP_1,Appropriate care for severe sepsis and septic shock,timely_effective,True,67.0,404.0,2024-10-01,2025-09-30,63.78972712680578,66.54077253218884,0.528259473346179
450668,SIERRA MEDICAL CENTER,TX,EL PASO,True,False,Proprietary,SEP_1,Appropriate care for severe sepsis and septic shock,timely_effective,True,42.0,93.0,2024-10-01,2025-09-30,63.78972712680578,66.54077253218884,0.0899165061014772
450119,SOUTH TEXAS HEALTH SYSTEM,TX,HIDALGO,True,False,Proprietary,SEP_1,Appropriate care for severe sepsis and septic shock,timely_effective,True,72.0,230.0,2024-10-01,2025-09-30,63.78972712680578,66.54077253218884,0.656711624919717
450431,ST DAVID'S MEDICAL CENTER,TX,TRAVIS,True,False,Proprietary,SEP_1,Appropriate care for severe sepsis and septic shock,timely_effective,True,75.0,148.0,2024-10-01,2025-09-30,63.78972712680578,66.54077253218884,0.732819524727039
450713,ST DAVID'S SOUTH AUSTIN MEDICAL CENTER,TX,TRAVIS,True,False,Proprietary,SEP_1,Appropriate care for severe sepsis and septic shock,timely_effective,True,79.0,170.0,2024-10-01,2025-09-30,63.78972712680578,66.54077253218884,0.823699421965318
450035,ST JOSEPH MEDICAL CENTER,TX,HARRIS,True,True,Physician,SEP_1,Appropriate care for severe sepsis and septic shock,timely_effective,True,61.0,109.0,2024-10-01,2025-09-30,63.78972712680578,66.54077253218884,0.382466281310212
670075,ST LUKE'S HOSPITAL AT THE VINTAGE,TX,HARRIS,True,True,Voluntary non-profit - Private,SEP_1,Appropriate care for severe sepsis and septic shock,timely_effective,True,64.0,116.0,2024-10-01,2025-09-30,63.78972712680578,66.54077253218884,0.451188182402055
670031,ST LUKE'S PATIENTS MEDICAL CENTER,TX,HARRIS,True,True,Proprietary,SEP_1,Appropriate care for severe sepsis and septic shock,timely_effective,True,60.0,78.0,2024-10-01,2025-09-30,63.78972712680578,66.54077253218884,0.356133590237636
670053,ST LUKE'S SUGAR LAND HOSPITAL,TX,FORT BEND,True,True,Voluntary non-profit - Private,SEP_1,Appropriate care for severe sepsis and septic shock,timely_effective,True,69.0,90.0,2024-10-01,2025-09-30,63.78972712680578,66.54077253218884,0.580282594733462
450862,ST LUKE'S THE WOODLANDS HOSPITAL,TX,MONTGOMERY,True,True,Voluntary non-profit - Private,SEP_1,Appropriate care for severe sepsis and septic shock,timely_effective,True,64.0,89.0,2024-10-01,2025-09-30,63.78972712680578,66.54077253218884,0.451188182402055
450654,STARR COUNTY MEMORIAL HOSPITAL,TX,STARR,True,False,Government - Hospital District or Authority,SEP_1,Appropriate care for severe sepsis and septic shock,timely_effective,True,52.0,190.0,2024-10-01,2025-09-30,63.78972712680578,66.54077253218884,0.204560051380861
451311,SWEENY COMMUNITY HOSPITAL,TX,BRAZORIA,True,True,Government - Hospital District or Authority,SEP_1,Appropriate care for severe sepsis and septic shock,timely_effective,True,43.0,14.0,2024-10-01,2025-09-30,63.78972712680578,66.54077253218884,0.103082851637765
450064,TEXAS HEALTH ARLINGTON MEMORIAL HOSPITAL,TX,TARRANT,True,False,Voluntary non-profit - Private,SEP_1,Appropriate care for severe sepsis and septic shock,timely_effective,True,81.0,210.0,2024-10-01,2025-09-30,63.78972712680578,66.54077253218884,0.859666024405909
450135,TEXAS HEALTH HARRIS METHODIST FORT WORTH,TX,TARRANT,True,False,Voluntary non-profit - Private,SEP_1,Appropriate care for severe sepsis and septic shock,timely_effective,True,76.0,433.0,2024-10-01,2025-09-30,63.78972712680578,66.54077253218884,0.756583172768144
670085,TEXAS HEALTH HARRIS METHODIST HOSPITAL ALLIANCE,TX,TARRANT,True,False,Voluntary non-profit - Private,SEP_1,Appropriate care for severe sepsis and septic shock,timely_effective,True,77.0,121.0,2024-10-01,2025-09-30,63.78972712680578,66.54077253218884,0.784842646114322
450419,TEXAS HEALTH HARRIS METHODIST HOSPITAL AZLE,TX,TARRANT,True,False,Voluntary non-profit - Private,SEP_1,Appropriate care for severe sepsis and septic shock,timely_effective,True,93.0,105.0,2024-10-01,2025-09-30,63.78972712680578,66.54077253218884,0.985228002569043
450148,TEXAS HEALTH HARRIS METHODIST HOSPITAL CLEBURNE,TX,JOHNSON,True,False,Voluntary non-profit - Private,SEP_1,Appropriate care for severe sepsis and septic shock,timely_effective,True,81.0,113.0,2024-10-01,2025-09-30,63.78972712680578,66.54077253218884,0.859666024405909
450779,TEXAS HEALTH HARRIS METHODIST HOSPITAL SOUTHWEST F,TX,TARRANT,True,False,Voluntary non-profit - Private,SEP_1,Appropriate care for severe sepsis and septic shock,timely_effective,True,82.0,199.0,2024-10-01,2025-09-30,63.78972712680578,66.54077253218884,0.877649325626204
450351,TEXAS HEALTH HARRIS METHODIST HOSPITAL STEPHENVILL,TX,ERATH,True,False,Voluntary non-profit - Private,SEP_1,Appropriate care for severe sepsis and septic shock,timely_effective,True,85.0,85.0,2024-10-01,2025-09-30,63.78972712680578,66.54077253218884,0.921644187540141
450639,TEXAS HEALTH HARRIS METHODIST HURST-EULESS-BEDFORD,TX,TARRANT,True,False,Voluntary non-profit - Private,SEP_1,Appropriate care for severe sepsis and septic shock,timely_effective,True,80.0,187.0,2024-10-01,2025-09-30,63.78972712680578,66.54077253218884,0.842324983943481
670260,TEXAS HEALTH HOSPITAL FRISCO,TX,DENTON,True,False,Voluntary non-profit - Private,SEP_1,Appropriate care for severe sepsis and septic shock,timely_effective,True,80.0,119.0,2024-10-01,2025-09-30,63.78972712680578,66.54077253218884,0.842324983943481
670309,TEXAS HEALTH HOSPITAL MANSFIELD,TX,TARRANT,True,False,Voluntary non-profit - Private,SEP_1,Appropriate care for severe sepsis and septic shock,timely_effective,True,90.0,117.0,2024-10-01,2025-09-30,63.78972712680578,66.54077253218884,0.96660244059088
450677,TEXAS HEALTH HUGULEY HOSPITAL FORT WORTH SOUTH,TX,TARRANT,True,False,Voluntary non-profit - Private,SEP_1,Appropriate care for severe sepsis and septic shock,timely_effective,True,76.0,372.0,2024-10-01,2025-09-30,63.78972712680578,66.54077253218884,0.756583172768144
450840,TEXAS HEALTH PRESBYTERIAN HOSPITAL ALLEN,TX,COLLIN,True,False,Voluntary non-profit - Private,SEP_1,Appropriate care for severe sepsis and septic shock,timely_effective,True,74.0,92.0,2024-10-01,2025-09-30,63.78972712680578,66.54077253218884,0.705844572896596
450462,TEXAS HEALTH PRESBYTERIAN HOSPITAL DALLAS,TX,DALLAS,True,False,Voluntary non-profit - Private,SEP_1,Appropriate care for severe sepsis and septic shock,timely_effective,True,72.0,150.0,2024-10-01,2025-09-30,63.78972712680578,66.54077253218884,0.656711624919717
450743,TEXAS HEALTH PRESBYTERIAN HOSPITAL DENTON,TX,DENTON,True,False,Voluntary non-profit - Private,SEP_1,Appropriate care for severe sepsis and septic shock,timely_effective,True,85.0,223.0,2024-10-01,2025-09-30,63.78972712680578,66.54077253218884,0.921644187540141
670068,TEXAS HEALTH PRESBYTERIAN HOSPITAL FLOWER MOUND,TX,DENTON,True,False,Proprietary,SEP_1,Appropriate care for severe sepsis and septic shock,timely_effective,True,78.0,102.0,2024-10-01,2025-09-30,63.78972712680578,66.54077253218884,0.803789338471419
450292,TEXAS HEALTH PRESBYTERIAN HOSPITAL KAUFMAN,TX,KAUFMAN,True,False,Voluntary non-profit - Private,SEP_1,Appropriate care for severe sepsis and septic shock,timely_effective,True,88.0,50.0,2024-10-01,2025-09-30,63.78972712680578,66.54077253218884,0.950545921644187
450771,TEXAS HEALTH PRESBYTERIAN HOSPITAL PLANO,TX,COLLIN,True,False,Voluntary non-profit - Private,SEP_1,Appropriate care for severe sepsis and septic shock,timely_effective,True,72.0,165.0,2024-10-01,2025-09-30,63.78972712680578,66.54077253218884,0.656711624919717
670044,TEXAS HEALTH PRESBYTERIAN HOSPITAL ROCKWALL,TX,ROCKWALL,True,False,Proprietary,SEP_1,Appropriate care for severe sepsis and septic shock,timely_effective,True,72.0,106.0,2024-10-01,2025-09-30,63.78972712680578,66.54077253218884,0.656711624919717
450324,TEXOMA MEDICAL CENTER,TX,GRAYSON,True,False,Proprietary,SEP_1,Appropriate care for severe sepsis and septic shock,timely_effective,True,62.0,138.0,2024-10-01,2025-09-30,63.78972712680578,66.54077253218884,0.403660886319846
450893,THE HEART HOSPITAL BAYLOR DENTON,TX,DENTON,True,False,Physician,SEP_1,Appropriate care for severe sepsis and septic shock,timely_effective,True,62.0,16.0,2024-10-01,2025-09-30,63.78972712680578,66.54077253218884,0.403660886319846
670047,THE HOSPITALS OF PROVIDENCE - EAST CAMPUS,TX,EL PASO,True,False,Proprietary,SEP_1,Appropriate care for severe sepsis and septic shock,timely_effective,True,46.0,202.0,2024-10-01,2025-09-30,63.78972712680578,66.54077253218884,0.128452151573539
450002,THE HOSPITALS OF PROVIDENCE - MEMORIAL CAMPUS,TX,EL PASO,True,False,Proprietary,SEP_1,Appropriate care for severe sepsis and septic shock,timely_effective,True,53.0,108.0,2024-10-01,2025-09-30,63.78972712680578,66.54077253218884,0.221579961464355
670124,THE HOSPITALS OF PROVIDENCE HORIZON CITY CAMPUS,TX,EL PASO,True,False,Proprietary,SEP_1,Appropriate care for severe sepsis and septic shock,timely_effective,True,77.0,31.0,2024-10-01,2025-09-30,63.78972712680578,66.54077253218884,0.784842646114322
670120,THE HOSPITALS OF PROVIDENCE TRANSMOUNTAIN CAMPUS,TX,EL PASO,True,False,Proprietary,SEP_1,Appropriate care for severe sepsis and septic shock,timely_effective,True,50.0,129.0,2024-10-01,2025-09-30,63.78972712680578,66.54077253218884,0.177263969171484
450518,THE MEDICAL CENTER OF SOUTHEAST TEXAS,TX,JEFFERSON,True,False,Physician,SEP_1,Appropriate care for severe sepsis and septic shock,timely_effective,True,35.0,109.0,2024-10-01,2025-09-30,63.78972712680578,66.54077253218884,0.0452793834296724
450080,TITUS REGIONAL MEDICAL CENTER,TX,TITUS,True,False,Government - Hospital District or Authority,SEP_1,Appropriate care for severe sepsis and septic shock,timely_effective,True,72.0,64.0,2024-10-01,2025-09-30,63.78972712680578,66.54077253218884,0.656711624919717
450010,UNITED REGIONAL HEALTH CARE SYSTEM,TX,WICHITA,True,False,Voluntary non-profit - Private,SEP_1,Appropriate care for severe sepsis and septic shock,timely_effective,True,69.0,625.0,2024-10-01,2025-09-30,63.78972712680578,66.54077253218884,0.580282594733462
450213,UNIVERSITY HEALTH SYSTEM,TX,BEXAR,True,False,Government - Hospital District or Authority,SEP_1,Appropriate care for severe sepsis and septic shock,timely_effective,True,82.0,712.0,2024-10-01,2025-09-30,63.78972712680578,66.54077253218884,0.877649325626204
450686,UNIVERSITY MEDICAL CENTER,TX,LUBBOCK,True,False,Government - Hospital District or Authority,SEP_1,Appropriate care for severe sepsis and septic shock,timely_effective,True,36.0,207.0,2024-10-01,2025-09-30,63.78972712680578,66.54077253218884,0.050417469492614
450024,UNIVERSITY MEDICAL CENTER OF EL PASO,TX,EL PASO,True,False,Physician,SEP_1,Appropriate care for severe sepsis and septic shock,timely_effective,True,62.0,181.0,2024-10-01,2025-09-30,63.78972712680578,66.54077253218884,0.403660886319846
450690,UNIVERSITY OF TEXAS HEALTH SCIENCE CENTER AT TYLER,TX,SMITH,True,False,Government - State,SEP_1,Appropriate care for severe sepsis and septic shock,timely_effective,True,77.0,30.0,2024-10-01,2025-09-30,63.78972712680578,66.54077253218884,0.784842646114322
450018,UNIVERSITY OF TEXAS MEDICAL BRANCH GALVESTON,TX,GALVESTON,True,True,Government - State,SEP_1,Appropriate care for severe sepsis and septic shock,timely_effective,True,35.0,99.0,2024-10-01,2025-09-30,63.78972712680578,66.54077253218884,0.0452793834296724
450872,USMD HOSPITAL AT ARLINGTON L P,TX,TARRANT,True,False,Physician,SEP_1,Appropriate care for severe sepsis and septic shock,timely_effective,True,63.0,27.0,2024-10-01,2025-09-30,63.78972712680578,66.54077253218884,0.428387925497752
450389,UT HEALTH EAST TEXAS ATHENS HOSPITAL,TX,HENDERSON,True,False,Proprietary,SEP_1,Appropriate care for severe sepsis and septic shock,timely_effective,True,80.0,229.0,2024-10-01,2025-09-30,63.78972712680578,66.54077253218884,0.842324983943481
450210,UT HEALTH EAST TEXAS CARTHAGE HOSPITAL,TX,PANOLA,True,False,Proprietary,SEP_1,Appropriate care for severe sepsis and septic shock,timely_effective,True,50.0,14.0,2024-10-01,2025-09-30,63.78972712680578,66.54077253218884,0.177263969171484
450475,UT HEALTH EAST TEXAS HENDERSON HOSPITAL,TX,RUSK,True,False,Proprietary,SEP_1,Appropriate care for severe sepsis and septic shock,timely_effective,True,87.0,52.0,2024-10-01,2025-09-30,63.78972712680578,66.54077253218884,0.944123314065511
450194,UT HEALTH EAST TEXAS JACKSONVILLE HOSPITAL,TX,CHEROKEE,True,False,Proprietary,SEP_1,Appropriate care for severe sepsis and septic shock,timely_effective,True,69.0,51.0,2024-10-01,2025-09-30,63.78972712680578,66.54077253218884,0.580282594733462
451367,UT HEALTH EAST TEXAS PITTSBURG HOSPITAL,TX,CAMP,True,False,Proprietary,SEP_1,Appropriate care for severe sepsis and septic shock,timely_effective,True,87.0,23.0,2024-10-01,2025-09-30,63.78972712680578,66.54077253218884,0.944123314065511
451380,UT HEALTH EAST TEXAS QUITMAN HOSPITAL,TX,WOOD,True,False,Voluntary non-profit - Other,SEP_1,Appropriate care for severe sepsis and septic shock,timely_effective,True,67.0,21.0,2024-10-01,2025-09-30,63.78972712680578,66.54077253218884,0.528259473346179
450083,UT HEALTH EAST TEXAS TYLER REGIONAL HOSPITAL,TX,SMITH,True,False,Proprietary,SEP_1,Appropriate care for severe sepsis and septic shock,timely_effective,True,75.0,580.0,2024-10-01,2025-09-30,63.78972712680578,66.54077253218884,0.732819524727039
670335,UT HEALTH SAN ANTONIO MULTISPECIALTY & RESEARCH HO,TX,BEXAR,True,False,Government - State,SEP_1,Appropriate care for severe sepsis and septic shock,timely_effective,True,85.0,39.0,2024-10-01,2025-09-30,63.78972712680578,66.54077253218884,0.921644187540141
450044,UT OF TEXAS  SOUTHWESTERN UNIVERSITY HOSPITAL - WILLIAM P. CLEMENTS JR.,TX,DALLAS,True,False,Government - State,SEP_1,Appropriate care for severe sepsis and septic shock,timely_effective,True,42.0,302.0,2024-10-01,2025-09-30,63.78972712680578,66.54077253218884,0.0899165061014772
451387,UVALDE MEMORIAL HOSPITAL,TX,UVALDE,True,False,Government - Hospital District or Authority,SEP_1,Appropriate care for severe sepsis and septic shock,timely_effective,True,80.0,71.0,2024-10-01,2025-09-30,63.78972712680578,66.54077253218884,0.842324983943481
450154,VAL VERDE REGIONAL MEDICAL CENTER,TX,VAL VERDE,True,False,Government - Hospital District or Authority,SEP_1,Appropriate care for severe sepsis and septic shock,timely_effective,True,62.0,108.0,2024-10-01,2025-09-30,63.78972712680578,66.54077253218884,0.403660886319846
450028,VALLEY BAPTIST MEDICAL CENTER- BROWNSVILLE,TX,CAMERON,True,False,Proprietary,SEP_1,Appropriate care for severe sepsis and septic shock,timely_effective,True,56.0,126.0,2024-10-01,2025-09-30,63.78972712680578,66.54077253218884,0.276172125883109
450662,VALLEY REGIONAL MEDICAL CENTER,TX,CAMERON,True,False,Proprietary,SEP_1,Appropriate care for severe sepsis and septic shock,timely_effective,True,67.0,196.0,2024-10-01,2025-09-30,63.78972712680578,66.54077253218884,0.528259473346179
450033,VHS HARLINGEN HOSPITAL COMPANY LLC,TX,CAMERON,True,False,Proprietary,SEP_1,Appropriate care for severe sepsis and septic shock,timely_effective,True,55.0,106.0,2024-10-01,2025-09-30,63.78972712680578,66.54077253218884,0.257546563904945
670333,WESTOVER HILLS BAPTIST HOSPITAL,TX,BEXAR,True,False,Proprietary,SEP_1,Appropriate care for severe sepsis and septic shock,timely_effective,True,73.0,52.0,2024-10-01,2025-09-30,63.78972712680578,66.54077253218884,0.682723185613359
450678,WHITE ROCK MEDICAL CENTER,TX,DALLAS,True,False,Proprietary,SEP_1,Appropriate care for severe sepsis and septic shock,timely_effective,True,15.0,41.0,2024-10-01,2025-09-30,63.78972712680578,66.54077253218884,0.0061014771997431
450584,WILBARGER GENERAL HOSPITAL,TX,WILBARGER,True,False,Government - Hospital District or Authority,SEP_1,Appropriate care for severe sepsis and septic shock,timely_effective,True,17.0,93.0,2024-10-01,2025-09-30,63.78972712680578,66.54077253218884,0.00738599871547848
45068F,William Beaumont AMG (FT Bliss),TX,EL PASO,True,False,Department of Defense,SEP_1,Appropriate care for severe sepsis and septic shock,timely_effective,True,46.0,54.0,2024-10-01,2025-09-30,63.78972712680578,66.54077253218884,0.128452151573539
450469,WILSON N JONES REGIONAL MEDICAL CENTER,TX,GRAYSON,True,False,Proprietary,SEP_1,Appropriate care for severe sepsis and septic shock,timely_effective,True,56.0,100.0,2024-10-01,2025-09-30,63.78972712680578,66.54077253218884,0.276172125883109
450674,"WOMANS HOSPITAL OF TEXAS,THE",TX,HARRIS,True,True,Proprietary,SEP_1,Appropriate care for severe sepsis and septic shock,timely_effective,True,83.0,84.0,2024-10-01,2025-09-30,63.78972712680578,66.54077253218884,0.890815671162492
450484,WOODLAND HEIGHTS MEDICAL CENTER,TX,ANGELINA,True,False,Proprietary,SEP_1,Appropriate care for severe sepsis and septic shock,timely_effective,True,40.0,176.0,2024-10-01,2025-09-30,63.78972712680578,66.54077253218884,0.0745022479126525
451346,YOAKUM COMMUNITY HOSPITAL,TX,LAVACA,True,False,Voluntary non-profit - Private,SEP_1,Appropriate care for severe sepsis and septic shock,timely_effective,True,80.0,20.0,2024-10-01,2025-09-30,63.78972712680578,66.54077253218884,0.842324983943481
