facility_id,facility_name,county,is_houston_area,hospital_ownership,measure_id,measure_name,top_box_pct,completed_surveys
670102,"AD HOSPITAL EAST, LLC",HARRIS,True,Proprietary,H_CLEAN_HSP_A_P,"Patients who reported that their room and bathroom were ""Always"" clean — Room was ""always"" clean",78.0,71.0
670102,"AD HOSPITAL EAST, LLC",HARRIS,True,Proprietary,H_COMP_1_A_P,"Patients who reported that their nurses ""Always"" communicated well — Nurses ""always"" communicated well",76.0,71.0
670102,"AD HOSPITAL EAST, LLC",HARRIS,True,Proprietary,H_COMP_2_A_P,"Patients who reported that their doctors ""Always"" communicated well — Doctors ""always"" communicated well",78.0,71.0
670102,"AD HOSPITAL EAST, LLC",HARRIS,True,Proprietary,H_COMP_5_A_P,"Patients who reported that staff ""Always"" explained about medicines before giving it to them — Staff ""always"" explained",55.0,71.0
670102,"AD HOSPITAL EAST, LLC",HARRIS,True,Proprietary,H_COMP_6_Y_P,"Patients who reported that YES, they were given information about what to do during their recovery at home — Yes, staff ""did"" give patients this information",74.0,71.0
670102,"AD HOSPITAL EAST, LLC",HARRIS,True,Proprietary,H_HSP_RATING_9_10,"Patients who gave their hospital a rating of 9 or 10 on a scale from 0 (lowest) to 10 (highest) — Patients who gave a rating of ""9"" or ""10"" (high)",60.0,71.0
670102,"AD HOSPITAL EAST, LLC",HARRIS,True,Proprietary,H_QUIET_HSP_A_P,"Patients who reported that the area around their room was ""Always"" quiet at night — ""Always"" quiet at night",65.0,71.0
670102,"AD HOSPITAL EAST, LLC",HARRIS,True,Proprietary,H_RECMND_DY,"Patients who reported YES, they would definitely recommend the hospital — ""YES"", patients would definitely recommend the hospital",64.0,71.0
450152,ADVENTHEALTH CENTRAL TEXAS,BELL,False,Voluntary non-profit - Church,H_CLEAN_HSP_A_P,"Patients who reported that their room and bathroom were ""Always"" clean — Room was ""always"" clean",78.0,492.0
450152,ADVENTHEALTH CENTRAL TEXAS,BELL,False,Voluntary non-profit - Church,H_COMP_1_A_P,"Patients who reported that their nurses ""Always"" communicated well — Nurses ""always"" communicated well",81.0,492.0
450152,ADVENTHEALTH CENTRAL TEXAS,BELL,False,Voluntary non-profit - Church,H_COMP_2_A_P,"Patients who reported that their doctors ""Always"" communicated well — Doctors ""always"" communicated well",81.0,492.0
450152,ADVENTHEALTH CENTRAL TEXAS,BELL,False,Voluntary non-profit - Church,H_COMP_5_A_P,"Patients who reported that staff ""Always"" explained about medicines before giving it to them — Staff ""always"" explained",65.0,492.0
450152,ADVENTHEALTH CENTRAL TEXAS,BELL,False,Voluntary non-profit - Church,H_COMP_6_Y_P,"Patients who reported that YES, they were given information about what to do during their recovery at home — Yes, staff ""did"" give patients this information",89.0,492.0
450152,ADVENTHEALTH CENTRAL TEXAS,BELL,False,Voluntary non-profit - Church,H_HSP_RATING_9_10,"Patients who gave their hospital a rating of 9 or 10 on a scale from 0 (lowest) to 10 (highest) — Patients who gave a rating of ""9"" or ""10"" (high)",76.0,492.0
450152,ADVENTHEALTH CENTRAL TEXAS,BELL,False,Voluntary non-profit - Church,H_QUIET_HSP_A_P,"Patients who reported that the area around their room was ""Always"" quiet at night — ""Always"" quiet at night",61.0,492.0
450152,ADVENTHEALTH CENTRAL TEXAS,BELL,False,Voluntary non-profit - Church,H_RECMND_DY,"Patients who reported YES, they would definitely recommend the hospital — ""YES"", patients would definitely recommend the hospital",68.0,492.0
451323,ADVENTHEALTH ROLLINS BROOK,LAMPASAS,False,Voluntary non-profit - Church,H_CLEAN_HSP_A_P,"Patients who reported that their room and bathroom were ""Always"" clean — Room was ""always"" clean",89.0,44.0
451323,ADVENTHEALTH ROLLINS BROOK,LAMPASAS,False,Voluntary non-profit - Church,H_COMP_1_A_P,"Patients who reported that their nurses ""Always"" communicated well — Nurses ""always"" communicated well",96.0,44.0
451323,ADVENTHEALTH ROLLINS BROOK,LAMPASAS,False,Voluntary non-profit - Church,H_COMP_2_A_P,"Patients who reported that their doctors ""Always"" communicated well — Doctors ""always"" communicated well",96.0,44.0
451323,ADVENTHEALTH ROLLINS BROOK,LAMPASAS,False,Voluntary non-profit - Church,H_COMP_5_A_P,"Patients who reported that staff ""Always"" explained about medicines before giving it to them — Staff ""always"" explained",75.0,44.0
451323,ADVENTHEALTH ROLLINS BROOK,LAMPASAS,False,Voluntary non-profit - Church,H_COMP_6_Y_P,"Patients who reported that YES, they were given information about what to do during their recovery at home — Yes, staff ""did"" give patients this information",93.0,44.0
451323,ADVENTHEALTH ROLLINS BROOK,LAMPASAS,False,Voluntary non-profit - Church,H_HSP_RATING_9_10,"Patients who gave their hospital a rating of 9 or 10 on a scale from 0 (lowest) to 10 (highest) — Patients who gave a rating of ""9"" or ""10"" (high)",90.0,44.0
451323,ADVENTHEALTH ROLLINS BROOK,LAMPASAS,False,Voluntary non-profit - Church,H_QUIET_HSP_A_P,"Patients who reported that the area around their room was ""Always"" quiet at night — ""Always"" quiet at night",73.0,44.0
451323,ADVENTHEALTH ROLLINS BROOK,LAMPASAS,False,Voluntary non-profit - Church,H_RECMND_DY,"Patients who reported YES, they would definitely recommend the hospital — ""YES"", patients would definitely recommend the hospital",89.0,44.0
670134,ALTUS LUMBERTON HOSPITAL,HARDIN,False,Proprietary,H_CLEAN_HSP_A_P,"Patients who reported that their room and bathroom were ""Always"" clean — Room was ""always"" clean",91.0,51.0
670134,ALTUS LUMBERTON HOSPITAL,HARDIN,False,Proprietary,H_COMP_1_A_P,"Patients who reported that their nurses ""Always"" communicated well — Nurses ""always"" communicated well",93.0,51.0
670134,ALTUS LUMBERTON HOSPITAL,HARDIN,False,Proprietary,H_COMP_2_A_P,"Patients who reported that their doctors ""Always"" communicated well — Doctors ""always"" communicated well",93.0,51.0
670134,ALTUS LUMBERTON HOSPITAL,HARDIN,False,Proprietary,H_COMP_5_A_P,"Patients who reported that staff ""Always"" explained about medicines before giving it to them — Staff ""always"" explained",78.0,51.0
670134,ALTUS LUMBERTON HOSPITAL,HARDIN,False,Proprietary,H_COMP_6_Y_P,"Patients who reported that YES, they were given information about what to do during their recovery at home — Yes, staff ""did"" give patients this information",90.0,51.0
670134,ALTUS LUMBERTON HOSPITAL,HARDIN,False,Proprietary,H_HSP_RATING_9_10,"Patients who gave their hospital a rating of 9 or 10 on a scale from 0 (lowest) to 10 (highest) — Patients who gave a rating of ""9"" or ""10"" (high)",91.0,51.0
670134,ALTUS LUMBERTON HOSPITAL,HARDIN,False,Proprietary,H_QUIET_HSP_A_P,"Patients who reported that the area around their room was ""Always"" quiet at night — ""Always"" quiet at night",94.0,51.0
670134,ALTUS LUMBERTON HOSPITAL,HARDIN,False,Proprietary,H_RECMND_DY,"Patients who reported YES, they would definitely recommend the hospital — ""YES"", patients would definitely recommend the hospital",89.0,51.0
670056,ASCENSION  SETON HAYS,HAYS,False,Voluntary non-profit - Private,H_CLEAN_HSP_A_P,"Patients who reported that their room and bathroom were ""Always"" clean — Room was ""always"" clean",71.0,504.0
670056,ASCENSION  SETON HAYS,HAYS,False,Voluntary non-profit - Private,H_COMP_1_A_P,"Patients who reported that their nurses ""Always"" communicated well — Nurses ""always"" communicated well",74.0,504.0
670056,ASCENSION  SETON HAYS,HAYS,False,Voluntary non-profit - Private,H_COMP_2_A_P,"Patients who reported that their doctors ""Always"" communicated well — Doctors ""always"" communicated well",76.0,504.0
670056,ASCENSION  SETON HAYS,HAYS,False,Voluntary non-profit - Private,H_COMP_5_A_P,"Patients who reported that staff ""Always"" explained about medicines before giving it to them — Staff ""always"" explained",59.0,504.0
670056,ASCENSION  SETON HAYS,HAYS,False,Voluntary non-profit - Private,H_COMP_6_Y_P,"Patients who reported that YES, they were given information about what to do during their recovery at home — Yes, staff ""did"" give patients this information",86.0,504.0
670056,ASCENSION  SETON HAYS,HAYS,False,Voluntary non-profit - Private,H_HSP_RATING_9_10,"Patients who gave their hospital a rating of 9 or 10 on a scale from 0 (lowest) to 10 (highest) — Patients who gave a rating of ""9"" or ""10"" (high)",67.0,504.0
670056,ASCENSION  SETON HAYS,HAYS,False,Voluntary non-profit - Private,H_QUIET_HSP_A_P,"Patients who reported that the area around their room was ""Always"" quiet at night — ""Always"" quiet at night",57.0,504.0
670056,ASCENSION  SETON HAYS,HAYS,False,Voluntary non-profit - Private,H_RECMND_DY,"Patients who reported YES, they would definitely recommend the hospital — ""YES"", patients would definitely recommend the hospital",66.0,504.0
450042,ASCENSION PROVIDENCE,MC LENNAN,False,Voluntary non-profit - Private,H_CLEAN_HSP_A_P,"Patients who reported that their room and bathroom were ""Always"" clean — Room was ""always"" clean",67.0,375.0
450042,ASCENSION PROVIDENCE,MC LENNAN,False,Voluntary non-profit - Private,H_COMP_1_A_P,"Patients who reported that their nurses ""Always"" communicated well — Nurses ""always"" communicated well",75.0,375.0
450042,ASCENSION PROVIDENCE,MC LENNAN,False,Voluntary non-profit - Private,H_COMP_2_A_P,"Patients who reported that their doctors ""Always"" communicated well — Doctors ""always"" communicated well",79.0,375.0
450042,ASCENSION PROVIDENCE,MC LENNAN,False,Voluntary non-profit - Private,H_COMP_5_A_P,"Patients who reported that staff ""Always"" explained about medicines before giving it to them — Staff ""always"" explained",59.0,375.0
450042,ASCENSION PROVIDENCE,MC LENNAN,False,Voluntary non-profit - Private,H_COMP_6_Y_P,"Patients who reported that YES, they were given information about what to do during their recovery at home — Yes, staff ""did"" give patients this information",86.0,375.0
450042,ASCENSION PROVIDENCE,MC LENNAN,False,Voluntary non-profit - Private,H_HSP_RATING_9_10,"Patients who gave their hospital a rating of 9 or 10 on a scale from 0 (lowest) to 10 (highest) — Patients who gave a rating of ""9"" or ""10"" (high)",70.0,375.0
450042,ASCENSION PROVIDENCE,MC LENNAN,False,Voluntary non-profit - Private,H_QUIET_HSP_A_P,"Patients who reported that the area around their room was ""Always"" quiet at night — ""Always"" quiet at night",60.0,375.0
450042,ASCENSION PROVIDENCE,MC LENNAN,False,Voluntary non-profit - Private,H_RECMND_DY,"Patients who reported YES, they would definitely recommend the hospital — ""YES"", patients would definitely recommend the hospital",69.0,375.0
450865,ASCENSION SETON  SOUTHWEST,HAYS,False,Voluntary non-profit - Private,H_CLEAN_HSP_A_P,"Patients who reported that their room and bathroom were ""Always"" clean — Room was ""always"" clean",79.0,66.0
450865,ASCENSION SETON  SOUTHWEST,HAYS,False,Voluntary non-profit - Private,H_COMP_1_A_P,"Patients who reported that their nurses ""Always"" communicated well — Nurses ""always"" communicated well",89.0,66.0
450865,ASCENSION SETON  SOUTHWEST,HAYS,False,Voluntary non-profit - Private,H_COMP_2_A_P,"Patients who reported that their doctors ""Always"" communicated well — Doctors ""always"" communicated well",83.0,66.0
450865,ASCENSION SETON  SOUTHWEST,HAYS,False,Voluntary non-profit - Private,H_COMP_5_A_P,"Patients who reported that staff ""Always"" explained about medicines before giving it to them — Staff ""always"" explained",77.0,66.0
450865,ASCENSION SETON  SOUTHWEST,HAYS,False,Voluntary non-profit - Private,H_COMP_6_Y_P,"Patients who reported that YES, they were given information about what to do during their recovery at home — Yes, staff ""did"" give patients this information",89.0,66.0
450865,ASCENSION SETON  SOUTHWEST,HAYS,False,Voluntary non-profit - Private,H_HSP_RATING_9_10,"Patients who gave their hospital a rating of 9 or 10 on a scale from 0 (lowest) to 10 (highest) — Patients who gave a rating of ""9"" or ""10"" (high)",83.0,66.0
450865,ASCENSION SETON  SOUTHWEST,HAYS,False,Voluntary non-profit - Private,H_QUIET_HSP_A_P,"Patients who reported that the area around their room was ""Always"" quiet at night — ""Always"" quiet at night",69.0,66.0
450865,ASCENSION SETON  SOUTHWEST,HAYS,False,Voluntary non-profit - Private,H_RECMND_DY,"Patients who reported YES, they would definitely recommend the hospital — ""YES"", patients would definitely recommend the hospital",86.0,66.0
670043,ASCENSION SETON CEDAR PARK,WILLIAMSON,False,Voluntary non-profit - Private,H_CLEAN_HSP_A_P,"Patients who reported that their room and bathroom were ""Always"" clean — Room was ""always"" clean",72.0,401.0
670043,ASCENSION SETON CEDAR PARK,WILLIAMSON,False,Voluntary non-profit - Private,H_COMP_1_A_P,"Patients who reported that their nurses ""Always"" communicated well — Nurses ""always"" communicated well",73.0,401.0
670043,ASCENSION SETON CEDAR PARK,WILLIAMSON,False,Voluntary non-profit - Private,H_COMP_2_A_P,"Patients who reported that their doctors ""Always"" communicated well — Doctors ""always"" communicated well",77.0,401.0
670043,ASCENSION SETON CEDAR PARK,WILLIAMSON,False,Voluntary non-profit - Private,H_COMP_5_A_P,"Patients who reported that staff ""Always"" explained about medicines before giving it to them — Staff ""always"" explained",55.0,401.0
670043,ASCENSION SETON CEDAR PARK,WILLIAMSON,False,Voluntary non-profit - Private,H_COMP_6_Y_P,"Patients who reported that YES, they were given information about what to do during their recovery at home — Yes, staff ""did"" give patients this information",79.0,401.0
670043,ASCENSION SETON CEDAR PARK,WILLIAMSON,False,Voluntary non-profit - Private,H_HSP_RATING_9_10,"Patients who gave their hospital a rating of 9 or 10 on a scale from 0 (lowest) to 10 (highest) — Patients who gave a rating of ""9"" or ""10"" (high)",63.0,401.0
670043,ASCENSION SETON CEDAR PARK,WILLIAMSON,False,Voluntary non-profit - Private,H_QUIET_HSP_A_P,"Patients who reported that the area around their room was ""Always"" quiet at night — ""Always"" quiet at night",52.0,401.0
670043,ASCENSION SETON CEDAR PARK,WILLIAMSON,False,Voluntary non-profit - Private,H_RECMND_DY,"Patients who reported YES, they would definitely recommend the hospital — ""YES"", patients would definitely recommend the hospital",61.0,401.0
450056,ASCENSION SETON MEDICAL CENTER AUSTIN,TRAVIS,False,Voluntary non-profit - Private,H_CLEAN_HSP_A_P,"Patients who reported that their room and bathroom were ""Always"" clean — Room was ""always"" clean",66.0,447.0
450056,ASCENSION SETON MEDICAL CENTER AUSTIN,TRAVIS,False,Voluntary non-profit - Private,H_COMP_1_A_P,"Patients who reported that their nurses ""Always"" communicated well — Nurses ""always"" communicated well",76.0,447.0
450056,ASCENSION SETON MEDICAL CENTER AUSTIN,TRAVIS,False,Voluntary non-profit - Private,H_COMP_2_A_P,"Patients who reported that their doctors ""Always"" communicated well — Doctors ""always"" communicated well",76.0,447.0
450056,ASCENSION SETON MEDICAL CENTER AUSTIN,TRAVIS,False,Voluntary non-profit - Private,H_COMP_5_A_P,"Patients who reported that staff ""Always"" explained about medicines before giving it to them — Staff ""always"" explained",56.0,447.0
450056,ASCENSION SETON MEDICAL CENTER AUSTIN,TRAVIS,False,Voluntary non-profit - Private,H_COMP_6_Y_P,"Patients who reported that YES, they were given information about what to do during their recovery at home — Yes, staff ""did"" give patients this information",83.0,447.0
450056,ASCENSION SETON MEDICAL CENTER AUSTIN,TRAVIS,False,Voluntary non-profit - Private,H_HSP_RATING_9_10,"Patients who gave their hospital a rating of 9 or 10 on a scale from 0 (lowest) to 10 (highest) — Patients who gave a rating of ""9"" or ""10"" (high)",65.0,447.0
450056,ASCENSION SETON MEDICAL CENTER AUSTIN,TRAVIS,False,Voluntary non-profit - Private,H_QUIET_HSP_A_P,"Patients who reported that the area around their room was ""Always"" quiet at night — ""Always"" quiet at night",50.0,447.0
450056,ASCENSION SETON MEDICAL CENTER AUSTIN,TRAVIS,False,Voluntary non-profit - Private,H_RECMND_DY,"Patients who reported YES, they would definitely recommend the hospital — ""YES"", patients would definitely recommend the hospital",67.0,447.0
450867,ASCENSION SETON NORTHWEST,TRAVIS,False,Voluntary non-profit - Private,H_CLEAN_HSP_A_P,"Patients who reported that their room and bathroom were ""Always"" clean — Room was ""always"" clean",77.0,524.0
450867,ASCENSION SETON NORTHWEST,TRAVIS,False,Voluntary non-profit - Private,H_COMP_1_A_P,"Patients who reported that their nurses ""Always"" communicated well — Nurses ""always"" communicated well",76.0,524.0
450867,ASCENSION SETON NORTHWEST,TRAVIS,False,Voluntary non-profit - Private,H_COMP_2_A_P,"Patients who reported that their doctors ""Always"" communicated well — Doctors ""always"" communicated well",77.0,524.0
450867,ASCENSION SETON NORTHWEST,TRAVIS,False,Voluntary non-profit - Private,H_COMP_5_A_P,"Patients who reported that staff ""Always"" explained about medicines before giving it to them — Staff ""always"" explained",57.0,524.0
450867,ASCENSION SETON NORTHWEST,TRAVIS,False,Voluntary non-profit - Private,H_COMP_6_Y_P,"Patients who reported that YES, they were given information about what to do during their recovery at home — Yes, staff ""did"" give patients this information",83.0,524.0
450867,ASCENSION SETON NORTHWEST,TRAVIS,False,Voluntary non-profit - Private,H_HSP_RATING_9_10,"Patients who gave their hospital a rating of 9 or 10 on a scale from 0 (lowest) to 10 (highest) — Patients who gave a rating of ""9"" or ""10"" (high)",71.0,524.0
450867,ASCENSION SETON NORTHWEST,TRAVIS,False,Voluntary non-profit - Private,H_QUIET_HSP_A_P,"Patients who reported that the area around their room was ""Always"" quiet at night — ""Always"" quiet at night",61.0,524.0
450867,ASCENSION SETON NORTHWEST,TRAVIS,False,Voluntary non-profit - Private,H_RECMND_DY,"Patients who reported YES, they would definitely recommend the hospital — ""YES"", patients would definitely recommend the hospital",70.0,524.0
670041,ASCENSION SETON WILLIAMSON,WILLIAMSON,False,Voluntary non-profit - Private,H_CLEAN_HSP_A_P,"Patients who reported that their room and bathroom were ""Always"" clean — Room was ""always"" clean",67.0,459.0
670041,ASCENSION SETON WILLIAMSON,WILLIAMSON,False,Voluntary non-profit - Private,H_COMP_1_A_P,"Patients who reported that their nurses ""Always"" communicated well — Nurses ""always"" communicated well",74.0,459.0
670041,ASCENSION SETON WILLIAMSON,WILLIAMSON,False,Voluntary non-profit - Private,H_COMP_2_A_P,"Patients who reported that their doctors ""Always"" communicated well — Doctors ""always"" communicated well",75.0,459.0
670041,ASCENSION SETON WILLIAMSON,WILLIAMSON,False,Voluntary non-profit - Private,H_COMP_5_A_P,"Patients who reported that staff ""Always"" explained about medicines before giving it to them — Staff ""always"" explained",57.0,459.0
670041,ASCENSION SETON WILLIAMSON,WILLIAMSON,False,Voluntary non-profit - Private,H_COMP_6_Y_P,"Patients who reported that YES, they were given information about what to do during their recovery at home — Yes, staff ""did"" give patients this information",84.0,459.0
670041,ASCENSION SETON WILLIAMSON,WILLIAMSON,False,Voluntary non-profit - Private,H_HSP_RATING_9_10,"Patients who gave their hospital a rating of 9 or 10 on a scale from 0 (lowest) to 10 (highest) — Patients who gave a rating of ""9"" or ""10"" (high)",70.0,459.0
670041,ASCENSION SETON WILLIAMSON,WILLIAMSON,False,Voluntary non-profit - Private,H_QUIET_HSP_A_P,"Patients who reported that the area around their room was ""Always"" quiet at night — ""Always"" quiet at night",54.0,459.0
670041,ASCENSION SETON WILLIAMSON,WILLIAMSON,False,Voluntary non-profit - Private,H_RECMND_DY,"Patients who reported YES, they would definitely recommend the hospital — ""YES"", patients would definitely recommend the hospital",71.0,459.0
450346,BAPTIST BEAUMONT HOSPITAL,JEFFERSON,False,Voluntary non-profit - Private,H_CLEAN_HSP_A_P,"Patients who reported that their room and bathroom were ""Always"" clean — Room was ""always"" clean",65.0,1200.0
450346,BAPTIST BEAUMONT HOSPITAL,JEFFERSON,False,Voluntary non-profit - Private,H_COMP_1_A_P,"Patients who reported that their nurses ""Always"" communicated well — Nurses ""always"" communicated well",75.0,1200.0
450346,BAPTIST BEAUMONT HOSPITAL,JEFFERSON,False,Voluntary non-profit - Private,H_COMP_2_A_P,"Patients who reported that their doctors ""Always"" communicated well — Doctors ""always"" communicated well",73.0,1200.0
450346,BAPTIST BEAUMONT HOSPITAL,JEFFERSON,False,Voluntary non-profit - Private,H_COMP_5_A_P,"Patients who reported that staff ""Always"" explained about medicines before giving it to them — Staff ""always"" explained",60.0,1200.0
450346,BAPTIST BEAUMONT HOSPITAL,JEFFERSON,False,Voluntary non-profit - Private,H_COMP_6_Y_P,"Patients who reported that YES, they were given information about what to do during their recovery at home — Yes, staff ""did"" give patients this information",85.0,1200.0
450346,BAPTIST BEAUMONT HOSPITAL,JEFFERSON,False,Voluntary non-profit - Private,H_HSP_RATING_9_10,"Patients who gave their hospital a rating of 9 or 10 on a scale from 0 (lowest) to 10 (highest) — Patients who gave a rating of ""9"" or ""10"" (high)",69.0,1200.0
450346,BAPTIST BEAUMONT HOSPITAL,JEFFERSON,False,Voluntary non-profit - Private,H_QUIET_HSP_A_P,"Patients who reported that the area around their room was ""Always"" quiet at night — ""Always"" quiet at night",63.0,1200.0
450346,BAPTIST BEAUMONT HOSPITAL,JEFFERSON,False,Voluntary non-profit - Private,H_RECMND_DY,"Patients who reported YES, they would definitely recommend the hospital — ""YES"", patients would definitely recommend the hospital",71.0,1200.0
450058,BAPTIST MEDICAL CENTER,BEXAR,False,Proprietary,H_CLEAN_HSP_A_P,"Patients who reported that their room and bathroom were ""Always"" clean — Room was ""always"" clean",67.0,3690.0
450058,BAPTIST MEDICAL CENTER,BEXAR,False,Proprietary,H_COMP_1_A_P,"Patients who reported that their nurses ""Always"" communicated well — Nurses ""always"" communicated well",75.0,3690.0
450058,BAPTIST MEDICAL CENTER,BEXAR,False,Proprietary,H_COMP_2_A_P,"Patients who reported that their doctors ""Always"" communicated well — Doctors ""always"" communicated well",75.0,3690.0
450058,BAPTIST MEDICAL CENTER,BEXAR,False,Proprietary,H_COMP_5_A_P,"Patients who reported that staff ""Always"" explained about medicines before giving it to them — Staff ""always"" explained",58.0,3690.0
450058,BAPTIST MEDICAL CENTER,BEXAR,False,Proprietary,H_COMP_6_Y_P,"Patients who reported that YES, they were given information about what to do during their recovery at home — Yes, staff ""did"" give patients this information",83.0,3690.0
450058,BAPTIST MEDICAL CENTER,BEXAR,False,Proprietary,H_HSP_RATING_9_10,"Patients who gave their hospital a rating of 9 or 10 on a scale from 0 (lowest) to 10 (highest) — Patients who gave a rating of ""9"" or ""10"" (high)",66.0,3690.0
450058,BAPTIST MEDICAL CENTER,BEXAR,False,Proprietary,H_QUIET_HSP_A_P,"Patients who reported that the area around their room was ""Always"" quiet at night — ""Always"" quiet at night",56.0,3690.0
450058,BAPTIST MEDICAL CENTER,BEXAR,False,Proprietary,H_RECMND_DY,"Patients who reported YES, they would definitely recommend the hospital — ""YES"", patients would definitely recommend the hospital",64.0,3690.0
670078,BAPTIST NEIGHBORHOOD HOSPITAL THOUSAND OAKS,BEXAR,False,Proprietary,H_CLEAN_HSP_A_P,"Patients who reported that their room and bathroom were ""Always"" clean — Room was ""always"" clean",80.0,274.0
670078,BAPTIST NEIGHBORHOOD HOSPITAL THOUSAND OAKS,BEXAR,False,Proprietary,H_COMP_1_A_P,"Patients who reported that their nurses ""Always"" communicated well — Nurses ""always"" communicated well",83.0,274.0
670078,BAPTIST NEIGHBORHOOD HOSPITAL THOUSAND OAKS,BEXAR,False,Proprietary,H_COMP_2_A_P,"Patients who reported that their doctors ""Always"" communicated well — Doctors ""always"" communicated well",80.0,274.0
670078,BAPTIST NEIGHBORHOOD HOSPITAL THOUSAND OAKS,BEXAR,False,Proprietary,H_COMP_5_A_P,"Patients who reported that staff ""Always"" explained about medicines before giving it to them — Staff ""always"" explained",74.0,274.0
670078,BAPTIST NEIGHBORHOOD HOSPITAL THOUSAND OAKS,BEXAR,False,Proprietary,H_COMP_6_Y_P,"Patients who reported that YES, they were given information about what to do during their recovery at home — Yes, staff ""did"" give patients this information",90.0,274.0
670078,BAPTIST NEIGHBORHOOD HOSPITAL THOUSAND OAKS,BEXAR,False,Proprietary,H_HSP_RATING_9_10,"Patients who gave their hospital a rating of 9 or 10 on a scale from 0 (lowest) to 10 (highest) — Patients who gave a rating of ""9"" or ""10"" (high)",82.0,274.0
670078,BAPTIST NEIGHBORHOOD HOSPITAL THOUSAND OAKS,BEXAR,False,Proprietary,H_QUIET_HSP_A_P,"Patients who reported that the area around their room was ""Always"" quiet at night — ""Always"" quiet at night",85.0,274.0
670078,BAPTIST NEIGHBORHOOD HOSPITAL THOUSAND OAKS,BEXAR,False,Proprietary,H_RECMND_DY,"Patients who reported YES, they would definitely recommend the hospital — ""YES"", patients would definitely recommend the hospital",79.0,274.0
450883,BAYLOR MEDICAL CENTER AT TROPHY CLUB,DENTON,False,Proprietary,H_CLEAN_HSP_A_P,"Patients who reported that their room and bathroom were ""Always"" clean — Room was ""always"" clean",69.0,112.0
450883,BAYLOR MEDICAL CENTER AT TROPHY CLUB,DENTON,False,Proprietary,H_COMP_1_A_P,"Patients who reported that their nurses ""Always"" communicated well — Nurses ""always"" communicated well",73.0,112.0
450883,BAYLOR MEDICAL CENTER AT TROPHY CLUB,DENTON,False,Proprietary,H_COMP_2_A_P,"Patients who reported that their doctors ""Always"" communicated well — Doctors ""always"" communicated well",81.0,112.0
450883,BAYLOR MEDICAL CENTER AT TROPHY CLUB,DENTON,False,Proprietary,H_COMP_5_A_P,"Patients who reported that staff ""Always"" explained about medicines before giving it to them — Staff ""always"" explained",55.0,112.0
450883,BAYLOR MEDICAL CENTER AT TROPHY CLUB,DENTON,False,Proprietary,H_COMP_6_Y_P,"Patients who reported that YES, they were given information about what to do during their recovery at home — Yes, staff ""did"" give patients this information",85.0,112.0
450883,BAYLOR MEDICAL CENTER AT TROPHY CLUB,DENTON,False,Proprietary,H_HSP_RATING_9_10,"Patients who gave their hospital a rating of 9 or 10 on a scale from 0 (lowest) to 10 (highest) — Patients who gave a rating of ""9"" or ""10"" (high)",67.0,112.0
450883,BAYLOR MEDICAL CENTER AT TROPHY CLUB,DENTON,False,Proprietary,H_QUIET_HSP_A_P,"Patients who reported that the area around their room was ""Always"" quiet at night — ""Always"" quiet at night",65.0,112.0
450883,BAYLOR MEDICAL CENTER AT TROPHY CLUB,DENTON,False,Proprietary,H_RECMND_DY,"Patients who reported YES, they would definitely recommend the hospital — ""YES"", patients would definitely recommend the hospital",69.0,112.0
450885,BAYLOR SCOTT &  WHITE MEDICAL CENTER - CENTENNIAL,COLLIN,False,Voluntary non-profit - Private,H_CLEAN_HSP_A_P,"Patients who reported that their room and bathroom were ""Always"" clean — Room was ""always"" clean",78.0,482.0
450885,BAYLOR SCOTT &  WHITE MEDICAL CENTER - CENTENNIAL,COLLIN,False,Voluntary non-profit - Private,H_COMP_1_A_P,"Patients who reported that their nurses ""Always"" communicated well — Nurses ""always"" communicated well",81.0,482.0
450885,BAYLOR SCOTT &  WHITE MEDICAL CENTER - CENTENNIAL,COLLIN,False,Voluntary non-profit - Private,H_COMP_2_A_P,"Patients who reported that their doctors ""Always"" communicated well — Doctors ""always"" communicated well",80.0,482.0
450885,BAYLOR SCOTT &  WHITE MEDICAL CENTER - CENTENNIAL,COLLIN,False,Voluntary non-profit - Private,H_COMP_5_A_P,"Patients who reported that staff ""Always"" explained about medicines before giving it to them — Staff ""always"" explained",66.0,482.0
450885,BAYLOR SCOTT &  WHITE MEDICAL CENTER - CENTENNIAL,COLLIN,False,Voluntary non-profit - Private,H_COMP_6_Y_P,"Patients who reported that YES, they were given information about what to do during their recovery at home — Yes, staff ""did"" give patients this information",88.0,482.0
450885,BAYLOR SCOTT &  WHITE MEDICAL CENTER - CENTENNIAL,COLLIN,False,Voluntary non-profit - Private,H_HSP_RATING_9_10,"Patients who gave their hospital a rating of 9 or 10 on a scale from 0 (lowest) to 10 (highest) — Patients who gave a rating of ""9"" or ""10"" (high)",78.0,482.0
450885,BAYLOR SCOTT &  WHITE MEDICAL CENTER - CENTENNIAL,COLLIN,False,Voluntary non-profit - Private,H_QUIET_HSP_A_P,"Patients who reported that the area around their room was ""Always"" quiet at night — ""Always"" quiet at night",70.0,482.0
450885,BAYLOR SCOTT &  WHITE MEDICAL CENTER - CENTENNIAL,COLLIN,False,Voluntary non-profit - Private,H_RECMND_DY,"Patients who reported YES, they would definitely recommend the hospital — ""YES"", patients would definitely recommend the hospital",78.0,482.0
670062,BAYLOR SCOTT & WHITE EMERGENCY HOSPITAL,DENTON,False,Proprietary,H_CLEAN_HSP_A_P,"Patients who reported that their room and bathroom were ""Always"" clean — Room was ""always"" clean",76.0,91.0
670062,BAYLOR SCOTT & WHITE EMERGENCY HOSPITAL,DENTON,False,Proprietary,H_COMP_1_A_P,"Patients who reported that their nurses ""Always"" communicated well — Nurses ""always"" communicated well",89.0,91.0
670062,BAYLOR SCOTT & WHITE EMERGENCY HOSPITAL,DENTON,False,Proprietary,H_COMP_2_A_P,"Patients who reported that their doctors ""Always"" communicated well — Doctors ""always"" communicated well",86.0,91.0
670062,BAYLOR SCOTT & WHITE EMERGENCY HOSPITAL,DENTON,False,Proprietary,H_COMP_5_A_P,"Patients who reported that staff ""Always"" explained about medicines before giving it to them — Staff ""always"" explained",66.0,91.0
670062,BAYLOR SCOTT & WHITE EMERGENCY HOSPITAL,DENTON,False,Proprietary,H_COMP_6_Y_P,"Patients who reported that YES, they were given information about what to do during their recovery at home — Yes, staff ""did"" give patients this information",88.0,91.0
670062,BAYLOR SCOTT & WHITE EMERGENCY HOSPITAL,DENTON,False,Proprietary,H_HSP_RATING_9_10,"Patients who gave their hospital a rating of 9 or 10 on a scale from 0 (lowest) to 10 (highest) — Patients who gave a rating of ""9"" or ""10"" (high)",73.0,91.0
670062,BAYLOR SCOTT & WHITE EMERGENCY HOSPITAL,DENTON,False,Proprietary,H_QUIET_HSP_A_P,"Patients who reported that the area around their room was ""Always"" quiet at night — ""Always"" quiet at night",83.0,91.0
670062,BAYLOR SCOTT & WHITE EMERGENCY HOSPITAL,DENTON,False,Proprietary,H_RECMND_DY,"Patients who reported YES, they would definitely recommend the hospital — ""YES"", patients would definitely recommend the hospital",67.0,91.0
450851,BAYLOR SCOTT & WHITE HEART & VASCULAR HOSPITAL - DALLAS,DALLAS,False,Proprietary,H_CLEAN_HSP_A_P,"Patients who reported that their room and bathroom were ""Always"" clean — Room was ""always"" clean",83.0,647.0
450851,BAYLOR SCOTT & WHITE HEART & VASCULAR HOSPITAL - DALLAS,DALLAS,False,Proprietary,H_COMP_1_A_P,"Patients who reported that their nurses ""Always"" communicated well — Nurses ""always"" communicated well",87.0,647.0
450851,BAYLOR SCOTT & WHITE HEART & VASCULAR HOSPITAL - DALLAS,DALLAS,False,Proprietary,H_COMP_2_A_P,"Patients who reported that their doctors ""Always"" communicated well — Doctors ""always"" communicated well",84.0,647.0
450851,BAYLOR SCOTT & WHITE HEART & VASCULAR HOSPITAL - DALLAS,DALLAS,False,Proprietary,H_COMP_5_A_P,"Patients who reported that staff ""Always"" explained about medicines before giving it to them — Staff ""always"" explained",71.0,647.0
450851,BAYLOR SCOTT & WHITE HEART & VASCULAR HOSPITAL - DALLAS,DALLAS,False,Proprietary,H_COMP_6_Y_P,"Patients who reported that YES, they were given information about what to do during their recovery at home — Yes, staff ""did"" give patients this information",89.0,647.0
450851,BAYLOR SCOTT & WHITE HEART & VASCULAR HOSPITAL - DALLAS,DALLAS,False,Proprietary,H_HSP_RATING_9_10,"Patients who gave their hospital a rating of 9 or 10 on a scale from 0 (lowest) to 10 (highest) — Patients who gave a rating of ""9"" or ""10"" (high)",84.0,647.0
450851,BAYLOR SCOTT & WHITE HEART & VASCULAR HOSPITAL - DALLAS,DALLAS,False,Proprietary,H_QUIET_HSP_A_P,"Patients who reported that the area around their room was ""Always"" quiet at night — ""Always"" quiet at night",66.0,647.0
450851,BAYLOR SCOTT & WHITE HEART & VASCULAR HOSPITAL - DALLAS,DALLAS,False,Proprietary,H_RECMND_DY,"Patients who reported YES, they would definitely recommend the hospital — ""YES"", patients would definitely recommend the hospital",87.0,647.0
450563,BAYLOR SCOTT & WHITE MEDICAL CENTER  GRAPEVINE,TARRANT,False,Voluntary non-profit - Private,H_CLEAN_HSP_A_P,"Patients who reported that their room and bathroom were ""Always"" clean — Room was ""always"" clean",75.0,1448.0
450563,BAYLOR SCOTT & WHITE MEDICAL CENTER  GRAPEVINE,TARRANT,False,Voluntary non-profit - Private,H_COMP_1_A_P,"Patients who reported that their nurses ""Always"" communicated well — Nurses ""always"" communicated well",80.0,1448.0
450563,BAYLOR SCOTT & WHITE MEDICAL CENTER  GRAPEVINE,TARRANT,False,Voluntary non-profit - Private,H_COMP_2_A_P,"Patients who reported that their doctors ""Always"" communicated well — Doctors ""always"" communicated well",78.0,1448.0
450563,BAYLOR SCOTT & WHITE MEDICAL CENTER  GRAPEVINE,TARRANT,False,Voluntary non-profit - Private,H_COMP_5_A_P,"Patients who reported that staff ""Always"" explained about medicines before giving it to them — Staff ""always"" explained",62.0,1448.0
450563,BAYLOR SCOTT & WHITE MEDICAL CENTER  GRAPEVINE,TARRANT,False,Voluntary non-profit - Private,H_COMP_6_Y_P,"Patients who reported that YES, they were given information about what to do during their recovery at home — Yes, staff ""did"" give patients this information",87.0,1448.0
450563,BAYLOR SCOTT & WHITE MEDICAL CENTER  GRAPEVINE,TARRANT,False,Voluntary non-profit - Private,H_HSP_RATING_9_10,"Patients who gave their hospital a rating of 9 or 10 on a scale from 0 (lowest) to 10 (highest) — Patients who gave a rating of ""9"" or ""10"" (high)",77.0,1448.0
450563,BAYLOR SCOTT & WHITE MEDICAL CENTER  GRAPEVINE,TARRANT,False,Voluntary non-profit - Private,H_QUIET_HSP_A_P,"Patients who reported that the area around their room was ""Always"" quiet at night — ""Always"" quiet at night",61.0,1448.0
450563,BAYLOR SCOTT & WHITE MEDICAL CENTER  GRAPEVINE,TARRANT,False,Voluntary non-profit - Private,H_RECMND_DY,"Patients who reported YES, they would definitely recommend the hospital — ""YES"", patients would definitely recommend the hospital",79.0,1448.0
670131,BAYLOR SCOTT & WHITE MEDICAL CENTER - BUDA,HAYS,False,Voluntary non-profit - Private,H_CLEAN_HSP_A_P,"Patients who reported that their room and bathroom were ""Always"" clean — Room was ""always"" clean",89.0,57.0
670131,BAYLOR SCOTT & WHITE MEDICAL CENTER - BUDA,HAYS,False,Voluntary non-profit - Private,H_COMP_1_A_P,"Patients who reported that their nurses ""Always"" communicated well — Nurses ""always"" communicated well",90.0,57.0
670131,BAYLOR SCOTT & WHITE MEDICAL CENTER - BUDA,HAYS,False,Voluntary non-profit - Private,H_COMP_2_A_P,"Patients who reported that their doctors ""Always"" communicated well — Doctors ""always"" communicated well",82.0,57.0
670131,BAYLOR SCOTT & WHITE MEDICAL CENTER - BUDA,HAYS,False,Voluntary non-profit - Private,H_COMP_5_A_P,"Patients who reported that staff ""Always"" explained about medicines before giving it to them — Staff ""always"" explained",62.0,57.0
670131,BAYLOR SCOTT & WHITE MEDICAL CENTER - BUDA,HAYS,False,Voluntary non-profit - Private,H_COMP_6_Y_P,"Patients who reported that YES, they were given information about what to do during their recovery at home — Yes, staff ""did"" give patients this information",92.0,57.0
670131,BAYLOR SCOTT & WHITE MEDICAL CENTER - BUDA,HAYS,False,Voluntary non-profit - Private,H_HSP_RATING_9_10,"Patients who gave their hospital a rating of 9 or 10 on a scale from 0 (lowest) to 10 (highest) — Patients who gave a rating of ""9"" or ""10"" (high)",91.0,57.0
670131,BAYLOR SCOTT & WHITE MEDICAL CENTER - BUDA,HAYS,False,Voluntary non-profit - Private,H_QUIET_HSP_A_P,"Patients who reported that the area around their room was ""Always"" quiet at night — ""Always"" quiet at night",81.0,57.0
670131,BAYLOR SCOTT & WHITE MEDICAL CENTER - BUDA,HAYS,False,Voluntary non-profit - Private,H_RECMND_DY,"Patients who reported YES, they would definitely recommend the hospital — ""YES"", patients would definitely recommend the hospital",88.0,57.0
450853,BAYLOR SCOTT & WHITE MEDICAL CENTER - FRISCO,DENTON,False,Proprietary,H_CLEAN_HSP_A_P,"Patients who reported that their room and bathroom were ""Always"" clean — Room was ""always"" clean",77.0,247.0
450853,BAYLOR SCOTT & WHITE MEDICAL CENTER - FRISCO,DENTON,False,Proprietary,H_COMP_1_A_P,"Patients who reported that their nurses ""Always"" communicated well — Nurses ""always"" communicated well",79.0,247.0
450853,BAYLOR SCOTT & WHITE MEDICAL CENTER - FRISCO,DENTON,False,Proprietary,H_COMP_2_A_P,"Patients who reported that their doctors ""Always"" communicated well — Doctors ""always"" communicated well",82.0,247.0
450853,BAYLOR SCOTT & WHITE MEDICAL CENTER - FRISCO,DENTON,False,Proprietary,H_COMP_5_A_P,"Patients who reported that staff ""Always"" explained about medicines before giving it to them — Staff ""always"" explained",63.0,247.0
450853,BAYLOR SCOTT & WHITE MEDICAL CENTER - FRISCO,DENTON,False,Proprietary,H_COMP_6_Y_P,"Patients who reported that YES, they were given information about what to do during their recovery at home — Yes, staff ""did"" give patients this information",85.0,247.0
450853,BAYLOR SCOTT & WHITE MEDICAL CENTER - FRISCO,DENTON,False,Proprietary,H_HSP_RATING_9_10,"Patients who gave their hospital a rating of 9 or 10 on a scale from 0 (lowest) to 10 (highest) — Patients who gave a rating of ""9"" or ""10"" (high)",79.0,247.0
450853,BAYLOR SCOTT & WHITE MEDICAL CENTER - FRISCO,DENTON,False,Proprietary,H_QUIET_HSP_A_P,"Patients who reported that the area around their room was ""Always"" quiet at night — ""Always"" quiet at night",68.0,247.0
450853,BAYLOR SCOTT & WHITE MEDICAL CENTER - FRISCO,DENTON,False,Proprietary,H_RECMND_DY,"Patients who reported YES, they would definitely recommend the hospital — ""YES"", patients would definitely recommend the hospital",76.0,247.0
670108,BAYLOR SCOTT & WHITE MEDICAL CENTER - MARBLE FALLS,BURNET,False,Voluntary non-profit - Private,H_CLEAN_HSP_A_P,"Patients who reported that their room and bathroom were ""Always"" clean — Room was ""always"" clean",85.0,483.0
670108,BAYLOR SCOTT & WHITE MEDICAL CENTER - MARBLE FALLS,BURNET,False,Voluntary non-profit - Private,H_COMP_1_A_P,"Patients who reported that their nurses ""Always"" communicated well — Nurses ""always"" communicated well",83.0,483.0
670108,BAYLOR SCOTT & WHITE MEDICAL CENTER - MARBLE FALLS,BURNET,False,Voluntary non-profit - Private,H_COMP_2_A_P,"Patients who reported that their doctors ""Always"" communicated well — Doctors ""always"" communicated well",81.0,483.0
670108,BAYLOR SCOTT & WHITE MEDICAL CENTER - MARBLE FALLS,BURNET,False,Voluntary non-profit - Private,H_COMP_5_A_P,"Patients who reported that staff ""Always"" explained about medicines before giving it to them — Staff ""always"" explained",73.0,483.0
670108,BAYLOR SCOTT & WHITE MEDICAL CENTER - MARBLE FALLS,BURNET,False,Voluntary non-profit - Private,H_COMP_6_Y_P,"Patients who reported that YES, they were given information about what to do during their recovery at home — Yes, staff ""did"" give patients this information",92.0,483.0
670108,BAYLOR SCOTT & WHITE MEDICAL CENTER - MARBLE FALLS,BURNET,False,Voluntary non-profit - Private,H_HSP_RATING_9_10,"Patients who gave their hospital a rating of 9 or 10 on a scale from 0 (lowest) to 10 (highest) — Patients who gave a rating of ""9"" or ""10"" (high)",77.0,483.0
670108,BAYLOR SCOTT & WHITE MEDICAL CENTER - MARBLE FALLS,BURNET,False,Voluntary non-profit - Private,H_QUIET_HSP_A_P,"Patients who reported that the area around their room was ""Always"" quiet at night — ""Always"" quiet at night",70.0,483.0
670108,BAYLOR SCOTT & WHITE MEDICAL CENTER - MARBLE FALLS,BURNET,False,Voluntary non-profit - Private,H_RECMND_DY,"Patients who reported YES, they would definitely recommend the hospital — ""YES"", patients would definitely recommend the hospital",79.0,483.0
670034,BAYLOR SCOTT & WHITE MEDICAL CENTER - ROUND ROCK,WILLIAMSON,False,Voluntary non-profit - Private,H_CLEAN_HSP_A_P,"Patients who reported that their room and bathroom were ""Always"" clean — Room was ""always"" clean",77.0,1793.0
670034,BAYLOR SCOTT & WHITE MEDICAL CENTER - ROUND ROCK,WILLIAMSON,False,Voluntary non-profit - Private,H_COMP_1_A_P,"Patients who reported that their nurses ""Always"" communicated well — Nurses ""always"" communicated well",80.0,1793.0
670034,BAYLOR SCOTT & WHITE MEDICAL CENTER - ROUND ROCK,WILLIAMSON,False,Voluntary non-profit - Private,H_COMP_2_A_P,"Patients who reported that their doctors ""Always"" communicated well — Doctors ""always"" communicated well",79.0,1793.0
670034,BAYLOR SCOTT & WHITE MEDICAL CENTER - ROUND ROCK,WILLIAMSON,False,Voluntary non-profit - Private,H_COMP_5_A_P,"Patients who reported that staff ""Always"" explained about medicines before giving it to them — Staff ""always"" explained",62.0,1793.0
670034,BAYLOR SCOTT & WHITE MEDICAL CENTER - ROUND ROCK,WILLIAMSON,False,Voluntary non-profit - Private,H_COMP_6_Y_P,"Patients who reported that YES, they were given information about what to do during their recovery at home — Yes, staff ""did"" give patients this information",88.0,1793.0
670034,BAYLOR SCOTT & WHITE MEDICAL CENTER - ROUND ROCK,WILLIAMSON,False,Voluntary non-profit - Private,H_HSP_RATING_9_10,"Patients who gave their hospital a rating of 9 or 10 on a scale from 0 (lowest) to 10 (highest) — Patients who gave a rating of ""9"" or ""10"" (high)",76.0,1793.0
670034,BAYLOR SCOTT & WHITE MEDICAL CENTER - ROUND ROCK,WILLIAMSON,False,Voluntary non-profit - Private,H_QUIET_HSP_A_P,"Patients who reported that the area around their room was ""Always"" quiet at night — ""Always"" quiet at night",61.0,1793.0
670034,BAYLOR SCOTT & WHITE MEDICAL CENTER - ROUND ROCK,WILLIAMSON,False,Voluntary non-profit - Private,H_RECMND_DY,"Patients who reported YES, they would definitely recommend the hospital — ""YES"", patients would definitely recommend the hospital",77.0,1793.0
450054,BAYLOR SCOTT & WHITE MEDICAL CENTER - TEMPLE,BELL,False,Voluntary non-profit - Private,H_CLEAN_HSP_A_P,"Patients who reported that their room and bathroom were ""Always"" clean — Room was ""always"" clean",72.0,2016.0
450054,BAYLOR SCOTT & WHITE MEDICAL CENTER - TEMPLE,BELL,False,Voluntary non-profit - Private,H_COMP_1_A_P,"Patients who reported that their nurses ""Always"" communicated well — Nurses ""always"" communicated well",79.0,2016.0
450054,BAYLOR SCOTT & WHITE MEDICAL CENTER - TEMPLE,BELL,False,Voluntary non-profit - Private,H_COMP_2_A_P,"Patients who reported that their doctors ""Always"" communicated well — Doctors ""always"" communicated well",79.0,2016.0
450054,BAYLOR SCOTT & WHITE MEDICAL CENTER - TEMPLE,BELL,False,Voluntary non-profit - Private,H_COMP_5_A_P,"Patients who reported that staff ""Always"" explained about medicines before giving it to them — Staff ""always"" explained",61.0,2016.0
450054,BAYLOR SCOTT & WHITE MEDICAL CENTER - TEMPLE,BELL,False,Voluntary non-profit - Private,H_COMP_6_Y_P,"Patients who reported that YES, they were given information about what to do during their recovery at home — Yes, staff ""did"" give patients this information",88.0,2016.0
450054,BAYLOR SCOTT & WHITE MEDICAL CENTER - TEMPLE,BELL,False,Voluntary non-profit - Private,H_HSP_RATING_9_10,"Patients who gave their hospital a rating of 9 or 10 on a scale from 0 (lowest) to 10 (highest) — Patients who gave a rating of ""9"" or ""10"" (high)",74.0,2016.0
450054,BAYLOR SCOTT & WHITE MEDICAL CENTER - TEMPLE,BELL,False,Voluntary non-profit - Private,H_QUIET_HSP_A_P,"Patients who reported that the area around their room was ""Always"" quiet at night — ""Always"" quiet at night",56.0,2016.0
450054,BAYLOR SCOTT & WHITE MEDICAL CENTER - TEMPLE,BELL,False,Voluntary non-profit - Private,H_RECMND_DY,"Patients who reported YES, they would definitely recommend the hospital — ""YES"", patients would definitely recommend the hospital",74.0,2016.0
451374,BAYLOR SCOTT & WHITE MEDICAL CENTER -TAYLOR,WILLIAMSON,False,Voluntary non-profit - Private,H_CLEAN_HSP_A_P,"Patients who reported that their room and bathroom were ""Always"" clean — Room was ""always"" clean",83.0,55.0
451374,BAYLOR SCOTT & WHITE MEDICAL CENTER -TAYLOR,WILLIAMSON,False,Voluntary non-profit - Private,H_COMP_1_A_P,"Patients who reported that their nurses ""Always"" communicated well — Nurses ""always"" communicated well",87.0,55.0
451374,BAYLOR SCOTT & WHITE MEDICAL CENTER -TAYLOR,WILLIAMSON,False,Voluntary non-profit - Private,H_COMP_2_A_P,"Patients who reported that their doctors ""Always"" communicated well — Doctors ""always"" communicated well",88.0,55.0
451374,BAYLOR SCOTT & WHITE MEDICAL CENTER -TAYLOR,WILLIAMSON,False,Voluntary non-profit - Private,H_COMP_5_A_P,"Patients who reported that staff ""Always"" explained about medicines before giving it to them — Staff ""always"" explained",77.0,55.0
451374,BAYLOR SCOTT & WHITE MEDICAL CENTER -TAYLOR,WILLIAMSON,False,Voluntary non-profit - Private,H_COMP_6_Y_P,"Patients who reported that YES, they were given information about what to do during their recovery at home — Yes, staff ""did"" give patients this information",89.0,55.0
451374,BAYLOR SCOTT & WHITE MEDICAL CENTER -TAYLOR,WILLIAMSON,False,Voluntary non-profit - Private,H_HSP_RATING_9_10,"Patients who gave their hospital a rating of 9 or 10 on a scale from 0 (lowest) to 10 (highest) — Patients who gave a rating of ""9"" or ""10"" (high)",73.0,55.0
451374,BAYLOR SCOTT & WHITE MEDICAL CENTER -TAYLOR,WILLIAMSON,False,Voluntary non-profit - Private,H_QUIET_HSP_A_P,"Patients who reported that the area around their room was ""Always"" quiet at night — ""Always"" quiet at night",75.0,55.0
451374,BAYLOR SCOTT & WHITE MEDICAL CENTER -TAYLOR,WILLIAMSON,False,Voluntary non-profit - Private,H_RECMND_DY,"Patients who reported YES, they would definitely recommend the hospital — ""YES"", patients would definitely recommend the hospital",73.0,55.0
450079,BAYLOR SCOTT & WHITE MEDICAL CENTER AT IRVING,DALLAS,False,Voluntary non-profit - Private,H_CLEAN_HSP_A_P,"Patients who reported that their room and bathroom were ""Always"" clean — Room was ""always"" clean",77.0,821.0
450079,BAYLOR SCOTT & WHITE MEDICAL CENTER AT IRVING,DALLAS,False,Voluntary non-profit - Private,H_COMP_1_A_P,"Patients who reported that their nurses ""Always"" communicated well — Nurses ""always"" communicated well",79.0,821.0
450079,BAYLOR SCOTT & WHITE MEDICAL CENTER AT IRVING,DALLAS,False,Voluntary non-profit - Private,H_COMP_2_A_P,"Patients who reported that their doctors ""Always"" communicated well — Doctors ""always"" communicated well",78.0,821.0
450079,BAYLOR SCOTT & WHITE MEDICAL CENTER AT IRVING,DALLAS,False,Voluntary non-profit - Private,H_COMP_5_A_P,"Patients who reported that staff ""Always"" explained about medicines before giving it to them — Staff ""always"" explained",61.0,821.0
450079,BAYLOR SCOTT & WHITE MEDICAL CENTER AT IRVING,DALLAS,False,Voluntary non-profit - Private,H_COMP_6_Y_P,"Patients who reported that YES, they were given information about what to do during their recovery at home — Yes, staff ""did"" give patients this information",87.0,821.0
450079,BAYLOR SCOTT & WHITE MEDICAL CENTER AT IRVING,DALLAS,False,Voluntary non-profit - Private,H_HSP_RATING_9_10,"Patients who gave their hospital a rating of 9 or 10 on a scale from 0 (lowest) to 10 (highest) — Patients who gave a rating of ""9"" or ""10"" (high)",75.0,821.0
450079,BAYLOR SCOTT & WHITE MEDICAL CENTER AT IRVING,DALLAS,False,Voluntary non-profit - Private,H_QUIET_HSP_A_P,"Patients who reported that the area around their room was ""Always"" quiet at night — ""Always"" quiet at night",65.0,821.0
450079,BAYLOR SCOTT & WHITE MEDICAL CENTER AT IRVING,DALLAS,False,Voluntary non-profit - Private,H_RECMND_DY,"Patients who reported YES, they would definitely recommend the hospital — ""YES"", patients would definitely recommend the hospital",78.0,821.0
450101,BAYLOR SCOTT & WHITE MEDICAL CENTER HILLCREST,MC LENNAN,False,Voluntary non-profit - Private,H_CLEAN_HSP_A_P,"Patients who reported that their room and bathroom were ""Always"" clean — Room was ""always"" clean",75.0,1536.0
450101,BAYLOR SCOTT & WHITE MEDICAL CENTER HILLCREST,MC LENNAN,False,Voluntary non-profit - Private,H_COMP_1_A_P,"Patients who reported that their nurses ""Always"" communicated well — Nurses ""always"" communicated well",82.0,1536.0
450101,BAYLOR SCOTT & WHITE MEDICAL CENTER HILLCREST,MC LENNAN,False,Voluntary non-profit - Private,H_COMP_2_A_P,"Patients who reported that their doctors ""Always"" communicated well — Doctors ""always"" communicated well",82.0,1536.0
450101,BAYLOR SCOTT & WHITE MEDICAL CENTER HILLCREST,MC LENNAN,False,Voluntary non-profit - Private,H_COMP_5_A_P,"Patients who reported that staff ""Always"" explained about medicines before giving it to them — Staff ""always"" explained",64.0,1536.0
450101,BAYLOR SCOTT & WHITE MEDICAL CENTER HILLCREST,MC LENNAN,False,Voluntary non-profit - Private,H_COMP_6_Y_P,"Patients who reported that YES, they were given information about what to do during their recovery at home — Yes, staff ""did"" give patients this information",89.0,1536.0
450101,BAYLOR SCOTT & WHITE MEDICAL CENTER HILLCREST,MC LENNAN,False,Voluntary non-profit - Private,H_HSP_RATING_9_10,"Patients who gave their hospital a rating of 9 or 10 on a scale from 0 (lowest) to 10 (highest) — Patients who gave a rating of ""9"" or ""10"" (high)",78.0,1536.0
450101,BAYLOR SCOTT & WHITE MEDICAL CENTER HILLCREST,MC LENNAN,False,Voluntary non-profit - Private,H_QUIET_HSP_A_P,"Patients who reported that the area around their room was ""Always"" quiet at night — ""Always"" quiet at night",66.0,1536.0
450101,BAYLOR SCOTT & WHITE MEDICAL CENTER HILLCREST,MC LENNAN,False,Voluntary non-profit - Private,H_RECMND_DY,"Patients who reported YES, they would definitely recommend the hospital — ""YES"", patients would definitely recommend the hospital",78.0,1536.0
670128,BAYLOR SCOTT & WHITE MEDICAL CENTER PFLUGERVILLE,TRAVIS,False,Voluntary non-profit - Private,H_CLEAN_HSP_A_P,"Patients who reported that their room and bathroom were ""Always"" clean — Room was ""always"" clean",78.0,162.0
670128,BAYLOR SCOTT & WHITE MEDICAL CENTER PFLUGERVILLE,TRAVIS,False,Voluntary non-profit - Private,H_COMP_1_A_P,"Patients who reported that their nurses ""Always"" communicated well — Nurses ""always"" communicated well",82.0,162.0
670128,BAYLOR SCOTT & WHITE MEDICAL CENTER PFLUGERVILLE,TRAVIS,False,Voluntary non-profit - Private,H_COMP_2_A_P,"Patients who reported that their doctors ""Always"" communicated well — Doctors ""always"" communicated well",84.0,162.0
670128,BAYLOR SCOTT & WHITE MEDICAL CENTER PFLUGERVILLE,TRAVIS,False,Voluntary non-profit - Private,H_COMP_5_A_P,"Patients who reported that staff ""Always"" explained about medicines before giving it to them — Staff ""always"" explained",68.0,162.0
670128,BAYLOR SCOTT & WHITE MEDICAL CENTER PFLUGERVILLE,TRAVIS,False,Voluntary non-profit - Private,H_COMP_6_Y_P,"Patients who reported that YES, they were given information about what to do during their recovery at home — Yes, staff ""did"" give patients this information",89.0,162.0
670128,BAYLOR SCOTT & WHITE MEDICAL CENTER PFLUGERVILLE,TRAVIS,False,Voluntary non-profit - Private,H_HSP_RATING_9_10,"Patients who gave their hospital a rating of 9 or 10 on a scale from 0 (lowest) to 10 (highest) — Patients who gave a rating of ""9"" or ""10"" (high)",78.0,162.0
670128,BAYLOR SCOTT & WHITE MEDICAL CENTER PFLUGERVILLE,TRAVIS,False,Voluntary non-profit - Private,H_QUIET_HSP_A_P,"Patients who reported that the area around their room was ""Always"" quiet at night — ""Always"" quiet at night",63.0,162.0
670128,BAYLOR SCOTT & WHITE MEDICAL CENTER PFLUGERVILLE,TRAVIS,False,Voluntary non-profit - Private,H_RECMND_DY,"Patients who reported YES, they would definitely recommend the hospital — ""YES"", patients would definitely recommend the hospital",75.0,162.0
450890,BAYLOR SCOTT & WHITE MEDICAL CENTER PLANO,COLLIN,False,Voluntary non-profit - Other,H_CLEAN_HSP_A_P,"Patients who reported that their room and bathroom were ""Always"" clean — Room was ""always"" clean",79.0,786.0
450890,BAYLOR SCOTT & WHITE MEDICAL CENTER PLANO,COLLIN,False,Voluntary non-profit - Other,H_COMP_1_A_P,"Patients who reported that their nurses ""Always"" communicated well — Nurses ""always"" communicated well",82.0,786.0
450890,BAYLOR SCOTT & WHITE MEDICAL CENTER PLANO,COLLIN,False,Voluntary non-profit - Other,H_COMP_2_A_P,"Patients who reported that their doctors ""Always"" communicated well — Doctors ""always"" communicated well",81.0,786.0
450890,BAYLOR SCOTT & WHITE MEDICAL CENTER PLANO,COLLIN,False,Voluntary non-profit - Other,H_COMP_5_A_P,"Patients who reported that staff ""Always"" explained about medicines before giving it to them — Staff ""always"" explained",64.0,786.0
450890,BAYLOR SCOTT & WHITE MEDICAL CENTER PLANO,COLLIN,False,Voluntary non-profit - Other,H_COMP_6_Y_P,"Patients who reported that YES, they were given information about what to do during their recovery at home — Yes, staff ""did"" give patients this information",89.0,786.0
450890,BAYLOR SCOTT & WHITE MEDICAL CENTER PLANO,COLLIN,False,Voluntary non-profit - Other,H_HSP_RATING_9_10,"Patients who gave their hospital a rating of 9 or 10 on a scale from 0 (lowest) to 10 (highest) — Patients who gave a rating of ""9"" or ""10"" (high)",81.0,786.0
450890,BAYLOR SCOTT & WHITE MEDICAL CENTER PLANO,COLLIN,False,Voluntary non-profit - Other,H_QUIET_HSP_A_P,"Patients who reported that the area around their room was ""Always"" quiet at night — ""Always"" quiet at night",67.0,786.0
450890,BAYLOR SCOTT & WHITE MEDICAL CENTER PLANO,COLLIN,False,Voluntary non-profit - Other,H_RECMND_DY,"Patients who reported YES, they would definitely recommend the hospital — ""YES"", patients would definitely recommend the hospital",83.0,786.0
670136,BAYLOR SCOTT & WHITE MEDICAL CENTER- AUSTIN,TRAVIS,False,Voluntary non-profit - Private,H_CLEAN_HSP_A_P,"Patients who reported that their room and bathroom were ""Always"" clean — Room was ""always"" clean",74.0,67.0
670136,BAYLOR SCOTT & WHITE MEDICAL CENTER- AUSTIN,TRAVIS,False,Voluntary non-profit - Private,H_COMP_1_A_P,"Patients who reported that their nurses ""Always"" communicated well — Nurses ""always"" communicated well",83.0,67.0
670136,BAYLOR SCOTT & WHITE MEDICAL CENTER- AUSTIN,TRAVIS,False,Voluntary non-profit - Private,H_COMP_2_A_P,"Patients who reported that their doctors ""Always"" communicated well — Doctors ""always"" communicated well",84.0,67.0
670136,BAYLOR SCOTT & WHITE MEDICAL CENTER- AUSTIN,TRAVIS,False,Voluntary non-profit - Private,H_COMP_5_A_P,"Patients who reported that staff ""Always"" explained about medicines before giving it to them — Staff ""always"" explained",69.0,67.0
670136,BAYLOR SCOTT & WHITE MEDICAL CENTER- AUSTIN,TRAVIS,False,Voluntary non-profit - Private,H_COMP_6_Y_P,"Patients who reported that YES, they were given information about what to do during their recovery at home — Yes, staff ""did"" give patients this information",89.0,67.0
670136,BAYLOR SCOTT & WHITE MEDICAL CENTER- AUSTIN,TRAVIS,False,Voluntary non-profit - Private,H_HSP_RATING_9_10,"Patients who gave their hospital a rating of 9 or 10 on a scale from 0 (lowest) to 10 (highest) — Patients who gave a rating of ""9"" or ""10"" (high)",81.0,67.0
670136,BAYLOR SCOTT & WHITE MEDICAL CENTER- AUSTIN,TRAVIS,False,Voluntary non-profit - Private,H_QUIET_HSP_A_P,"Patients who reported that the area around their room was ""Always"" quiet at night — ""Always"" quiet at night",81.0,67.0
670136,BAYLOR SCOTT & WHITE MEDICAL CENTER- AUSTIN,TRAVIS,False,Voluntary non-profit - Private,H_RECMND_DY,"Patients who reported YES, they would definitely recommend the hospital — ""YES"", patients would definitely recommend the hospital",85.0,67.0
670088,BAYLOR SCOTT & WHITE MEDICAL CENTER- COLLEGE STATI,BRAZOS,False,Voluntary non-profit - Private,H_CLEAN_HSP_A_P,"Patients who reported that their room and bathroom were ""Always"" clean — Room was ""always"" clean",80.0,1151.0
670088,BAYLOR SCOTT & WHITE MEDICAL CENTER- COLLEGE STATI,BRAZOS,False,Voluntary non-profit - Private,H_COMP_1_A_P,"Patients who reported that their nurses ""Always"" communicated well — Nurses ""always"" communicated well",82.0,1151.0
670088,BAYLOR SCOTT & WHITE MEDICAL CENTER- COLLEGE STATI,BRAZOS,False,Voluntary non-profit - Private,H_COMP_2_A_P,"Patients who reported that their doctors ""Always"" communicated well — Doctors ""always"" communicated well",82.0,1151.0
670088,BAYLOR SCOTT & WHITE MEDICAL CENTER- COLLEGE STATI,BRAZOS,False,Voluntary non-profit - Private,H_COMP_5_A_P,"Patients who reported that staff ""Always"" explained about medicines before giving it to them — Staff ""always"" explained",67.0,1151.0
670088,BAYLOR SCOTT & WHITE MEDICAL CENTER- COLLEGE STATI,BRAZOS,False,Voluntary non-profit - Private,H_COMP_6_Y_P,"Patients who reported that YES, they were given information about what to do during their recovery at home — Yes, staff ""did"" give patients this information",88.0,1151.0
670088,BAYLOR SCOTT & WHITE MEDICAL CENTER- COLLEGE STATI,BRAZOS,False,Voluntary non-profit - Private,H_HSP_RATING_9_10,"Patients who gave their hospital a rating of 9 or 10 on a scale from 0 (lowest) to 10 (highest) — Patients who gave a rating of ""9"" or ""10"" (high)",80.0,1151.0
670088,BAYLOR SCOTT & WHITE MEDICAL CENTER- COLLEGE STATI,BRAZOS,False,Voluntary non-profit - Private,H_QUIET_HSP_A_P,"Patients who reported that the area around their room was ""Always"" quiet at night — ""Always"" quiet at night",68.0,1151.0
670088,BAYLOR SCOTT & WHITE MEDICAL CENTER- COLLEGE STATI,BRAZOS,False,Voluntary non-profit - Private,H_RECMND_DY,"Patients who reported YES, they would definitely recommend the hospital — ""YES"", patients would definitely recommend the hospital",81.0,1151.0
450372,BAYLOR SCOTT & WHITE MEDICAL CENTER- WAXAHACHIE,ELLIS,False,Voluntary non-profit - Private,H_CLEAN_HSP_A_P,"Patients who reported that their room and bathroom were ""Always"" clean — Room was ""always"" clean",79.0,589.0
450372,BAYLOR SCOTT & WHITE MEDICAL CENTER- WAXAHACHIE,ELLIS,False,Voluntary non-profit - Private,H_COMP_1_A_P,"Patients who reported that their nurses ""Always"" communicated well — Nurses ""always"" communicated well",80.0,589.0
450372,BAYLOR SCOTT & WHITE MEDICAL CENTER- WAXAHACHIE,ELLIS,False,Voluntary non-profit - Private,H_COMP_2_A_P,"Patients who reported that their doctors ""Always"" communicated well — Doctors ""always"" communicated well",78.0,589.0
450372,BAYLOR SCOTT & WHITE MEDICAL CENTER- WAXAHACHIE,ELLIS,False,Voluntary non-profit - Private,H_COMP_5_A_P,"Patients who reported that staff ""Always"" explained about medicines before giving it to them — Staff ""always"" explained",61.0,589.0
450372,BAYLOR SCOTT & WHITE MEDICAL CENTER- WAXAHACHIE,ELLIS,False,Voluntary non-profit - Private,H_COMP_6_Y_P,"Patients who reported that YES, they were given information about what to do during their recovery at home — Yes, staff ""did"" give patients this information",86.0,589.0
450372,BAYLOR SCOTT & WHITE MEDICAL CENTER- WAXAHACHIE,ELLIS,False,Voluntary non-profit - Private,H_HSP_RATING_9_10,"Patients who gave their hospital a rating of 9 or 10 on a scale from 0 (lowest) to 10 (highest) — Patients who gave a rating of ""9"" or ""10"" (high)",75.0,589.0
450372,BAYLOR SCOTT & WHITE MEDICAL CENTER- WAXAHACHIE,ELLIS,False,Voluntary non-profit - Private,H_QUIET_HSP_A_P,"Patients who reported that the area around their room was ""Always"" quiet at night — ""Always"" quiet at night",67.0,589.0
450372,BAYLOR SCOTT & WHITE MEDICAL CENTER- WAXAHACHIE,ELLIS,False,Voluntary non-profit - Private,H_RECMND_DY,"Patients who reported YES, they would definitely recommend the hospital — ""YES"", patients would definitely recommend the hospital",77.0,589.0
450864,BAYLOR SCOTT & WHITE TEXAS SPINE & JOINT HOSPITAL,SMITH,False,Physician,H_CLEAN_HSP_A_P,"Patients who reported that their room and bathroom were ""Always"" clean — Room was ""always"" clean",73.0,404.0
450864,BAYLOR SCOTT & WHITE TEXAS SPINE & JOINT HOSPITAL,SMITH,False,Physician,H_COMP_1_A_P,"Patients who reported that their nurses ""Always"" communicated well — Nurses ""always"" communicated well",86.0,404.0
450864,BAYLOR SCOTT & WHITE TEXAS SPINE & JOINT HOSPITAL,SMITH,False,Physician,H_COMP_2_A_P,"Patients who reported that their doctors ""Always"" communicated well — Doctors ""always"" communicated well",86.0,404.0
450864,BAYLOR SCOTT & WHITE TEXAS SPINE & JOINT HOSPITAL,SMITH,False,Physician,H_COMP_5_A_P,"Patients who reported that staff ""Always"" explained about medicines before giving it to them — Staff ""always"" explained",66.0,404.0
450864,BAYLOR SCOTT & WHITE TEXAS SPINE & JOINT HOSPITAL,SMITH,False,Physician,H_COMP_6_Y_P,"Patients who reported that YES, they were given information about what to do during their recovery at home — Yes, staff ""did"" give patients this information",90.0,404.0
450864,BAYLOR SCOTT & WHITE TEXAS SPINE & JOINT HOSPITAL,SMITH,False,Physician,H_HSP_RATING_9_10,"Patients who gave their hospital a rating of 9 or 10 on a scale from 0 (lowest) to 10 (highest) — Patients who gave a rating of ""9"" or ""10"" (high)",81.0,404.0
450864,BAYLOR SCOTT & WHITE TEXAS SPINE & JOINT HOSPITAL,SMITH,False,Physician,H_QUIET_HSP_A_P,"Patients who reported that the area around their room was ""Always"" quiet at night — ""Always"" quiet at night",70.0,404.0
450864,BAYLOR SCOTT & WHITE TEXAS SPINE & JOINT HOSPITAL,SMITH,False,Physician,H_RECMND_DY,"Patients who reported YES, they would definitely recommend the hospital — ""YES"", patients would definitely recommend the hospital",86.0,404.0
670025,BAYLOR SCOTT & WHITE THE HEART HOSPITAL PLANO,COLLIN,False,Physician,H_CLEAN_HSP_A_P,"Patients who reported that their room and bathroom were ""Always"" clean — Room was ""always"" clean",79.0,2065.0
670025,BAYLOR SCOTT & WHITE THE HEART HOSPITAL PLANO,COLLIN,False,Physician,H_COMP_1_A_P,"Patients who reported that their nurses ""Always"" communicated well — Nurses ""always"" communicated well",84.0,2065.0
670025,BAYLOR SCOTT & WHITE THE HEART HOSPITAL PLANO,COLLIN,False,Physician,H_COMP_2_A_P,"Patients who reported that their doctors ""Always"" communicated well — Doctors ""always"" communicated well",83.0,2065.0
670025,BAYLOR SCOTT & WHITE THE HEART HOSPITAL PLANO,COLLIN,False,Physician,H_COMP_5_A_P,"Patients who reported that staff ""Always"" explained about medicines before giving it to them — Staff ""always"" explained",67.0,2065.0
670025,BAYLOR SCOTT & WHITE THE HEART HOSPITAL PLANO,COLLIN,False,Physician,H_COMP_6_Y_P,"Patients who reported that YES, they were given information about what to do during their recovery at home — Yes, staff ""did"" give patients this information",90.0,2065.0
670025,BAYLOR SCOTT & WHITE THE HEART HOSPITAL PLANO,COLLIN,False,Physician,H_HSP_RATING_9_10,"Patients who gave their hospital a rating of 9 or 10 on a scale from 0 (lowest) to 10 (highest) — Patients who gave a rating of ""9"" or ""10"" (high)",87.0,2065.0
670025,BAYLOR SCOTT & WHITE THE HEART HOSPITAL PLANO,COLLIN,False,Physician,H_QUIET_HSP_A_P,"Patients who reported that the area around their room was ""Always"" quiet at night — ""Always"" quiet at night",70.0,2065.0
670025,BAYLOR SCOTT & WHITE THE HEART HOSPITAL PLANO,COLLIN,False,Physician,H_RECMND_DY,"Patients who reported YES, they would definitely recommend the hospital — ""YES"", patients would definitely recommend the hospital",88.0,2065.0
670082,BAYLOR SCOTT AND WHITE  MEDICAL CENTER  MCKINNEY,COLLIN,False,Voluntary non-profit - Private,H_CLEAN_HSP_A_P,"Patients who reported that their room and bathroom were ""Always"" clean — Room was ""always"" clean",73.0,1263.0
670082,BAYLOR SCOTT AND WHITE  MEDICAL CENTER  MCKINNEY,COLLIN,False,Voluntary non-profit - Private,H_COMP_1_A_P,"Patients who reported that their nurses ""Always"" communicated well — Nurses ""always"" communicated well",79.0,1263.0
670082,BAYLOR SCOTT AND WHITE  MEDICAL CENTER  MCKINNEY,COLLIN,False,Voluntary non-profit - Private,H_COMP_2_A_P,"Patients who reported that their doctors ""Always"" communicated well — Doctors ""always"" communicated well",79.0,1263.0
670082,BAYLOR SCOTT AND WHITE  MEDICAL CENTER  MCKINNEY,COLLIN,False,Voluntary non-profit - Private,H_COMP_5_A_P,"Patients who reported that staff ""Always"" explained about medicines before giving it to them — Staff ""always"" explained",60.0,1263.0
670082,BAYLOR SCOTT AND WHITE  MEDICAL CENTER  MCKINNEY,COLLIN,False,Voluntary non-profit - Private,H_COMP_6_Y_P,"Patients who reported that YES, they were given information about what to do during their recovery at home — Yes, staff ""did"" give patients this information",87.0,1263.0
670082,BAYLOR SCOTT AND WHITE  MEDICAL CENTER  MCKINNEY,COLLIN,False,Voluntary non-profit - Private,H_HSP_RATING_9_10,"Patients who gave their hospital a rating of 9 or 10 on a scale from 0 (lowest) to 10 (highest) — Patients who gave a rating of ""9"" or ""10"" (high)",79.0,1263.0
670082,BAYLOR SCOTT AND WHITE  MEDICAL CENTER  MCKINNEY,COLLIN,False,Voluntary non-profit - Private,H_QUIET_HSP_A_P,"Patients who reported that the area around their room was ""Always"" quiet at night — ""Always"" quiet at night",64.0,1263.0
670082,BAYLOR SCOTT AND WHITE  MEDICAL CENTER  MCKINNEY,COLLIN,False,Voluntary non-profit - Private,H_RECMND_DY,"Patients who reported YES, they would definitely recommend the hospital — ""YES"", patients would definitely recommend the hospital",79.0,1263.0
450137,BAYLOR SCOTT AND WHITE ALL SAINTS MEDICAL CENTER,TARRANT,False,Voluntary non-profit - Private,H_CLEAN_HSP_A_P,"Patients who reported that their room and bathroom were ""Always"" clean — Room was ""always"" clean",67.0,1160.0
450137,BAYLOR SCOTT AND WHITE ALL SAINTS MEDICAL CENTER,TARRANT,False,Voluntary non-profit - Private,H_COMP_1_A_P,"Patients who reported that their nurses ""Always"" communicated well — Nurses ""always"" communicated well",79.0,1160.0
450137,BAYLOR SCOTT AND WHITE ALL SAINTS MEDICAL CENTER,TARRANT,False,Voluntary non-profit - Private,H_COMP_2_A_P,"Patients who reported that their doctors ""Always"" communicated well — Doctors ""always"" communicated well",78.0,1160.0
450137,BAYLOR SCOTT AND WHITE ALL SAINTS MEDICAL CENTER,TARRANT,False,Voluntary non-profit - Private,H_COMP_5_A_P,"Patients who reported that staff ""Always"" explained about medicines before giving it to them — Staff ""always"" explained",63.0,1160.0
450137,BAYLOR SCOTT AND WHITE ALL SAINTS MEDICAL CENTER,TARRANT,False,Voluntary non-profit - Private,H_COMP_6_Y_P,"Patients who reported that YES, they were given information about what to do during their recovery at home — Yes, staff ""did"" give patients this information",87.0,1160.0
450137,BAYLOR SCOTT AND WHITE ALL SAINTS MEDICAL CENTER,TARRANT,False,Voluntary non-profit - Private,H_HSP_RATING_9_10,"Patients who gave their hospital a rating of 9 or 10 on a scale from 0 (lowest) to 10 (highest) — Patients who gave a rating of ""9"" or ""10"" (high)",74.0,1160.0
450137,BAYLOR SCOTT AND WHITE ALL SAINTS MEDICAL CENTER,TARRANT,False,Voluntary non-profit - Private,H_QUIET_HSP_A_P,"Patients who reported that the area around their room was ""Always"" quiet at night — ""Always"" quiet at night",56.0,1160.0
450137,BAYLOR SCOTT AND WHITE ALL SAINTS MEDICAL CENTER,TARRANT,False,Voluntary non-profit - Private,H_RECMND_DY,"Patients who reported YES, they would definitely recommend the hospital — ""YES"", patients would definitely recommend the hospital",74.0,1160.0
670107,BAYLOR SCOTT AND WHITE EMERGENCY HOSPITAL,JOHNSON,False,Proprietary,H_CLEAN_HSP_A_P,"Patients who reported that their room and bathroom were ""Always"" clean — Room was ""always"" clean",68.0,49.0
670107,BAYLOR SCOTT AND WHITE EMERGENCY HOSPITAL,JOHNSON,False,Proprietary,H_COMP_1_A_P,"Patients who reported that their nurses ""Always"" communicated well — Nurses ""always"" communicated well",84.0,49.0
670107,BAYLOR SCOTT AND WHITE EMERGENCY HOSPITAL,JOHNSON,False,Proprietary,H_COMP_2_A_P,"Patients who reported that their doctors ""Always"" communicated well — Doctors ""always"" communicated well",62.0,49.0
670107,BAYLOR SCOTT AND WHITE EMERGENCY HOSPITAL,JOHNSON,False,Proprietary,H_COMP_5_A_P,"Patients who reported that staff ""Always"" explained about medicines before giving it to them — Staff ""always"" explained",66.0,49.0
670107,BAYLOR SCOTT AND WHITE EMERGENCY HOSPITAL,JOHNSON,False,Proprietary,H_COMP_6_Y_P,"Patients who reported that YES, they were given information about what to do during their recovery at home — Yes, staff ""did"" give patients this information",82.0,49.0
670107,BAYLOR SCOTT AND WHITE EMERGENCY HOSPITAL,JOHNSON,False,Proprietary,H_HSP_RATING_9_10,"Patients who gave their hospital a rating of 9 or 10 on a scale from 0 (lowest) to 10 (highest) — Patients who gave a rating of ""9"" or ""10"" (high)",75.0,49.0
670107,BAYLOR SCOTT AND WHITE EMERGENCY HOSPITAL,JOHNSON,False,Proprietary,H_QUIET_HSP_A_P,"Patients who reported that the area around their room was ""Always"" quiet at night — ""Always"" quiet at night",66.0,49.0
670107,BAYLOR SCOTT AND WHITE EMERGENCY HOSPITAL,JOHNSON,False,Proprietary,H_RECMND_DY,"Patients who reported YES, they would definitely recommend the hospital — ""YES"", patients would definitely recommend the hospital",77.0,49.0
450742,BAYLOR SCOTT AND WHITE MEDICAL CENTER LAKE POINTE,DALLAS,False,Voluntary non-profit - Private,H_CLEAN_HSP_A_P,"Patients who reported that their room and bathroom were ""Always"" clean — Room was ""always"" clean",72.0,688.0
450742,BAYLOR SCOTT AND WHITE MEDICAL CENTER LAKE POINTE,DALLAS,False,Voluntary non-profit - Private,H_COMP_1_A_P,"Patients who reported that their nurses ""Always"" communicated well — Nurses ""always"" communicated well",76.0,688.0
450742,BAYLOR SCOTT AND WHITE MEDICAL CENTER LAKE POINTE,DALLAS,False,Voluntary non-profit - Private,H_COMP_2_A_P,"Patients who reported that their doctors ""Always"" communicated well — Doctors ""always"" communicated well",77.0,688.0
450742,BAYLOR SCOTT AND WHITE MEDICAL CENTER LAKE POINTE,DALLAS,False,Voluntary non-profit - Private,H_COMP_5_A_P,"Patients who reported that staff ""Always"" explained about medicines before giving it to them — Staff ""always"" explained",60.0,688.0
450742,BAYLOR SCOTT AND WHITE MEDICAL CENTER LAKE POINTE,DALLAS,False,Voluntary non-profit - Private,H_COMP_6_Y_P,"Patients who reported that YES, they were given information about what to do during their recovery at home — Yes, staff ""did"" give patients this information",86.0,688.0
450742,BAYLOR SCOTT AND WHITE MEDICAL CENTER LAKE POINTE,DALLAS,False,Voluntary non-profit - Private,H_HSP_RATING_9_10,"Patients who gave their hospital a rating of 9 or 10 on a scale from 0 (lowest) to 10 (highest) — Patients who gave a rating of ""9"" or ""10"" (high)",72.0,688.0
450742,BAYLOR SCOTT AND WHITE MEDICAL CENTER LAKE POINTE,DALLAS,False,Voluntary non-profit - Private,H_QUIET_HSP_A_P,"Patients who reported that the area around their room was ""Always"" quiet at night — ""Always"" quiet at night",63.0,688.0
450742,BAYLOR SCOTT AND WHITE MEDICAL CENTER LAKE POINTE,DALLAS,False,Voluntary non-profit - Private,H_RECMND_DY,"Patients who reported YES, they would definitely recommend the hospital — ""YES"", patients would definitely recommend the hospital",69.0,688.0
670060,BAYLOR SCOTT AND WHITE MEDICAL CENTER SUNNYVALE,DALLAS,False,Proprietary,H_CLEAN_HSP_A_P,"Patients who reported that their room and bathroom were ""Always"" clean — Room was ""always"" clean",61.0,388.0
670060,BAYLOR SCOTT AND WHITE MEDICAL CENTER SUNNYVALE,DALLAS,False,Proprietary,H_COMP_1_A_P,"Patients who reported that their nurses ""Always"" communicated well — Nurses ""always"" communicated well",65.0,388.0
670060,BAYLOR SCOTT AND WHITE MEDICAL CENTER SUNNYVALE,DALLAS,False,Proprietary,H_COMP_2_A_P,"Patients who reported that their doctors ""Always"" communicated well — Doctors ""always"" communicated well",71.0,388.0
670060,BAYLOR SCOTT AND WHITE MEDICAL CENTER SUNNYVALE,DALLAS,False,Proprietary,H_COMP_5_A_P,"Patients who reported that staff ""Always"" explained about medicines before giving it to them — Staff ""always"" explained",49.0,388.0
670060,BAYLOR SCOTT AND WHITE MEDICAL CENTER SUNNYVALE,DALLAS,False,Proprietary,H_COMP_6_Y_P,"Patients who reported that YES, they were given information about what to do during their recovery at home — Yes, staff ""did"" give patients this information",79.0,388.0
670060,BAYLOR SCOTT AND WHITE MEDICAL CENTER SUNNYVALE,DALLAS,False,Proprietary,H_HSP_RATING_9_10,"Patients who gave their hospital a rating of 9 or 10 on a scale from 0 (lowest) to 10 (highest) — Patients who gave a rating of ""9"" or ""10"" (high)",55.0,388.0
670060,BAYLOR SCOTT AND WHITE MEDICAL CENTER SUNNYVALE,DALLAS,False,Proprietary,H_QUIET_HSP_A_P,"Patients who reported that the area around their room was ""Always"" quiet at night — ""Always"" quiet at night",54.0,388.0
670060,BAYLOR SCOTT AND WHITE MEDICAL CENTER SUNNYVALE,DALLAS,False,Proprietary,H_RECMND_DY,"Patients who reported YES, they would definitely recommend the hospital — ""YES"", patients would definitely recommend the hospital",51.0,388.0
450422,BAYLOR SCOTT AND WHITE MEDICAL CENTER UPTOWN,DALLAS,False,Proprietary,H_CLEAN_HSP_A_P,"Patients who reported that their room and bathroom were ""Always"" clean — Room was ""always"" clean",77.0,77.0
450422,BAYLOR SCOTT AND WHITE MEDICAL CENTER UPTOWN,DALLAS,False,Proprietary,H_COMP_1_A_P,"Patients who reported that their nurses ""Always"" communicated well — Nurses ""always"" communicated well",79.0,77.0
450422,BAYLOR SCOTT AND WHITE MEDICAL CENTER UPTOWN,DALLAS,False,Proprietary,H_COMP_2_A_P,"Patients who reported that their doctors ""Always"" communicated well — Doctors ""always"" communicated well",83.0,77.0
450422,BAYLOR SCOTT AND WHITE MEDICAL CENTER UPTOWN,DALLAS,False,Proprietary,H_COMP_5_A_P,"Patients who reported that staff ""Always"" explained about medicines before giving it to them — Staff ""always"" explained",54.0,77.0
450422,BAYLOR SCOTT AND WHITE MEDICAL CENTER UPTOWN,DALLAS,False,Proprietary,H_COMP_6_Y_P,"Patients who reported that YES, they were given information about what to do during their recovery at home — Yes, staff ""did"" give patients this information",87.0,77.0
450422,BAYLOR SCOTT AND WHITE MEDICAL CENTER UPTOWN,DALLAS,False,Proprietary,H_HSP_RATING_9_10,"Patients who gave their hospital a rating of 9 or 10 on a scale from 0 (lowest) to 10 (highest) — Patients who gave a rating of ""9"" or ""10"" (high)",73.0,77.0
450422,BAYLOR SCOTT AND WHITE MEDICAL CENTER UPTOWN,DALLAS,False,Proprietary,H_QUIET_HSP_A_P,"Patients who reported that the area around their room was ""Always"" quiet at night — ""Always"" quiet at night",71.0,77.0
450422,BAYLOR SCOTT AND WHITE MEDICAL CENTER UPTOWN,DALLAS,False,Proprietary,H_RECMND_DY,"Patients who reported YES, they would definitely recommend the hospital — ""YES"", patients would definitely recommend the hospital",74.0,77.0
670067,BAYLOR SCOTT AND WHITE ORTHOPEDIC AND SPINE HOSPI,TARRANT,False,Proprietary,H_CLEAN_HSP_A_P,"Patients who reported that their room and bathroom were ""Always"" clean — Room was ""always"" clean",85.0,347.0
670067,BAYLOR SCOTT AND WHITE ORTHOPEDIC AND SPINE HOSPI,TARRANT,False,Proprietary,H_COMP_1_A_P,"Patients who reported that their nurses ""Always"" communicated well — Nurses ""always"" communicated well",85.0,347.0
670067,BAYLOR SCOTT AND WHITE ORTHOPEDIC AND SPINE HOSPI,TARRANT,False,Proprietary,H_COMP_2_A_P,"Patients who reported that their doctors ""Always"" communicated well — Doctors ""always"" communicated well",84.0,347.0
670067,BAYLOR SCOTT AND WHITE ORTHOPEDIC AND SPINE HOSPI,TARRANT,False,Proprietary,H_COMP_5_A_P,"Patients who reported that staff ""Always"" explained about medicines before giving it to them — Staff ""always"" explained",68.0,347.0
670067,BAYLOR SCOTT AND WHITE ORTHOPEDIC AND SPINE HOSPI,TARRANT,False,Proprietary,H_COMP_6_Y_P,"Patients who reported that YES, they were given information about what to do during their recovery at home — Yes, staff ""did"" give patients this information",91.0,347.0
670067,BAYLOR SCOTT AND WHITE ORTHOPEDIC AND SPINE HOSPI,TARRANT,False,Proprietary,H_HSP_RATING_9_10,"Patients who gave their hospital a rating of 9 or 10 on a scale from 0 (lowest) to 10 (highest) — Patients who gave a rating of ""9"" or ""10"" (high)",82.0,347.0
670067,BAYLOR SCOTT AND WHITE ORTHOPEDIC AND SPINE HOSPI,TARRANT,False,Proprietary,H_QUIET_HSP_A_P,"Patients who reported that the area around their room was ""Always"" quiet at night — ""Always"" quiet at night",69.0,347.0
670067,BAYLOR SCOTT AND WHITE ORTHOPEDIC AND SPINE HOSPI,TARRANT,False,Proprietary,H_RECMND_DY,"Patients who reported YES, they would definitely recommend the hospital — ""YES"", patients would definitely recommend the hospital",82.0,347.0
670076,BAYLOR SCOTT AND WHITE SURGICAL HOSPITAL AT SHERMA,GRAYSON,False,Physician,H_CLEAN_HSP_A_P,"Patients who reported that their room and bathroom were ""Always"" clean — Room was ""always"" clean",78.0,92.0
670076,BAYLOR SCOTT AND WHITE SURGICAL HOSPITAL AT SHERMA,GRAYSON,False,Physician,H_COMP_1_A_P,"Patients who reported that their nurses ""Always"" communicated well — Nurses ""always"" communicated well",92.0,92.0
670076,BAYLOR SCOTT AND WHITE SURGICAL HOSPITAL AT SHERMA,GRAYSON,False,Physician,H_COMP_2_A_P,"Patients who reported that their doctors ""Always"" communicated well — Doctors ""always"" communicated well",89.0,92.0
670076,BAYLOR SCOTT AND WHITE SURGICAL HOSPITAL AT SHERMA,GRAYSON,False,Physician,H_COMP_5_A_P,"Patients who reported that staff ""Always"" explained about medicines before giving it to them — Staff ""always"" explained",76.0,92.0
670076,BAYLOR SCOTT AND WHITE SURGICAL HOSPITAL AT SHERMA,GRAYSON,False,Physician,H_COMP_6_Y_P,"Patients who reported that YES, they were given information about what to do during their recovery at home — Yes, staff ""did"" give patients this information",89.0,92.0
670076,BAYLOR SCOTT AND WHITE SURGICAL HOSPITAL AT SHERMA,GRAYSON,False,Physician,H_HSP_RATING_9_10,"Patients who gave their hospital a rating of 9 or 10 on a scale from 0 (lowest) to 10 (highest) — Patients who gave a rating of ""9"" or ""10"" (high)",82.0,92.0
670076,BAYLOR SCOTT AND WHITE SURGICAL HOSPITAL AT SHERMA,GRAYSON,False,Physician,H_QUIET_HSP_A_P,"Patients who reported that the area around their room was ""Always"" quiet at night — ""Always"" quiet at night",75.0,92.0
670076,BAYLOR SCOTT AND WHITE SURGICAL HOSPITAL AT SHERMA,GRAYSON,False,Physician,H_RECMND_DY,"Patients who reported YES, they would definitely recommend the hospital — ""YES"", patients would definitely recommend the hospital",86.0,92.0
450880,BAYLOR SCOTT AND WHITE SURGICAL HOSPITAL FORTWORTH,TARRANT,False,Physician,H_CLEAN_HSP_A_P,"Patients who reported that their room and bathroom were ""Always"" clean — Room was ""always"" clean",74.0,296.0
450880,BAYLOR SCOTT AND WHITE SURGICAL HOSPITAL FORTWORTH,TARRANT,False,Physician,H_COMP_1_A_P,"Patients who reported that their nurses ""Always"" communicated well — Nurses ""always"" communicated well",75.0,296.0
450880,BAYLOR SCOTT AND WHITE SURGICAL HOSPITAL FORTWORTH,TARRANT,False,Physician,H_COMP_2_A_P,"Patients who reported that their doctors ""Always"" communicated well — Doctors ""always"" communicated well",83.0,296.0
450880,BAYLOR SCOTT AND WHITE SURGICAL HOSPITAL FORTWORTH,TARRANT,False,Physician,H_COMP_5_A_P,"Patients who reported that staff ""Always"" explained about medicines before giving it to them — Staff ""always"" explained",61.0,296.0
450880,BAYLOR SCOTT AND WHITE SURGICAL HOSPITAL FORTWORTH,TARRANT,False,Physician,H_COMP_6_Y_P,"Patients who reported that YES, they were given information about what to do during their recovery at home — Yes, staff ""did"" give patients this information",88.0,296.0
450880,BAYLOR SCOTT AND WHITE SURGICAL HOSPITAL FORTWORTH,TARRANT,False,Physician,H_HSP_RATING_9_10,"Patients who gave their hospital a rating of 9 or 10 on a scale from 0 (lowest) to 10 (highest) — Patients who gave a rating of ""9"" or ""10"" (high)",75.0,296.0
450880,BAYLOR SCOTT AND WHITE SURGICAL HOSPITAL FORTWORTH,TARRANT,False,Physician,H_QUIET_HSP_A_P,"Patients who reported that the area around their room was ""Always"" quiet at night — ""Always"" quiet at night",75.0,296.0
450880,BAYLOR SCOTT AND WHITE SURGICAL HOSPITAL FORTWORTH,TARRANT,False,Physician,H_RECMND_DY,"Patients who reported YES, they would definitely recommend the hospital — ""YES"", patients would definitely recommend the hospital",74.0,296.0
450193,Baylor St Lukes Medical Center,HARRIS,True,Voluntary non-profit - Church,H_CLEAN_HSP_A_P,"Patients who reported that their room and bathroom were ""Always"" clean — Room was ""always"" clean",59.0,518.0
450193,Baylor St Lukes Medical Center,HARRIS,True,Voluntary non-profit - Church,H_COMP_1_A_P,"Patients who reported that their nurses ""Always"" communicated well — Nurses ""always"" communicated well",74.0,518.0
450193,Baylor St Lukes Medical Center,HARRIS,True,Voluntary non-profit - Church,H_COMP_2_A_P,"Patients who reported that their doctors ""Always"" communicated well — Doctors ""always"" communicated well",79.0,518.0
450193,Baylor St Lukes Medical Center,HARRIS,True,Voluntary non-profit - Church,H_COMP_5_A_P,"Patients who reported that staff ""Always"" explained about medicines before giving it to them — Staff ""always"" explained",57.0,518.0
450193,Baylor St Lukes Medical Center,HARRIS,True,Voluntary non-profit - Church,H_COMP_6_Y_P,"Patients who reported that YES, they were given information about what to do during their recovery at home — Yes, staff ""did"" give patients this information",83.0,518.0
450193,Baylor St Lukes Medical Center,HARRIS,True,Voluntary non-profit - Church,H_HSP_RATING_9_10,"Patients who gave their hospital a rating of 9 or 10 on a scale from 0 (lowest) to 10 (highest) — Patients who gave a rating of ""9"" or ""10"" (high)",70.0,518.0
450193,Baylor St Lukes Medical Center,HARRIS,True,Voluntary non-profit - Church,H_QUIET_HSP_A_P,"Patients who reported that the area around their room was ""Always"" quiet at night — ""Always"" quiet at night",60.0,518.0
450193,Baylor St Lukes Medical Center,HARRIS,True,Voluntary non-profit - Church,H_RECMND_DY,"Patients who reported YES, they would definitely recommend the hospital — ""YES"", patients would definitely recommend the hospital",66.0,518.0
450874,BAYLOR SURGICAL HOSPITAL AT LAS COLINAS,DALLAS,False,Proprietary,H_CLEAN_HSP_A_P,"Patients who reported that their room and bathroom were ""Always"" clean — Room was ""always"" clean",79.0,191.0
450874,BAYLOR SURGICAL HOSPITAL AT LAS COLINAS,DALLAS,False,Proprietary,H_COMP_1_A_P,"Patients who reported that their nurses ""Always"" communicated well — Nurses ""always"" communicated well",81.0,191.0
450874,BAYLOR SURGICAL HOSPITAL AT LAS COLINAS,DALLAS,False,Proprietary,H_COMP_2_A_P,"Patients who reported that their doctors ""Always"" communicated well — Doctors ""always"" communicated well",81.0,191.0
450874,BAYLOR SURGICAL HOSPITAL AT LAS COLINAS,DALLAS,False,Proprietary,H_COMP_5_A_P,"Patients who reported that staff ""Always"" explained about medicines before giving it to them — Staff ""always"" explained",54.0,191.0
450874,BAYLOR SURGICAL HOSPITAL AT LAS COLINAS,DALLAS,False,Proprietary,H_COMP_6_Y_P,"Patients who reported that YES, they were given information about what to do during their recovery at home — Yes, staff ""did"" give patients this information",88.0,191.0
450874,BAYLOR SURGICAL HOSPITAL AT LAS COLINAS,DALLAS,False,Proprietary,H_HSP_RATING_9_10,"Patients who gave their hospital a rating of 9 or 10 on a scale from 0 (lowest) to 10 (highest) — Patients who gave a rating of ""9"" or ""10"" (high)",77.0,191.0
450874,BAYLOR SURGICAL HOSPITAL AT LAS COLINAS,DALLAS,False,Proprietary,H_QUIET_HSP_A_P,"Patients who reported that the area around their room was ""Always"" quiet at night — ""Always"" quiet at night",70.0,191.0
450874,BAYLOR SURGICAL HOSPITAL AT LAS COLINAS,DALLAS,False,Proprietary,H_RECMND_DY,"Patients who reported YES, they would definitely recommend the hospital — ""YES"", patients would definitely recommend the hospital",78.0,191.0
450021,BAYLOR UNIVERSITY MEDICAL CENTER,DALLAS,False,Voluntary non-profit - Private,H_CLEAN_HSP_A_P,"Patients who reported that their room and bathroom were ""Always"" clean — Room was ""always"" clean",68.0,2542.0
450021,BAYLOR UNIVERSITY MEDICAL CENTER,DALLAS,False,Voluntary non-profit - Private,H_COMP_1_A_P,"Patients who reported that their nurses ""Always"" communicated well — Nurses ""always"" communicated well",78.0,2542.0
450021,BAYLOR UNIVERSITY MEDICAL CENTER,DALLAS,False,Voluntary non-profit - Private,H_COMP_2_A_P,"Patients who reported that their doctors ""Always"" communicated well — Doctors ""always"" communicated well",80.0,2542.0
450021,BAYLOR UNIVERSITY MEDICAL CENTER,DALLAS,False,Voluntary non-profit - Private,H_COMP_5_A_P,"Patients who reported that staff ""Always"" explained about medicines before giving it to them — Staff ""always"" explained",61.0,2542.0
450021,BAYLOR UNIVERSITY MEDICAL CENTER,DALLAS,False,Voluntary non-profit - Private,H_COMP_6_Y_P,"Patients who reported that YES, they were given information about what to do during their recovery at home — Yes, staff ""did"" give patients this information",86.0,2542.0
450021,BAYLOR UNIVERSITY MEDICAL CENTER,DALLAS,False,Voluntary non-profit - Private,H_HSP_RATING_9_10,"Patients who gave their hospital a rating of 9 or 10 on a scale from 0 (lowest) to 10 (highest) — Patients who gave a rating of ""9"" or ""10"" (high)",71.0,2542.0
450021,BAYLOR UNIVERSITY MEDICAL CENTER,DALLAS,False,Voluntary non-profit - Private,H_QUIET_HSP_A_P,"Patients who reported that the area around their room was ""Always"" quiet at night — ""Always"" quiet at night",56.0,2542.0
450021,BAYLOR UNIVERSITY MEDICAL CENTER,DALLAS,False,Voluntary non-profit - Private,H_RECMND_DY,"Patients who reported YES, they would definitely recommend the hospital — ""YES"", patients would definitely recommend the hospital",74.0,2542.0
451378,BIG BEND REGIONAL MEDICAL CENTER,BREWSTER,False,Proprietary,H_CLEAN_HSP_A_P,"Patients who reported that their room and bathroom were ""Always"" clean — Room was ""always"" clean",72.0,102.0
451378,BIG BEND REGIONAL MEDICAL CENTER,BREWSTER,False,Proprietary,H_COMP_1_A_P,"Patients who reported that their nurses ""Always"" communicated well — Nurses ""always"" communicated well",82.0,102.0
451378,BIG BEND REGIONAL MEDICAL CENTER,BREWSTER,False,Proprietary,H_COMP_2_A_P,"Patients who reported that their doctors ""Always"" communicated well — Doctors ""always"" communicated well",77.0,102.0
451378,BIG BEND REGIONAL MEDICAL CENTER,BREWSTER,False,Proprietary,H_COMP_5_A_P,"Patients who reported that staff ""Always"" explained about medicines before giving it to them — Staff ""always"" explained",55.0,102.0
451378,BIG BEND REGIONAL MEDICAL CENTER,BREWSTER,False,Proprietary,H_COMP_6_Y_P,"Patients who reported that YES, they were given information about what to do during their recovery at home — Yes, staff ""did"" give patients this information",88.0,102.0
451378,BIG BEND REGIONAL MEDICAL CENTER,BREWSTER,False,Proprietary,H_HSP_RATING_9_10,"Patients who gave their hospital a rating of 9 or 10 on a scale from 0 (lowest) to 10 (highest) — Patients who gave a rating of ""9"" or ""10"" (high)",64.0,102.0
451378,BIG BEND REGIONAL MEDICAL CENTER,BREWSTER,False,Proprietary,H_QUIET_HSP_A_P,"Patients who reported that the area around their room was ""Always"" quiet at night — ""Always"" quiet at night",65.0,102.0
451378,BIG BEND REGIONAL MEDICAL CENTER,BREWSTER,False,Proprietary,H_RECMND_DY,"Patients who reported YES, they would definitely recommend the hospital — ""YES"", patients would definitely recommend the hospital",64.0,102.0
45069F,Brooke Army Medical Center (FT Sam Houston),BEXAR,False,Department of Defense,H_CLEAN_HSP_A_P,"Patients who reported that their room and bathroom were ""Always"" clean — Room was ""always"" clean",76.0,3271.0
45069F,Brooke Army Medical Center (FT Sam Houston),BEXAR,False,Department of Defense,H_COMP_1_A_P,"Patients who reported that their nurses ""Always"" communicated well — Nurses ""always"" communicated well",86.0,3271.0
45069F,Brooke Army Medical Center (FT Sam Houston),BEXAR,False,Department of Defense,H_COMP_2_A_P,"Patients who reported that their doctors ""Always"" communicated well — Doctors ""always"" communicated well",87.0,3271.0
45069F,Brooke Army Medical Center (FT Sam Houston),BEXAR,False,Department of Defense,H_COMP_5_A_P,"Patients who reported that staff ""Always"" explained about medicines before giving it to them — Staff ""always"" explained",71.0,3271.0
45069F,Brooke Army Medical Center (FT Sam Houston),BEXAR,False,Department of Defense,H_COMP_6_Y_P,"Patients who reported that YES, they were given information about what to do during their recovery at home — Yes, staff ""did"" give patients this information",92.0,3271.0
45069F,Brooke Army Medical Center (FT Sam Houston),BEXAR,False,Department of Defense,H_HSP_RATING_9_10,"Patients who gave their hospital a rating of 9 or 10 on a scale from 0 (lowest) to 10 (highest) — Patients who gave a rating of ""9"" or ""10"" (high)",85.0,3271.0
45069F,Brooke Army Medical Center (FT Sam Houston),BEXAR,False,Department of Defense,H_QUIET_HSP_A_P,"Patients who reported that the area around their room was ""Always"" quiet at night — ""Always"" quiet at night",62.0,3271.0
45069F,Brooke Army Medical Center (FT Sam Houston),BEXAR,False,Department of Defense,H_RECMND_DY,"Patients who reported YES, they would definitely recommend the hospital — ""YES"", patients would definitely recommend the hospital",88.0,3271.0
450399,BROWNFIELD REGIONAL MEDICAL CENTER,TERRY,False,Government - Hospital District or Authority,H_CLEAN_HSP_A_P,"Patients who reported that their room and bathroom were ""Always"" clean — Room was ""always"" clean",81.0,40.0
450399,BROWNFIELD REGIONAL MEDICAL CENTER,TERRY,False,Government - Hospital District or Authority,H_COMP_1_A_P,"Patients who reported that their nurses ""Always"" communicated well — Nurses ""always"" communicated well",82.0,40.0
450399,BROWNFIELD REGIONAL MEDICAL CENTER,TERRY,False,Government - Hospital District or Authority,H_COMP_2_A_P,"Patients who reported that their doctors ""Always"" communicated well — Doctors ""always"" communicated well",73.0,40.0
450399,BROWNFIELD REGIONAL MEDICAL CENTER,TERRY,False,Government - Hospital District or Authority,H_COMP_5_A_P,"Patients who reported that staff ""Always"" explained about medicines before giving it to them — Staff ""always"" explained",47.0,40.0
450399,BROWNFIELD REGIONAL MEDICAL CENTER,TERRY,False,Government - Hospital District or Authority,H_COMP_6_Y_P,"Patients who reported that YES, they were given information about what to do during their recovery at home — Yes, staff ""did"" give patients this information",83.0,40.0
450399,BROWNFIELD REGIONAL MEDICAL CENTER,TERRY,False,Government - Hospital District or Authority,H_HSP_RATING_9_10,"Patients who gave their hospital a rating of 9 or 10 on a scale from 0 (lowest) to 10 (highest) — Patients who gave a rating of ""9"" or ""10"" (high)",73.0,40.0
450399,BROWNFIELD REGIONAL MEDICAL CENTER,TERRY,False,Government - Hospital District or Authority,H_QUIET_HSP_A_P,"Patients who reported that the area around their room was ""Always"" quiet at night — ""Always"" quiet at night",64.0,40.0
450399,BROWNFIELD REGIONAL MEDICAL CENTER,TERRY,False,Government - Hospital District or Authority,H_RECMND_DY,"Patients who reported YES, they would definitely recommend the hospital — ""YES"", patients would definitely recommend the hospital",62.0,40.0
450231,BSA HOSPITAL,POTTER,False,Proprietary,H_CLEAN_HSP_A_P,"Patients who reported that their room and bathroom were ""Always"" clean — Room was ""always"" clean",73.0,1676.0
450231,BSA HOSPITAL,POTTER,False,Proprietary,H_COMP_1_A_P,"Patients who reported that their nurses ""Always"" communicated well — Nurses ""always"" communicated well",77.0,1676.0
450231,BSA HOSPITAL,POTTER,False,Proprietary,H_COMP_2_A_P,"Patients who reported that their doctors ""Always"" communicated well — Doctors ""always"" communicated well",76.0,1676.0
450231,BSA HOSPITAL,POTTER,False,Proprietary,H_COMP_5_A_P,"Patients who reported that staff ""Always"" explained about medicines before giving it to them — Staff ""always"" explained",57.0,1676.0
450231,BSA HOSPITAL,POTTER,False,Proprietary,H_COMP_6_Y_P,"Patients who reported that YES, they were given information about what to do during their recovery at home — Yes, staff ""did"" give patients this information",84.0,1676.0
450231,BSA HOSPITAL,POTTER,False,Proprietary,H_HSP_RATING_9_10,"Patients who gave their hospital a rating of 9 or 10 on a scale from 0 (lowest) to 10 (highest) — Patients who gave a rating of ""9"" or ""10"" (high)",73.0,1676.0
450231,BSA HOSPITAL,POTTER,False,Proprietary,H_QUIET_HSP_A_P,"Patients who reported that the area around their room was ""Always"" quiet at night — ""Always"" quiet at night",57.0,1676.0
450231,BSA HOSPITAL,POTTER,False,Proprietary,H_RECMND_DY,"Patients who reported YES, they would definitely recommend the hospital — ""YES"", patients would definitely recommend the hospital",76.0,1676.0
450730,CARROLLTON REGIONAL MEDICAL CENTER,DENTON,False,Proprietary,H_CLEAN_HSP_A_P,"Patients who reported that their room and bathroom were ""Always"" clean — Room was ""always"" clean",69.0,249.0
450730,CARROLLTON REGIONAL MEDICAL CENTER,DENTON,False,Proprietary,H_COMP_1_A_P,"Patients who reported that their nurses ""Always"" communicated well — Nurses ""always"" communicated well",72.0,249.0
450730,CARROLLTON REGIONAL MEDICAL CENTER,DENTON,False,Proprietary,H_COMP_2_A_P,"Patients who reported that their doctors ""Always"" communicated well — Doctors ""always"" communicated well",69.0,249.0
450730,CARROLLTON REGIONAL MEDICAL CENTER,DENTON,False,Proprietary,H_COMP_5_A_P,"Patients who reported that staff ""Always"" explained about medicines before giving it to them — Staff ""always"" explained",53.0,249.0
450730,CARROLLTON REGIONAL MEDICAL CENTER,DENTON,False,Proprietary,H_COMP_6_Y_P,"Patients who reported that YES, they were given information about what to do during their recovery at home — Yes, staff ""did"" give patients this information",76.0,249.0
450730,CARROLLTON REGIONAL MEDICAL CENTER,DENTON,False,Proprietary,H_HSP_RATING_9_10,"Patients who gave their hospital a rating of 9 or 10 on a scale from 0 (lowest) to 10 (highest) — Patients who gave a rating of ""9"" or ""10"" (high)",61.0,249.0
450730,CARROLLTON REGIONAL MEDICAL CENTER,DENTON,False,Proprietary,H_QUIET_HSP_A_P,"Patients who reported that the area around their room was ""Always"" quiet at night — ""Always"" quiet at night",59.0,249.0
450730,CARROLLTON REGIONAL MEDICAL CENTER,DENTON,False,Proprietary,H_RECMND_DY,"Patients who reported YES, they would definitely recommend the hospital — ""YES"", patients would definitely recommend the hospital",54.0,249.0
450011,CHI ST JOSEPH HEALTH REGIONAL HOSPITAL,BRAZOS,False,Voluntary non-profit - Private,H_CLEAN_HSP_A_P,"Patients who reported that their room and bathroom were ""Always"" clean — Room was ""always"" clean",66.0,1193.0
450011,CHI ST JOSEPH HEALTH REGIONAL HOSPITAL,BRAZOS,False,Voluntary non-profit - Private,H_COMP_1_A_P,"Patients who reported that their nurses ""Always"" communicated well — Nurses ""always"" communicated well",78.0,1193.0
450011,CHI ST JOSEPH HEALTH REGIONAL HOSPITAL,BRAZOS,False,Voluntary non-profit - Private,H_COMP_2_A_P,"Patients who reported that their doctors ""Always"" communicated well — Doctors ""always"" communicated well",78.0,1193.0
450011,CHI ST JOSEPH HEALTH REGIONAL HOSPITAL,BRAZOS,False,Voluntary non-profit - Private,H_COMP_5_A_P,"Patients who reported that staff ""Always"" explained about medicines before giving it to them — Staff ""always"" explained",63.0,1193.0
450011,CHI ST JOSEPH HEALTH REGIONAL HOSPITAL,BRAZOS,False,Voluntary non-profit - Private,H_COMP_6_Y_P,"Patients who reported that YES, they were given information about what to do during their recovery at home — Yes, staff ""did"" give patients this information",84.0,1193.0
450011,CHI ST JOSEPH HEALTH REGIONAL HOSPITAL,BRAZOS,False,Voluntary non-profit - Private,H_HSP_RATING_9_10,"Patients who gave their hospital a rating of 9 or 10 on a scale from 0 (lowest) to 10 (highest) — Patients who gave a rating of ""9"" or ""10"" (high)",66.0,1193.0
450011,CHI ST JOSEPH HEALTH REGIONAL HOSPITAL,BRAZOS,False,Voluntary non-profit - Private,H_QUIET_HSP_A_P,"Patients who reported that the area around their room was ""Always"" quiet at night — ""Always"" quiet at night",61.0,1193.0
450011,CHI ST JOSEPH HEALTH REGIONAL HOSPITAL,BRAZOS,False,Voluntary non-profit - Private,H_RECMND_DY,"Patients who reported YES, they would definitely recommend the hospital — ""YES"", patients would definitely recommend the hospital",67.0,1193.0
450072,CHI ST LUKE'S HEALTH BRAZOSPORT,BRAZORIA,True,Voluntary non-profit - Private,H_CLEAN_HSP_A_P,"Patients who reported that their room and bathroom were ""Always"" clean — Room was ""always"" clean",73.0,477.0
450072,CHI ST LUKE'S HEALTH BRAZOSPORT,BRAZORIA,True,Voluntary non-profit - Private,H_COMP_1_A_P,"Patients who reported that their nurses ""Always"" communicated well — Nurses ""always"" communicated well",80.0,477.0
450072,CHI ST LUKE'S HEALTH BRAZOSPORT,BRAZORIA,True,Voluntary non-profit - Private,H_COMP_2_A_P,"Patients who reported that their doctors ""Always"" communicated well — Doctors ""always"" communicated well",82.0,477.0
450072,CHI ST LUKE'S HEALTH BRAZOSPORT,BRAZORIA,True,Voluntary non-profit - Private,H_COMP_5_A_P,"Patients who reported that staff ""Always"" explained about medicines before giving it to them — Staff ""always"" explained",64.0,477.0
450072,CHI ST LUKE'S HEALTH BRAZOSPORT,BRAZORIA,True,Voluntary non-profit - Private,H_COMP_6_Y_P,"Patients who reported that YES, they were given information about what to do during their recovery at home — Yes, staff ""did"" give patients this information",85.0,477.0
450072,CHI ST LUKE'S HEALTH BRAZOSPORT,BRAZORIA,True,Voluntary non-profit - Private,H_HSP_RATING_9_10,"Patients who gave their hospital a rating of 9 or 10 on a scale from 0 (lowest) to 10 (highest) — Patients who gave a rating of ""9"" or ""10"" (high)",68.0,477.0
450072,CHI ST LUKE'S HEALTH BRAZOSPORT,BRAZORIA,True,Voluntary non-profit - Private,H_QUIET_HSP_A_P,"Patients who reported that the area around their room was ""Always"" quiet at night — ""Always"" quiet at night",57.0,477.0
450072,CHI ST LUKE'S HEALTH BRAZOSPORT,BRAZORIA,True,Voluntary non-profit - Private,H_RECMND_DY,"Patients who reported YES, they would definitely recommend the hospital — ""YES"", patients would definitely recommend the hospital",66.0,477.0
450395,CHI ST LUKES HEALTH MEMORIAL LIVINGSTON,POLK,False,Voluntary non-profit - Private,H_CLEAN_HSP_A_P,"Patients who reported that their room and bathroom were ""Always"" clean — Room was ""always"" clean",71.0,146.0
450395,CHI ST LUKES HEALTH MEMORIAL LIVINGSTON,POLK,False,Voluntary non-profit - Private,H_COMP_1_A_P,"Patients who reported that their nurses ""Always"" communicated well — Nurses ""always"" communicated well",84.0,146.0
450395,CHI ST LUKES HEALTH MEMORIAL LIVINGSTON,POLK,False,Voluntary non-profit - Private,H_COMP_2_A_P,"Patients who reported that their doctors ""Always"" communicated well — Doctors ""always"" communicated well",82.0,146.0
450395,CHI ST LUKES HEALTH MEMORIAL LIVINGSTON,POLK,False,Voluntary non-profit - Private,H_COMP_5_A_P,"Patients who reported that staff ""Always"" explained about medicines before giving it to them — Staff ""always"" explained",70.0,146.0
450395,CHI ST LUKES HEALTH MEMORIAL LIVINGSTON,POLK,False,Voluntary non-profit - Private,H_COMP_6_Y_P,"Patients who reported that YES, they were given information about what to do during their recovery at home — Yes, staff ""did"" give patients this information",83.0,146.0
450395,CHI ST LUKES HEALTH MEMORIAL LIVINGSTON,POLK,False,Voluntary non-profit - Private,H_HSP_RATING_9_10,"Patients who gave their hospital a rating of 9 or 10 on a scale from 0 (lowest) to 10 (highest) — Patients who gave a rating of ""9"" or ""10"" (high)",75.0,146.0
450395,CHI ST LUKES HEALTH MEMORIAL LIVINGSTON,POLK,False,Voluntary non-profit - Private,H_QUIET_HSP_A_P,"Patients who reported that the area around their room was ""Always"" quiet at night — ""Always"" quiet at night",67.0,146.0
450395,CHI ST LUKES HEALTH MEMORIAL LIVINGSTON,POLK,False,Voluntary non-profit - Private,H_RECMND_DY,"Patients who reported YES, they would definitely recommend the hospital — ""YES"", patients would definitely recommend the hospital",65.0,146.0
450211,CHI ST LUKES HEALTH MEMORIAL LUFKIN,ANGELINA,False,Voluntary non-profit - Private,H_CLEAN_HSP_A_P,"Patients who reported that their room and bathroom were ""Always"" clean — Room was ""always"" clean",71.0,521.0
450211,CHI ST LUKES HEALTH MEMORIAL LUFKIN,ANGELINA,False,Voluntary non-profit - Private,H_COMP_1_A_P,"Patients who reported that their nurses ""Always"" communicated well — Nurses ""always"" communicated well",79.0,521.0
450211,CHI ST LUKES HEALTH MEMORIAL LUFKIN,ANGELINA,False,Voluntary non-profit - Private,H_COMP_2_A_P,"Patients who reported that their doctors ""Always"" communicated well — Doctors ""always"" communicated well",81.0,521.0
450211,CHI ST LUKES HEALTH MEMORIAL LUFKIN,ANGELINA,False,Voluntary non-profit - Private,H_COMP_5_A_P,"Patients who reported that staff ""Always"" explained about medicines before giving it to them — Staff ""always"" explained",64.0,521.0
450211,CHI ST LUKES HEALTH MEMORIAL LUFKIN,ANGELINA,False,Voluntary non-profit - Private,H_COMP_6_Y_P,"Patients who reported that YES, they were given information about what to do during their recovery at home — Yes, staff ""did"" give patients this information",84.0,521.0
450211,CHI ST LUKES HEALTH MEMORIAL LUFKIN,ANGELINA,False,Voluntary non-profit - Private,H_HSP_RATING_9_10,"Patients who gave their hospital a rating of 9 or 10 on a scale from 0 (lowest) to 10 (highest) — Patients who gave a rating of ""9"" or ""10"" (high)",71.0,521.0
450211,CHI ST LUKES HEALTH MEMORIAL LUFKIN,ANGELINA,False,Voluntary non-profit - Private,H_QUIET_HSP_A_P,"Patients who reported that the area around their room was ""Always"" quiet at night — ""Always"" quiet at night",59.0,521.0
450211,CHI ST LUKES HEALTH MEMORIAL LUFKIN,ANGELINA,False,Voluntary non-profit - Private,H_RECMND_DY,"Patients who reported YES, they would definitely recommend the hospital — ""YES"", patients would definitely recommend the hospital",71.0,521.0
670059,CHI ST LUKES LAKESIDE HOSPITAL,MONTGOMERY,True,Voluntary non-profit - Other,H_CLEAN_HSP_A_P,"Patients who reported that their room and bathroom were ""Always"" clean — Room was ""always"" clean",79.0,159.0
670059,CHI ST LUKES LAKESIDE HOSPITAL,MONTGOMERY,True,Voluntary non-profit - Other,H_COMP_1_A_P,"Patients who reported that their nurses ""Always"" communicated well — Nurses ""always"" communicated well",82.0,159.0
670059,CHI ST LUKES LAKESIDE HOSPITAL,MONTGOMERY,True,Voluntary non-profit - Other,H_COMP_2_A_P,"Patients who reported that their doctors ""Always"" communicated well — Doctors ""always"" communicated well",86.0,159.0
670059,CHI ST LUKES LAKESIDE HOSPITAL,MONTGOMERY,True,Voluntary non-profit - Other,H_COMP_5_A_P,"Patients who reported that staff ""Always"" explained about medicines before giving it to them — Staff ""always"" explained",64.0,159.0
670059,CHI ST LUKES LAKESIDE HOSPITAL,MONTGOMERY,True,Voluntary non-profit - Other,H_COMP_6_Y_P,"Patients who reported that YES, they were given information about what to do during their recovery at home — Yes, staff ""did"" give patients this information",86.0,159.0
670059,CHI ST LUKES LAKESIDE HOSPITAL,MONTGOMERY,True,Voluntary non-profit - Other,H_HSP_RATING_9_10,"Patients who gave their hospital a rating of 9 or 10 on a scale from 0 (lowest) to 10 (highest) — Patients who gave a rating of ""9"" or ""10"" (high)",83.0,159.0
670059,CHI ST LUKES LAKESIDE HOSPITAL,MONTGOMERY,True,Voluntary non-profit - Other,H_QUIET_HSP_A_P,"Patients who reported that the area around their room was ""Always"" quiet at night — ""Always"" quiet at night",73.0,159.0
670059,CHI ST LUKES LAKESIDE HOSPITAL,MONTGOMERY,True,Voluntary non-profit - Other,H_RECMND_DY,"Patients who reported YES, they would definitely recommend the hospital — ""YES"", patients would definitely recommend the hospital",81.0,159.0
450369,CHILDRESS REGIONAL MEDICAL CENTER,CHILDRESS,False,Government - Hospital District or Authority,H_CLEAN_HSP_A_P,"Patients who reported that their room and bathroom were ""Always"" clean — Room was ""always"" clean",90.0,78.0
450369,CHILDRESS REGIONAL MEDICAL CENTER,CHILDRESS,False,Government - Hospital District or Authority,H_COMP_1_A_P,"Patients who reported that their nurses ""Always"" communicated well — Nurses ""always"" communicated well",97.0,78.0
450369,CHILDRESS REGIONAL MEDICAL CENTER,CHILDRESS,False,Government - Hospital District or Authority,H_COMP_2_A_P,"Patients who reported that their doctors ""Always"" communicated well — Doctors ""always"" communicated well",99.0,78.0
450369,CHILDRESS REGIONAL MEDICAL CENTER,CHILDRESS,False,Government - Hospital District or Authority,H_COMP_5_A_P,"Patients who reported that staff ""Always"" explained about medicines before giving it to them — Staff ""always"" explained",91.0,78.0
450369,CHILDRESS REGIONAL MEDICAL CENTER,CHILDRESS,False,Government - Hospital District or Authority,H_COMP_6_Y_P,"Patients who reported that YES, they were given information about what to do during their recovery at home — Yes, staff ""did"" give patients this information",92.0,78.0
450369,CHILDRESS REGIONAL MEDICAL CENTER,CHILDRESS,False,Government - Hospital District or Authority,H_HSP_RATING_9_10,"Patients who gave their hospital a rating of 9 or 10 on a scale from 0 (lowest) to 10 (highest) — Patients who gave a rating of ""9"" or ""10"" (high)",96.0,78.0
450369,CHILDRESS REGIONAL MEDICAL CENTER,CHILDRESS,False,Government - Hospital District or Authority,H_QUIET_HSP_A_P,"Patients who reported that the area around their room was ""Always"" quiet at night — ""Always"" quiet at night",73.0,78.0
450369,CHILDRESS REGIONAL MEDICAL CENTER,CHILDRESS,False,Government - Hospital District or Authority,H_RECMND_DY,"Patients who reported YES, they would definitely recommend the hospital — ""YES"", patients would definitely recommend the hospital",94.0,78.0
450032,CHRISTUS GOOD SHEPHERD MEDICAL CENTER,GREGG,False,Voluntary non-profit - Private,H_CLEAN_HSP_A_P,"Patients who reported that their room and bathroom were ""Always"" clean — Room was ""always"" clean",74.0,503.0
450032,CHRISTUS GOOD SHEPHERD MEDICAL CENTER,GREGG,False,Voluntary non-profit - Private,H_COMP_1_A_P,"Patients who reported that their nurses ""Always"" communicated well — Nurses ""always"" communicated well",82.0,503.0
450032,CHRISTUS GOOD SHEPHERD MEDICAL CENTER,GREGG,False,Voluntary non-profit - Private,H_COMP_2_A_P,"Patients who reported that their doctors ""Always"" communicated well — Doctors ""always"" communicated well",78.0,503.0
450032,CHRISTUS GOOD SHEPHERD MEDICAL CENTER,GREGG,False,Voluntary non-profit - Private,H_COMP_5_A_P,"Patients who reported that staff ""Always"" explained about medicines before giving it to them — Staff ""always"" explained",65.0,503.0
450032,CHRISTUS GOOD SHEPHERD MEDICAL CENTER,GREGG,False,Voluntary non-profit - Private,H_COMP_6_Y_P,"Patients who reported that YES, they were given information about what to do during their recovery at home — Yes, staff ""did"" give patients this information",85.0,503.0
450032,CHRISTUS GOOD SHEPHERD MEDICAL CENTER,GREGG,False,Voluntary non-profit - Private,H_HSP_RATING_9_10,"Patients who gave their hospital a rating of 9 or 10 on a scale from 0 (lowest) to 10 (highest) — Patients who gave a rating of ""9"" or ""10"" (high)",74.0,503.0
450032,CHRISTUS GOOD SHEPHERD MEDICAL CENTER,GREGG,False,Voluntary non-profit - Private,H_QUIET_HSP_A_P,"Patients who reported that the area around their room was ""Always"" quiet at night — ""Always"" quiet at night",63.0,503.0
450032,CHRISTUS GOOD SHEPHERD MEDICAL CENTER,GREGG,False,Voluntary non-profit - Private,H_RECMND_DY,"Patients who reported YES, they would definitely recommend the hospital — ""YES"", patients would definitely recommend the hospital",70.0,503.0
450573,CHRISTUS JASPER MEMORIAL HOSPITAL,JASPER,False,Voluntary non-profit - Private,H_CLEAN_HSP_A_P,"Patients who reported that their room and bathroom were ""Always"" clean — Room was ""always"" clean",70.0,57.0
450573,CHRISTUS JASPER MEMORIAL HOSPITAL,JASPER,False,Voluntary non-profit - Private,H_COMP_1_A_P,"Patients who reported that their nurses ""Always"" communicated well — Nurses ""always"" communicated well",83.0,57.0
450573,CHRISTUS JASPER MEMORIAL HOSPITAL,JASPER,False,Voluntary non-profit - Private,H_COMP_2_A_P,"Patients who reported that their doctors ""Always"" communicated well — Doctors ""always"" communicated well",84.0,57.0
450573,CHRISTUS JASPER MEMORIAL HOSPITAL,JASPER,False,Voluntary non-profit - Private,H_COMP_5_A_P,"Patients who reported that staff ""Always"" explained about medicines before giving it to them — Staff ""always"" explained",57.0,57.0
450573,CHRISTUS JASPER MEMORIAL HOSPITAL,JASPER,False,Voluntary non-profit - Private,H_COMP_6_Y_P,"Patients who reported that YES, they were given information about what to do during their recovery at home — Yes, staff ""did"" give patients this information",91.0,57.0
450573,CHRISTUS JASPER MEMORIAL HOSPITAL,JASPER,False,Voluntary non-profit - Private,H_HSP_RATING_9_10,"Patients who gave their hospital a rating of 9 or 10 on a scale from 0 (lowest) to 10 (highest) — Patients who gave a rating of ""9"" or ""10"" (high)",72.0,57.0
450573,CHRISTUS JASPER MEMORIAL HOSPITAL,JASPER,False,Voluntary non-profit - Private,H_QUIET_HSP_A_P,"Patients who reported that the area around their room was ""Always"" quiet at night — ""Always"" quiet at night",61.0,57.0
450573,CHRISTUS JASPER MEMORIAL HOSPITAL,JASPER,False,Voluntary non-profit - Private,H_RECMND_DY,"Patients who reported YES, they would definitely recommend the hospital — ""YES"", patients would definitely recommend the hospital",72.0,57.0
450102,CHRISTUS MOTHER FRANCES HOSPITAL,SMITH,False,Voluntary non-profit - Private,H_CLEAN_HSP_A_P,"Patients who reported that their room and bathroom were ""Always"" clean — Room was ""always"" clean",70.0,561.0
450102,CHRISTUS MOTHER FRANCES HOSPITAL,SMITH,False,Voluntary non-profit - Private,H_COMP_1_A_P,"Patients who reported that their nurses ""Always"" communicated well — Nurses ""always"" communicated well",76.0,561.0
450102,CHRISTUS MOTHER FRANCES HOSPITAL,SMITH,False,Voluntary non-profit - Private,H_COMP_2_A_P,"Patients who reported that their doctors ""Always"" communicated well — Doctors ""always"" communicated well",76.0,561.0
450102,CHRISTUS MOTHER FRANCES HOSPITAL,SMITH,False,Voluntary non-profit - Private,H_COMP_5_A_P,"Patients who reported that staff ""Always"" explained about medicines before giving it to them — Staff ""always"" explained",58.0,561.0
450102,CHRISTUS MOTHER FRANCES HOSPITAL,SMITH,False,Voluntary non-profit - Private,H_COMP_6_Y_P,"Patients who reported that YES, they were given information about what to do during their recovery at home — Yes, staff ""did"" give patients this information",84.0,561.0
450102,CHRISTUS MOTHER FRANCES HOSPITAL,SMITH,False,Voluntary non-profit - Private,H_HSP_RATING_9_10,"Patients who gave their hospital a rating of 9 or 10 on a scale from 0 (lowest) to 10 (highest) — Patients who gave a rating of ""9"" or ""10"" (high)",72.0,561.0
450102,CHRISTUS MOTHER FRANCES HOSPITAL,SMITH,False,Voluntary non-profit - Private,H_QUIET_HSP_A_P,"Patients who reported that the area around their room was ""Always"" quiet at night — ""Always"" quiet at night",60.0,561.0
450102,CHRISTUS MOTHER FRANCES HOSPITAL,SMITH,False,Voluntary non-profit - Private,H_RECMND_DY,"Patients who reported YES, they would definitely recommend the hospital — ""YES"", patients would definitely recommend the hospital",75.0,561.0
450236,CHRISTUS MOTHER FRANCES HOSPITAL SULPHUR SPRINGS,HOPKINS,False,Voluntary non-profit - Private,H_CLEAN_HSP_A_P,"Patients who reported that their room and bathroom were ""Always"" clean — Room was ""always"" clean",83.0,402.0
450236,CHRISTUS MOTHER FRANCES HOSPITAL SULPHUR SPRINGS,HOPKINS,False,Voluntary non-profit - Private,H_COMP_1_A_P,"Patients who reported that their nurses ""Always"" communicated well — Nurses ""always"" communicated well",85.0,402.0
450236,CHRISTUS MOTHER FRANCES HOSPITAL SULPHUR SPRINGS,HOPKINS,False,Voluntary non-profit - Private,H_COMP_2_A_P,"Patients who reported that their doctors ""Always"" communicated well — Doctors ""always"" communicated well",80.0,402.0
450236,CHRISTUS MOTHER FRANCES HOSPITAL SULPHUR SPRINGS,HOPKINS,False,Voluntary non-profit - Private,H_COMP_5_A_P,"Patients who reported that staff ""Always"" explained about medicines before giving it to them — Staff ""always"" explained",62.0,402.0
450236,CHRISTUS MOTHER FRANCES HOSPITAL SULPHUR SPRINGS,HOPKINS,False,Voluntary non-profit - Private,H_COMP_6_Y_P,"Patients who reported that YES, they were given information about what to do during their recovery at home — Yes, staff ""did"" give patients this information",89.0,402.0
450236,CHRISTUS MOTHER FRANCES HOSPITAL SULPHUR SPRINGS,HOPKINS,False,Voluntary non-profit - Private,H_HSP_RATING_9_10,"Patients who gave their hospital a rating of 9 or 10 on a scale from 0 (lowest) to 10 (highest) — Patients who gave a rating of ""9"" or ""10"" (high)",82.0,402.0
450236,CHRISTUS MOTHER FRANCES HOSPITAL SULPHUR SPRINGS,HOPKINS,False,Voluntary non-profit - Private,H_QUIET_HSP_A_P,"Patients who reported that the area around their room was ""Always"" quiet at night — ""Always"" quiet at night",66.0,402.0
450236,CHRISTUS MOTHER FRANCES HOSPITAL SULPHUR SPRINGS,HOPKINS,False,Voluntary non-profit - Private,H_RECMND_DY,"Patients who reported YES, they would definitely recommend the hospital — ""YES"", patients would definitely recommend the hospital",77.0,402.0
451319,CHRISTUS MOTHER FRANCES HOSPITAL- JACKSONVILLE,CHEROKEE,False,Voluntary non-profit - Private,H_CLEAN_HSP_A_P,"Patients who reported that their room and bathroom were ""Always"" clean — Room was ""always"" clean",79.0,122.0
451319,CHRISTUS MOTHER FRANCES HOSPITAL- JACKSONVILLE,CHEROKEE,False,Voluntary non-profit - Private,H_COMP_1_A_P,"Patients who reported that their nurses ""Always"" communicated well — Nurses ""always"" communicated well",91.0,122.0
451319,CHRISTUS MOTHER FRANCES HOSPITAL- JACKSONVILLE,CHEROKEE,False,Voluntary non-profit - Private,H_COMP_2_A_P,"Patients who reported that their doctors ""Always"" communicated well — Doctors ""always"" communicated well",94.0,122.0
451319,CHRISTUS MOTHER FRANCES HOSPITAL- JACKSONVILLE,CHEROKEE,False,Voluntary non-profit - Private,H_COMP_5_A_P,"Patients who reported that staff ""Always"" explained about medicines before giving it to them — Staff ""always"" explained",69.0,122.0
451319,CHRISTUS MOTHER FRANCES HOSPITAL- JACKSONVILLE,CHEROKEE,False,Voluntary non-profit - Private,H_COMP_6_Y_P,"Patients who reported that YES, they were given information about what to do during their recovery at home — Yes, staff ""did"" give patients this information",95.0,122.0
451319,CHRISTUS MOTHER FRANCES HOSPITAL- JACKSONVILLE,CHEROKEE,False,Voluntary non-profit - Private,H_HSP_RATING_9_10,"Patients who gave their hospital a rating of 9 or 10 on a scale from 0 (lowest) to 10 (highest) — Patients who gave a rating of ""9"" or ""10"" (high)",90.0,122.0
451319,CHRISTUS MOTHER FRANCES HOSPITAL- JACKSONVILLE,CHEROKEE,False,Voluntary non-profit - Private,H_QUIET_HSP_A_P,"Patients who reported that the area around their room was ""Always"" quiet at night — ""Always"" quiet at night",70.0,122.0
451319,CHRISTUS MOTHER FRANCES HOSPITAL- JACKSONVILLE,CHEROKEE,False,Voluntary non-profit - Private,H_RECMND_DY,"Patients who reported YES, they would definitely recommend the hospital — ""YES"", patients would definitely recommend the hospital",92.0,122.0
450272,CHRISTUS SANTA ROSA HOSPITAL-SAN MARCOS,HAYS,False,Voluntary non-profit - Church,H_CLEAN_HSP_A_P,"Patients who reported that their room and bathroom were ""Always"" clean — Room was ""always"" clean",78.0,848.0
450272,CHRISTUS SANTA ROSA HOSPITAL-SAN MARCOS,HAYS,False,Voluntary non-profit - Church,H_COMP_1_A_P,"Patients who reported that their nurses ""Always"" communicated well — Nurses ""always"" communicated well",78.0,848.0
450272,CHRISTUS SANTA ROSA HOSPITAL-SAN MARCOS,HAYS,False,Voluntary non-profit - Church,H_COMP_2_A_P,"Patients who reported that their doctors ""Always"" communicated well — Doctors ""always"" communicated well",82.0,848.0
450272,CHRISTUS SANTA ROSA HOSPITAL-SAN MARCOS,HAYS,False,Voluntary non-profit - Church,H_COMP_5_A_P,"Patients who reported that staff ""Always"" explained about medicines before giving it to them — Staff ""always"" explained",60.0,848.0
450272,CHRISTUS SANTA ROSA HOSPITAL-SAN MARCOS,HAYS,False,Voluntary non-profit - Church,H_COMP_6_Y_P,"Patients who reported that YES, they were given information about what to do during their recovery at home — Yes, staff ""did"" give patients this information",85.0,848.0
450272,CHRISTUS SANTA ROSA HOSPITAL-SAN MARCOS,HAYS,False,Voluntary non-profit - Church,H_HSP_RATING_9_10,"Patients who gave their hospital a rating of 9 or 10 on a scale from 0 (lowest) to 10 (highest) — Patients who gave a rating of ""9"" or ""10"" (high)",71.0,848.0
450272,CHRISTUS SANTA ROSA HOSPITAL-SAN MARCOS,HAYS,False,Voluntary non-profit - Church,H_QUIET_HSP_A_P,"Patients who reported that the area around their room was ""Always"" quiet at night — ""Always"" quiet at night",57.0,848.0
450272,CHRISTUS SANTA ROSA HOSPITAL-SAN MARCOS,HAYS,False,Voluntary non-profit - Church,H_RECMND_DY,"Patients who reported YES, they would definitely recommend the hospital — ""YES"", patients would definitely recommend the hospital",71.0,848.0
450237,CHRISTUS SANTA ROSA MEDICAL CENTER,BEXAR,False,Voluntary non-profit - Private,H_CLEAN_HSP_A_P,"Patients who reported that their room and bathroom were ""Always"" clean — Room was ""always"" clean",80.0,485.0
450237,CHRISTUS SANTA ROSA MEDICAL CENTER,BEXAR,False,Voluntary non-profit - Private,H_COMP_1_A_P,"Patients who reported that their nurses ""Always"" communicated well — Nurses ""always"" communicated well",75.0,485.0
450237,CHRISTUS SANTA ROSA MEDICAL CENTER,BEXAR,False,Voluntary non-profit - Private,H_COMP_2_A_P,"Patients who reported that their doctors ""Always"" communicated well — Doctors ""always"" communicated well",78.0,485.0
450237,CHRISTUS SANTA ROSA MEDICAL CENTER,BEXAR,False,Voluntary non-profit - Private,H_COMP_5_A_P,"Patients who reported that staff ""Always"" explained about medicines before giving it to them — Staff ""always"" explained",60.0,485.0
450237,CHRISTUS SANTA ROSA MEDICAL CENTER,BEXAR,False,Voluntary non-profit - Private,H_COMP_6_Y_P,"Patients who reported that YES, they were given information about what to do during their recovery at home — Yes, staff ""did"" give patients this information",86.0,485.0
450237,CHRISTUS SANTA ROSA MEDICAL CENTER,BEXAR,False,Voluntary non-profit - Private,H_HSP_RATING_9_10,"Patients who gave their hospital a rating of 9 or 10 on a scale from 0 (lowest) to 10 (highest) — Patients who gave a rating of ""9"" or ""10"" (high)",72.0,485.0
450237,CHRISTUS SANTA ROSA MEDICAL CENTER,BEXAR,False,Voluntary non-profit - Private,H_QUIET_HSP_A_P,"Patients who reported that the area around their room was ""Always"" quiet at night — ""Always"" quiet at night",62.0,485.0
450237,CHRISTUS SANTA ROSA MEDICAL CENTER,BEXAR,False,Voluntary non-profit - Private,H_RECMND_DY,"Patients who reported YES, they would definitely recommend the hospital — ""YES"", patients would definitely recommend the hospital",70.0,485.0
450034,CHRISTUS SOUTHEAST TEXAS- ST ELIZABETH,JEFFERSON,False,Voluntary non-profit - Private,H_CLEAN_HSP_A_P,"Patients who reported that their room and bathroom were ""Always"" clean — Room was ""always"" clean",70.0,455.0
450034,CHRISTUS SOUTHEAST TEXAS- ST ELIZABETH,JEFFERSON,False,Voluntary non-profit - Private,H_COMP_1_A_P,"Patients who reported that their nurses ""Always"" communicated well — Nurses ""always"" communicated well",76.0,455.0
450034,CHRISTUS SOUTHEAST TEXAS- ST ELIZABETH,JEFFERSON,False,Voluntary non-profit - Private,H_COMP_2_A_P,"Patients who reported that their doctors ""Always"" communicated well — Doctors ""always"" communicated well",74.0,455.0
450034,CHRISTUS SOUTHEAST TEXAS- ST ELIZABETH,JEFFERSON,False,Voluntary non-profit - Private,H_COMP_5_A_P,"Patients who reported that staff ""Always"" explained about medicines before giving it to them — Staff ""always"" explained",61.0,455.0
450034,CHRISTUS SOUTHEAST TEXAS- ST ELIZABETH,JEFFERSON,False,Voluntary non-profit - Private,H_COMP_6_Y_P,"Patients who reported that YES, they were given information about what to do during their recovery at home — Yes, staff ""did"" give patients this information",82.0,455.0
450034,CHRISTUS SOUTHEAST TEXAS- ST ELIZABETH,JEFFERSON,False,Voluntary non-profit - Private,H_HSP_RATING_9_10,"Patients who gave their hospital a rating of 9 or 10 on a scale from 0 (lowest) to 10 (highest) — Patients who gave a rating of ""9"" or ""10"" (high)",65.0,455.0
450034,CHRISTUS SOUTHEAST TEXAS- ST ELIZABETH,JEFFERSON,False,Voluntary non-profit - Private,H_QUIET_HSP_A_P,"Patients who reported that the area around their room was ""Always"" quiet at night — ""Always"" quiet at night",59.0,455.0
450034,CHRISTUS SOUTHEAST TEXAS- ST ELIZABETH,JEFFERSON,False,Voluntary non-profit - Private,H_RECMND_DY,"Patients who reported YES, they would definitely recommend the hospital — ""YES"", patients would definitely recommend the hospital",67.0,455.0
450828,CHRISTUS SPOHN HOSPITAL ALICE,JIM WELLS,False,Voluntary non-profit - Private,H_CLEAN_HSP_A_P,"Patients who reported that their room and bathroom were ""Always"" clean — Room was ""always"" clean",77.0,184.0
450828,CHRISTUS SPOHN HOSPITAL ALICE,JIM WELLS,False,Voluntary non-profit - Private,H_COMP_1_A_P,"Patients who reported that their nurses ""Always"" communicated well — Nurses ""always"" communicated well",84.0,184.0
450828,CHRISTUS SPOHN HOSPITAL ALICE,JIM WELLS,False,Voluntary non-profit - Private,H_COMP_2_A_P,"Patients who reported that their doctors ""Always"" communicated well — Doctors ""always"" communicated well",85.0,184.0
450828,CHRISTUS SPOHN HOSPITAL ALICE,JIM WELLS,False,Voluntary non-profit - Private,H_COMP_5_A_P,"Patients who reported that staff ""Always"" explained about medicines before giving it to them — Staff ""always"" explained",66.0,184.0
450828,CHRISTUS SPOHN HOSPITAL ALICE,JIM WELLS,False,Voluntary non-profit - Private,H_COMP_6_Y_P,"Patients who reported that YES, they were given information about what to do during their recovery at home — Yes, staff ""did"" give patients this information",86.0,184.0
450828,CHRISTUS SPOHN HOSPITAL ALICE,JIM WELLS,False,Voluntary non-profit - Private,H_HSP_RATING_9_10,"Patients who gave their hospital a rating of 9 or 10 on a scale from 0 (lowest) to 10 (highest) — Patients who gave a rating of ""9"" or ""10"" (high)",77.0,184.0
450828,CHRISTUS SPOHN HOSPITAL ALICE,JIM WELLS,False,Voluntary non-profit - Private,H_QUIET_HSP_A_P,"Patients who reported that the area around their room was ""Always"" quiet at night — ""Always"" quiet at night",62.0,184.0
450828,CHRISTUS SPOHN HOSPITAL ALICE,JIM WELLS,False,Voluntary non-profit - Private,H_RECMND_DY,"Patients who reported YES, they would definitely recommend the hospital — ""YES"", patients would definitely recommend the hospital",69.0,184.0
450082,CHRISTUS SPOHN HOSPITAL BEEVILLE,BEE,False,Voluntary non-profit - Private,H_CLEAN_HSP_A_P,"Patients who reported that their room and bathroom were ""Always"" clean — Room was ""always"" clean",78.0,142.0
450082,CHRISTUS SPOHN HOSPITAL BEEVILLE,BEE,False,Voluntary non-profit - Private,H_COMP_1_A_P,"Patients who reported that their nurses ""Always"" communicated well — Nurses ""always"" communicated well",78.0,142.0
450082,CHRISTUS SPOHN HOSPITAL BEEVILLE,BEE,False,Voluntary non-profit - Private,H_COMP_2_A_P,"Patients who reported that their doctors ""Always"" communicated well — Doctors ""always"" communicated well",72.0,142.0
450082,CHRISTUS SPOHN HOSPITAL BEEVILLE,BEE,False,Voluntary non-profit - Private,H_COMP_5_A_P,"Patients who reported that staff ""Always"" explained about medicines before giving it to them — Staff ""always"" explained",56.0,142.0
450082,CHRISTUS SPOHN HOSPITAL BEEVILLE,BEE,False,Voluntary non-profit - Private,H_COMP_6_Y_P,"Patients who reported that YES, they were given information about what to do during their recovery at home — Yes, staff ""did"" give patients this information",84.0,142.0
450082,CHRISTUS SPOHN HOSPITAL BEEVILLE,BEE,False,Voluntary non-profit - Private,H_HSP_RATING_9_10,"Patients who gave their hospital a rating of 9 or 10 on a scale from 0 (lowest) to 10 (highest) — Patients who gave a rating of ""9"" or ""10"" (high)",59.0,142.0
450082,CHRISTUS SPOHN HOSPITAL BEEVILLE,BEE,False,Voluntary non-profit - Private,H_QUIET_HSP_A_P,"Patients who reported that the area around their room was ""Always"" quiet at night — ""Always"" quiet at night",65.0,142.0
450082,CHRISTUS SPOHN HOSPITAL BEEVILLE,BEE,False,Voluntary non-profit - Private,H_RECMND_DY,"Patients who reported YES, they would definitely recommend the hospital — ""YES"", patients would definitely recommend the hospital",58.0,142.0
450046,CHRISTUS SPOHN HOSPITAL CORPUS CHRISTI,NUECES,False,Voluntary non-profit - Private,H_CLEAN_HSP_A_P,"Patients who reported that their room and bathroom were ""Always"" clean — Room was ""always"" clean",77.0,474.0
450046,CHRISTUS SPOHN HOSPITAL CORPUS CHRISTI,NUECES,False,Voluntary non-profit - Private,H_COMP_1_A_P,"Patients who reported that their nurses ""Always"" communicated well — Nurses ""always"" communicated well",77.0,474.0
450046,CHRISTUS SPOHN HOSPITAL CORPUS CHRISTI,NUECES,False,Voluntary non-profit - Private,H_COMP_2_A_P,"Patients who reported that their doctors ""Always"" communicated well — Doctors ""always"" communicated well",74.0,474.0
450046,CHRISTUS SPOHN HOSPITAL CORPUS CHRISTI,NUECES,False,Voluntary non-profit - Private,H_COMP_5_A_P,"Patients who reported that staff ""Always"" explained about medicines before giving it to them — Staff ""always"" explained",57.0,474.0
450046,CHRISTUS SPOHN HOSPITAL CORPUS CHRISTI,NUECES,False,Voluntary non-profit - Private,H_COMP_6_Y_P,"Patients who reported that YES, they were given information about what to do during their recovery at home — Yes, staff ""did"" give patients this information",81.0,474.0
450046,CHRISTUS SPOHN HOSPITAL CORPUS CHRISTI,NUECES,False,Voluntary non-profit - Private,H_HSP_RATING_9_10,"Patients who gave their hospital a rating of 9 or 10 on a scale from 0 (lowest) to 10 (highest) — Patients who gave a rating of ""9"" or ""10"" (high)",72.0,474.0
450046,CHRISTUS SPOHN HOSPITAL CORPUS CHRISTI,NUECES,False,Voluntary non-profit - Private,H_QUIET_HSP_A_P,"Patients who reported that the area around their room was ""Always"" quiet at night — ""Always"" quiet at night",62.0,474.0
450046,CHRISTUS SPOHN HOSPITAL CORPUS CHRISTI,NUECES,False,Voluntary non-profit - Private,H_RECMND_DY,"Patients who reported YES, they would definitely recommend the hospital — ""YES"", patients would definitely recommend the hospital",72.0,474.0
450163,CHRISTUS SPOHN HOSPITAL KLEBERG,KLEBERG,False,Voluntary non-profit - Private,H_CLEAN_HSP_A_P,"Patients who reported that their room and bathroom were ""Always"" clean — Room was ""always"" clean",85.0,189.0
450163,CHRISTUS SPOHN HOSPITAL KLEBERG,KLEBERG,False,Voluntary non-profit - Private,H_COMP_1_A_P,"Patients who reported that their nurses ""Always"" communicated well — Nurses ""always"" communicated well",80.0,189.0
450163,CHRISTUS SPOHN HOSPITAL KLEBERG,KLEBERG,False,Voluntary non-profit - Private,H_COMP_2_A_P,"Patients who reported that their doctors ""Always"" communicated well — Doctors ""always"" communicated well",79.0,189.0
450163,CHRISTUS SPOHN HOSPITAL KLEBERG,KLEBERG,False,Voluntary non-profit - Private,H_COMP_5_A_P,"Patients who reported that staff ""Always"" explained about medicines before giving it to them — Staff ""always"" explained",65.0,189.0
450163,CHRISTUS SPOHN HOSPITAL KLEBERG,KLEBERG,False,Voluntary non-profit - Private,H_COMP_6_Y_P,"Patients who reported that YES, they were given information about what to do during their recovery at home — Yes, staff ""did"" give patients this information",85.0,189.0
450163,CHRISTUS SPOHN HOSPITAL KLEBERG,KLEBERG,False,Voluntary non-profit - Private,H_HSP_RATING_9_10,"Patients who gave their hospital a rating of 9 or 10 on a scale from 0 (lowest) to 10 (highest) — Patients who gave a rating of ""9"" or ""10"" (high)",71.0,189.0
450163,CHRISTUS SPOHN HOSPITAL KLEBERG,KLEBERG,False,Voluntary non-profit - Private,H_QUIET_HSP_A_P,"Patients who reported that the area around their room was ""Always"" quiet at night — ""Always"" quiet at night",77.0,189.0
450163,CHRISTUS SPOHN HOSPITAL KLEBERG,KLEBERG,False,Voluntary non-profit - Private,H_RECMND_DY,"Patients who reported YES, they would definitely recommend the hospital — ""YES"", patients would definitely recommend the hospital",66.0,189.0
450801,CHRISTUS ST MICHAEL HEALTH SYSTEM,BOWIE,False,Voluntary non-profit - Private,H_CLEAN_HSP_A_P,"Patients who reported that their room and bathroom were ""Always"" clean — Room was ""always"" clean",79.0,587.0
450801,CHRISTUS ST MICHAEL HEALTH SYSTEM,BOWIE,False,Voluntary non-profit - Private,H_COMP_1_A_P,"Patients who reported that their nurses ""Always"" communicated well — Nurses ""always"" communicated well",81.0,587.0
450801,CHRISTUS ST MICHAEL HEALTH SYSTEM,BOWIE,False,Voluntary non-profit - Private,H_COMP_2_A_P,"Patients who reported that their doctors ""Always"" communicated well — Doctors ""always"" communicated well",81.0,587.0
450801,CHRISTUS ST MICHAEL HEALTH SYSTEM,BOWIE,False,Voluntary non-profit - Private,H_COMP_5_A_P,"Patients who reported that staff ""Always"" explained about medicines before giving it to them — Staff ""always"" explained",61.0,587.0
450801,CHRISTUS ST MICHAEL HEALTH SYSTEM,BOWIE,False,Voluntary non-profit - Private,H_COMP_6_Y_P,"Patients who reported that YES, they were given information about what to do during their recovery at home — Yes, staff ""did"" give patients this information",86.0,587.0
450801,CHRISTUS ST MICHAEL HEALTH SYSTEM,BOWIE,False,Voluntary non-profit - Private,H_HSP_RATING_9_10,"Patients who gave their hospital a rating of 9 or 10 on a scale from 0 (lowest) to 10 (highest) — Patients who gave a rating of ""9"" or ""10"" (high)",71.0,587.0
450801,CHRISTUS ST MICHAEL HEALTH SYSTEM,BOWIE,False,Voluntary non-profit - Private,H_QUIET_HSP_A_P,"Patients who reported that the area around their room was ""Always"" quiet at night — ""Always"" quiet at night",59.0,587.0
450801,CHRISTUS ST MICHAEL HEALTH SYSTEM,BOWIE,False,Voluntary non-profit - Private,H_RECMND_DY,"Patients who reported YES, they would definitely recommend the hospital — ""YES"", patients would definitely recommend the hospital",68.0,587.0
450023,CITIZENS MEDICAL CENTER,VICTORIA,False,Voluntary non-profit - Other,H_CLEAN_HSP_A_P,"Patients who reported that their room and bathroom were ""Always"" clean — Room was ""always"" clean",75.0,964.0
450023,CITIZENS MEDICAL CENTER,VICTORIA,False,Voluntary non-profit - Other,H_COMP_1_A_P,"Patients who reported that their nurses ""Always"" communicated well — Nurses ""always"" communicated well",81.0,964.0
450023,CITIZENS MEDICAL CENTER,VICTORIA,False,Voluntary non-profit - Other,H_COMP_2_A_P,"Patients who reported that their doctors ""Always"" communicated well — Doctors ""always"" communicated well",79.0,964.0
450023,CITIZENS MEDICAL CENTER,VICTORIA,False,Voluntary non-profit - Other,H_COMP_5_A_P,"Patients who reported that staff ""Always"" explained about medicines before giving it to them — Staff ""always"" explained",61.0,964.0
450023,CITIZENS MEDICAL CENTER,VICTORIA,False,Voluntary non-profit - Other,H_COMP_6_Y_P,"Patients who reported that YES, they were given information about what to do during their recovery at home — Yes, staff ""did"" give patients this information",83.0,964.0
450023,CITIZENS MEDICAL CENTER,VICTORIA,False,Voluntary non-profit - Other,H_HSP_RATING_9_10,"Patients who gave their hospital a rating of 9 or 10 on a scale from 0 (lowest) to 10 (highest) — Patients who gave a rating of ""9"" or ""10"" (high)",73.0,964.0
450023,CITIZENS MEDICAL CENTER,VICTORIA,False,Voluntary non-profit - Other,H_QUIET_HSP_A_P,"Patients who reported that the area around their room was ""Always"" quiet at night — ""Always"" quiet at night",67.0,964.0
450023,CITIZENS MEDICAL CENTER,VICTORIA,False,Voluntary non-profit - Other,H_RECMND_DY,"Patients who reported YES, they would definitely recommend the hospital — ""YES"", patients would definitely recommend the hospital",73.0,964.0
451384,COGDELL MEMORIAL HOSPITAL,SCURRY,False,Government - Hospital District or Authority,H_CLEAN_HSP_A_P,"Patients who reported that their room and bathroom were ""Always"" clean — Room was ""always"" clean",71.0,81.0
451384,COGDELL MEMORIAL HOSPITAL,SCURRY,False,Government - Hospital District or Authority,H_COMP_1_A_P,"Patients who reported that their nurses ""Always"" communicated well — Nurses ""always"" communicated well",87.0,81.0
451384,COGDELL MEMORIAL HOSPITAL,SCURRY,False,Government - Hospital District or Authority,H_COMP_2_A_P,"Patients who reported that their doctors ""Always"" communicated well — Doctors ""always"" communicated well",94.0,81.0
451384,COGDELL MEMORIAL HOSPITAL,SCURRY,False,Government - Hospital District or Authority,H_COMP_5_A_P,"Patients who reported that staff ""Always"" explained about medicines before giving it to them — Staff ""always"" explained",76.0,81.0
451384,COGDELL MEMORIAL HOSPITAL,SCURRY,False,Government - Hospital District or Authority,H_COMP_6_Y_P,"Patients who reported that YES, they were given information about what to do during their recovery at home — Yes, staff ""did"" give patients this information",85.0,81.0
451384,COGDELL MEMORIAL HOSPITAL,SCURRY,False,Government - Hospital District or Authority,H_HSP_RATING_9_10,"Patients who gave their hospital a rating of 9 or 10 on a scale from 0 (lowest) to 10 (highest) — Patients who gave a rating of ""9"" or ""10"" (high)",79.0,81.0
451384,COGDELL MEMORIAL HOSPITAL,SCURRY,False,Government - Hospital District or Authority,H_QUIET_HSP_A_P,"Patients who reported that the area around their room was ""Always"" quiet at night — ""Always"" quiet at night",67.0,81.0
451384,COGDELL MEMORIAL HOSPITAL,SCURRY,False,Government - Hospital District or Authority,H_RECMND_DY,"Patients who reported YES, they would definitely recommend the hospital — ""YES"", patients would definitely recommend the hospital",75.0,81.0
451347,COLEMAN COUNTY MEDICAL CENTER COMPANY,COLEMAN,False,Proprietary,H_CLEAN_HSP_A_P,"Patients who reported that their room and bathroom were ""Always"" clean — Room was ""always"" clean",92.0,61.0
451347,COLEMAN COUNTY MEDICAL CENTER COMPANY,COLEMAN,False,Proprietary,H_COMP_1_A_P,"Patients who reported that their nurses ""Always"" communicated well — Nurses ""always"" communicated well",87.0,61.0
451347,COLEMAN COUNTY MEDICAL CENTER COMPANY,COLEMAN,False,Proprietary,H_COMP_2_A_P,"Patients who reported that their doctors ""Always"" communicated well — Doctors ""always"" communicated well",89.0,61.0
451347,COLEMAN COUNTY MEDICAL CENTER COMPANY,COLEMAN,False,Proprietary,H_COMP_5_A_P,"Patients who reported that staff ""Always"" explained about medicines before giving it to them — Staff ""always"" explained",77.0,61.0
451347,COLEMAN COUNTY MEDICAL CENTER COMPANY,COLEMAN,False,Proprietary,H_COMP_6_Y_P,"Patients who reported that YES, they were given information about what to do during their recovery at home — Yes, staff ""did"" give patients this information",87.0,61.0
451347,COLEMAN COUNTY MEDICAL CENTER COMPANY,COLEMAN,False,Proprietary,H_HSP_RATING_9_10,"Patients who gave their hospital a rating of 9 or 10 on a scale from 0 (lowest) to 10 (highest) — Patients who gave a rating of ""9"" or ""10"" (high)",93.0,61.0
451347,COLEMAN COUNTY MEDICAL CENTER COMPANY,COLEMAN,False,Proprietary,H_QUIET_HSP_A_P,"Patients who reported that the area around their room was ""Always"" quiet at night — ""Always"" quiet at night",69.0,61.0
451347,COLEMAN COUNTY MEDICAL CENTER COMPANY,COLEMAN,False,Proprietary,H_RECMND_DY,"Patients who reported YES, they would definitely recommend the hospital — ""YES"", patients would definitely recommend the hospital",89.0,61.0
450370,COLUMBUS COMMUNITY HOSPITAL,COLORADO,False,Voluntary non-profit - Private,H_CLEAN_HSP_A_P,"Patients who reported that their room and bathroom were ""Always"" clean — Room was ""always"" clean",73.0,119.0
450370,COLUMBUS COMMUNITY HOSPITAL,COLORADO,False,Voluntary non-profit - Private,H_COMP_1_A_P,"Patients who reported that their nurses ""Always"" communicated well — Nurses ""always"" communicated well",76.0,119.0
450370,COLUMBUS COMMUNITY HOSPITAL,COLORADO,False,Voluntary non-profit - Private,H_COMP_2_A_P,"Patients who reported that their doctors ""Always"" communicated well — Doctors ""always"" communicated well",76.0,119.0
450370,COLUMBUS COMMUNITY HOSPITAL,COLORADO,False,Voluntary non-profit - Private,H_COMP_5_A_P,"Patients who reported that staff ""Always"" explained about medicines before giving it to them — Staff ""always"" explained",58.0,119.0
450370,COLUMBUS COMMUNITY HOSPITAL,COLORADO,False,Voluntary non-profit - Private,H_COMP_6_Y_P,"Patients who reported that YES, they were given information about what to do during their recovery at home — Yes, staff ""did"" give patients this information",80.0,119.0
450370,COLUMBUS COMMUNITY HOSPITAL,COLORADO,False,Voluntary non-profit - Private,H_HSP_RATING_9_10,"Patients who gave their hospital a rating of 9 or 10 on a scale from 0 (lowest) to 10 (highest) — Patients who gave a rating of ""9"" or ""10"" (high)",67.0,119.0
450370,COLUMBUS COMMUNITY HOSPITAL,COLORADO,False,Voluntary non-profit - Private,H_QUIET_HSP_A_P,"Patients who reported that the area around their room was ""Always"" quiet at night — ""Always"" quiet at night",60.0,119.0
450370,COLUMBUS COMMUNITY HOSPITAL,COLORADO,False,Voluntary non-profit - Private,H_RECMND_DY,"Patients who reported YES, they would definitely recommend the hospital — ""YES"", patients would definitely recommend the hospital",72.0,119.0
451382,COMANCHE COUNTY MEDICAL CENTER,COMANCHE,False,Voluntary non-profit - Private,H_CLEAN_HSP_A_P,"Patients who reported that their room and bathroom were ""Always"" clean — Room was ""always"" clean",85.0,57.0
451382,COMANCHE COUNTY MEDICAL CENTER,COMANCHE,False,Voluntary non-profit - Private,H_COMP_1_A_P,"Patients who reported that their nurses ""Always"" communicated well — Nurses ""always"" communicated well",77.0,57.0
451382,COMANCHE COUNTY MEDICAL CENTER,COMANCHE,False,Voluntary non-profit - Private,H_COMP_2_A_P,"Patients who reported that their doctors ""Always"" communicated well — Doctors ""always"" communicated well",83.0,57.0
451382,COMANCHE COUNTY MEDICAL CENTER,COMANCHE,False,Voluntary non-profit - Private,H_COMP_5_A_P,"Patients who reported that staff ""Always"" explained about medicines before giving it to them — Staff ""always"" explained",47.0,57.0
451382,COMANCHE COUNTY MEDICAL CENTER,COMANCHE,False,Voluntary non-profit - Private,H_COMP_6_Y_P,"Patients who reported that YES, they were given information about what to do during their recovery at home — Yes, staff ""did"" give patients this information",91.0,57.0
451382,COMANCHE COUNTY MEDICAL CENTER,COMANCHE,False,Voluntary non-profit - Private,H_HSP_RATING_9_10,"Patients who gave their hospital a rating of 9 or 10 on a scale from 0 (lowest) to 10 (highest) — Patients who gave a rating of ""9"" or ""10"" (high)",67.0,57.0
451382,COMANCHE COUNTY MEDICAL CENTER,COMANCHE,False,Voluntary non-profit - Private,H_QUIET_HSP_A_P,"Patients who reported that the area around their room was ""Always"" quiet at night — ""Always"" quiet at night",52.0,57.0
451382,COMANCHE COUNTY MEDICAL CENTER,COMANCHE,False,Voluntary non-profit - Private,H_RECMND_DY,"Patients who reported YES, they would definitely recommend the hospital — ""YES"", patients would definitely recommend the hospital",76.0,57.0
450108,CONNALLY MEMORIAL MEDICAL CENTER,WILSON,False,Government - Hospital District or Authority,H_CLEAN_HSP_A_P,"Patients who reported that their room and bathroom were ""Always"" clean — Room was ""always"" clean",77.0,75.0
450108,CONNALLY MEMORIAL MEDICAL CENTER,WILSON,False,Government - Hospital District or Authority,H_COMP_1_A_P,"Patients who reported that their nurses ""Always"" communicated well — Nurses ""always"" communicated well",92.0,75.0
450108,CONNALLY MEMORIAL MEDICAL CENTER,WILSON,False,Government - Hospital District or Authority,H_COMP_2_A_P,"Patients who reported that their doctors ""Always"" communicated well — Doctors ""always"" communicated well",93.0,75.0
450108,CONNALLY MEMORIAL MEDICAL CENTER,WILSON,False,Government - Hospital District or Authority,H_COMP_5_A_P,"Patients who reported that staff ""Always"" explained about medicines before giving it to them — Staff ""always"" explained",81.0,75.0
450108,CONNALLY MEMORIAL MEDICAL CENTER,WILSON,False,Government - Hospital District or Authority,H_COMP_6_Y_P,"Patients who reported that YES, they were given information about what to do during their recovery at home — Yes, staff ""did"" give patients this information",88.0,75.0
450108,CONNALLY MEMORIAL MEDICAL CENTER,WILSON,False,Government - Hospital District or Authority,H_HSP_RATING_9_10,"Patients who gave their hospital a rating of 9 or 10 on a scale from 0 (lowest) to 10 (highest) — Patients who gave a rating of ""9"" or ""10"" (high)",90.0,75.0
450108,CONNALLY MEMORIAL MEDICAL CENTER,WILSON,False,Government - Hospital District or Authority,H_QUIET_HSP_A_P,"Patients who reported that the area around their room was ""Always"" quiet at night — ""Always"" quiet at night",81.0,75.0
450108,CONNALLY MEMORIAL MEDICAL CENTER,WILSON,False,Government - Hospital District or Authority,H_RECMND_DY,"Patients who reported YES, they would definitely recommend the hospital — ""YES"", patients would definitely recommend the hospital",81.0,75.0
451331,COON MEMORIAL HOSPITAL,DALLAM,False,Government - Hospital District or Authority,H_CLEAN_HSP_A_P,"Patients who reported that their room and bathroom were ""Always"" clean — Room was ""always"" clean",80.0,49.0
451331,COON MEMORIAL HOSPITAL,DALLAM,False,Government - Hospital District or Authority,H_COMP_1_A_P,"Patients who reported that their nurses ""Always"" communicated well — Nurses ""always"" communicated well",78.0,49.0
451331,COON MEMORIAL HOSPITAL,DALLAM,False,Government - Hospital District or Authority,H_COMP_2_A_P,"Patients who reported that their doctors ""Always"" communicated well — Doctors ""always"" communicated well",77.0,49.0
451331,COON MEMORIAL HOSPITAL,DALLAM,False,Government - Hospital District or Authority,H_COMP_5_A_P,"Patients who reported that staff ""Always"" explained about medicines before giving it to them — Staff ""always"" explained",58.0,49.0
451331,COON MEMORIAL HOSPITAL,DALLAM,False,Government - Hospital District or Authority,H_COMP_6_Y_P,"Patients who reported that YES, they were given information about what to do during their recovery at home — Yes, staff ""did"" give patients this information",88.0,49.0
451331,COON MEMORIAL HOSPITAL,DALLAM,False,Government - Hospital District or Authority,H_HSP_RATING_9_10,"Patients who gave their hospital a rating of 9 or 10 on a scale from 0 (lowest) to 10 (highest) — Patients who gave a rating of ""9"" or ""10"" (high)",75.0,49.0
451331,COON MEMORIAL HOSPITAL,DALLAM,False,Government - Hospital District or Authority,H_QUIET_HSP_A_P,"Patients who reported that the area around their room was ""Always"" quiet at night — ""Always"" quiet at night",55.0,49.0
451331,COON MEMORIAL HOSPITAL,DALLAM,False,Government - Hospital District or Authority,H_RECMND_DY,"Patients who reported YES, they would definitely recommend the hospital — ""YES"", patients would definitely recommend the hospital",65.0,49.0
450788,"CORPUS CHRISTI MEDICAL CENTER,THE",NUECES,False,Voluntary non-profit - Other,H_CLEAN_HSP_A_P,"Patients who reported that their room and bathroom were ""Always"" clean — Room was ""always"" clean",73.0,1399.0
450788,"CORPUS CHRISTI MEDICAL CENTER,THE",NUECES,False,Voluntary non-profit - Other,H_COMP_1_A_P,"Patients who reported that their nurses ""Always"" communicated well — Nurses ""always"" communicated well",76.0,1399.0
450788,"CORPUS CHRISTI MEDICAL CENTER,THE",NUECES,False,Voluntary non-profit - Other,H_COMP_2_A_P,"Patients who reported that their doctors ""Always"" communicated well — Doctors ""always"" communicated well",74.0,1399.0
450788,"CORPUS CHRISTI MEDICAL CENTER,THE",NUECES,False,Voluntary non-profit - Other,H_COMP_5_A_P,"Patients who reported that staff ""Always"" explained about medicines before giving it to them — Staff ""always"" explained",58.0,1399.0
450788,"CORPUS CHRISTI MEDICAL CENTER,THE",NUECES,False,Voluntary non-profit - Other,H_COMP_6_Y_P,"Patients who reported that YES, they were given information about what to do during their recovery at home — Yes, staff ""did"" give patients this information",82.0,1399.0
450788,"CORPUS CHRISTI MEDICAL CENTER,THE",NUECES,False,Voluntary non-profit - Other,H_HSP_RATING_9_10,"Patients who gave their hospital a rating of 9 or 10 on a scale from 0 (lowest) to 10 (highest) — Patients who gave a rating of ""9"" or ""10"" (high)",65.0,1399.0
450788,"CORPUS CHRISTI MEDICAL CENTER,THE",NUECES,False,Voluntary non-profit - Other,H_QUIET_HSP_A_P,"Patients who reported that the area around their room was ""Always"" quiet at night — ""Always"" quiet at night",60.0,1399.0
450788,"CORPUS CHRISTI MEDICAL CENTER,THE",NUECES,False,Voluntary non-profit - Other,H_RECMND_DY,"Patients who reported YES, they would definitely recommend the hospital — ""YES"", patients would definitely recommend the hospital",66.0,1399.0
451379,CORYELL MEMORIAL HOSPITAL,CORYELL,False,Government - Hospital District or Authority,H_CLEAN_HSP_A_P,"Patients who reported that their room and bathroom were ""Always"" clean — Room was ""always"" clean",74.0,133.0
451379,CORYELL MEMORIAL HOSPITAL,CORYELL,False,Government - Hospital District or Authority,H_COMP_1_A_P,"Patients who reported that their nurses ""Always"" communicated well — Nurses ""always"" communicated well",84.0,133.0
451379,CORYELL MEMORIAL HOSPITAL,CORYELL,False,Government - Hospital District or Authority,H_COMP_2_A_P,"Patients who reported that their doctors ""Always"" communicated well — Doctors ""always"" communicated well",86.0,133.0
451379,CORYELL MEMORIAL HOSPITAL,CORYELL,False,Government - Hospital District or Authority,H_COMP_5_A_P,"Patients who reported that staff ""Always"" explained about medicines before giving it to them — Staff ""always"" explained",68.0,133.0
451379,CORYELL MEMORIAL HOSPITAL,CORYELL,False,Government - Hospital District or Authority,H_COMP_6_Y_P,"Patients who reported that YES, they were given information about what to do during their recovery at home — Yes, staff ""did"" give patients this information",91.0,133.0
451379,CORYELL MEMORIAL HOSPITAL,CORYELL,False,Government - Hospital District or Authority,H_HSP_RATING_9_10,"Patients who gave their hospital a rating of 9 or 10 on a scale from 0 (lowest) to 10 (highest) — Patients who gave a rating of ""9"" or ""10"" (high)",81.0,133.0
451379,CORYELL MEMORIAL HOSPITAL,CORYELL,False,Government - Hospital District or Authority,H_QUIET_HSP_A_P,"Patients who reported that the area around their room was ""Always"" quiet at night — ""Always"" quiet at night",74.0,133.0
451379,CORYELL MEMORIAL HOSPITAL,CORYELL,False,Government - Hospital District or Authority,H_RECMND_DY,"Patients who reported YES, they would definitely recommend the hospital — ""YES"", patients would definitely recommend the hospital",82.0,133.0
450755,COVENANT HOSPITAL LEVELLAND,HOCKLEY,False,Voluntary non-profit - Private,H_CLEAN_HSP_A_P,"Patients who reported that their room and bathroom were ""Always"" clean — Room was ""always"" clean",80.0,46.0
450755,COVENANT HOSPITAL LEVELLAND,HOCKLEY,False,Voluntary non-profit - Private,H_COMP_1_A_P,"Patients who reported that their nurses ""Always"" communicated well — Nurses ""always"" communicated well",88.0,46.0
450755,COVENANT HOSPITAL LEVELLAND,HOCKLEY,False,Voluntary non-profit - Private,H_COMP_2_A_P,"Patients who reported that their doctors ""Always"" communicated well — Doctors ""always"" communicated well",91.0,46.0
450755,COVENANT HOSPITAL LEVELLAND,HOCKLEY,False,Voluntary non-profit - Private,H_COMP_5_A_P,"Patients who reported that staff ""Always"" explained about medicines before giving it to them — Staff ""always"" explained",66.0,46.0
450755,COVENANT HOSPITAL LEVELLAND,HOCKLEY,False,Voluntary non-profit - Private,H_COMP_6_Y_P,"Patients who reported that YES, they were given information about what to do during their recovery at home — Yes, staff ""did"" give patients this information",80.0,46.0
450755,COVENANT HOSPITAL LEVELLAND,HOCKLEY,False,Voluntary non-profit - Private,H_HSP_RATING_9_10,"Patients who gave their hospital a rating of 9 or 10 on a scale from 0 (lowest) to 10 (highest) — Patients who gave a rating of ""9"" or ""10"" (high)",75.0,46.0
450755,COVENANT HOSPITAL LEVELLAND,HOCKLEY,False,Voluntary non-profit - Private,H_QUIET_HSP_A_P,"Patients who reported that the area around their room was ""Always"" quiet at night — ""Always"" quiet at night",69.0,46.0
450755,COVENANT HOSPITAL LEVELLAND,HOCKLEY,False,Voluntary non-profit - Private,H_RECMND_DY,"Patients who reported YES, they would definitely recommend the hospital — ""YES"", patients would definitely recommend the hospital",79.0,46.0
450539,COVENANT HOSPITAL PLAINVIEW,HALE,False,Voluntary non-profit - Private,H_CLEAN_HSP_A_P,"Patients who reported that their room and bathroom were ""Always"" clean — Room was ""always"" clean",75.0,144.0
450539,COVENANT HOSPITAL PLAINVIEW,HALE,False,Voluntary non-profit - Private,H_COMP_1_A_P,"Patients who reported that their nurses ""Always"" communicated well — Nurses ""always"" communicated well",80.0,144.0
450539,COVENANT HOSPITAL PLAINVIEW,HALE,False,Voluntary non-profit - Private,H_COMP_2_A_P,"Patients who reported that their doctors ""Always"" communicated well — Doctors ""always"" communicated well",81.0,144.0
450539,COVENANT HOSPITAL PLAINVIEW,HALE,False,Voluntary non-profit - Private,H_COMP_5_A_P,"Patients who reported that staff ""Always"" explained about medicines before giving it to them — Staff ""always"" explained",61.0,144.0
450539,COVENANT HOSPITAL PLAINVIEW,HALE,False,Voluntary non-profit - Private,H_COMP_6_Y_P,"Patients who reported that YES, they were given information about what to do during their recovery at home — Yes, staff ""did"" give patients this information",85.0,144.0
450539,COVENANT HOSPITAL PLAINVIEW,HALE,False,Voluntary non-profit - Private,H_HSP_RATING_9_10,"Patients who gave their hospital a rating of 9 or 10 on a scale from 0 (lowest) to 10 (highest) — Patients who gave a rating of ""9"" or ""10"" (high)",71.0,144.0
450539,COVENANT HOSPITAL PLAINVIEW,HALE,False,Voluntary non-profit - Private,H_QUIET_HSP_A_P,"Patients who reported that the area around their room was ""Always"" quiet at night — ""Always"" quiet at night",65.0,144.0
450539,COVENANT HOSPITAL PLAINVIEW,HALE,False,Voluntary non-profit - Private,H_RECMND_DY,"Patients who reported YES, they would definitely recommend the hospital — ""YES"", patients would definitely recommend the hospital",71.0,144.0
450040,COVENANT MEDICAL CENTER,LUBBOCK,False,Voluntary non-profit - Private,H_CLEAN_HSP_A_P,"Patients who reported that their room and bathroom were ""Always"" clean — Room was ""always"" clean",64.0,868.0
450040,COVENANT MEDICAL CENTER,LUBBOCK,False,Voluntary non-profit - Private,H_COMP_1_A_P,"Patients who reported that their nurses ""Always"" communicated well — Nurses ""always"" communicated well",76.0,868.0
450040,COVENANT MEDICAL CENTER,LUBBOCK,False,Voluntary non-profit - Private,H_COMP_2_A_P,"Patients who reported that their doctors ""Always"" communicated well — Doctors ""always"" communicated well",76.0,868.0
450040,COVENANT MEDICAL CENTER,LUBBOCK,False,Voluntary non-profit - Private,H_COMP_5_A_P,"Patients who reported that staff ""Always"" explained about medicines before giving it to them — Staff ""always"" explained",58.0,868.0
450040,COVENANT MEDICAL CENTER,LUBBOCK,False,Voluntary non-profit - Private,H_COMP_6_Y_P,"Patients who reported that YES, they were given information about what to do during their recovery at home — Yes, staff ""did"" give patients this information",85.0,868.0
450040,COVENANT MEDICAL CENTER,LUBBOCK,False,Voluntary non-profit - Private,H_HSP_RATING_9_10,"Patients who gave their hospital a rating of 9 or 10 on a scale from 0 (lowest) to 10 (highest) — Patients who gave a rating of ""9"" or ""10"" (high)",70.0,868.0
450040,COVENANT MEDICAL CENTER,LUBBOCK,False,Voluntary non-profit - Private,H_QUIET_HSP_A_P,"Patients who reported that the area around their room was ""Always"" quiet at night — ""Always"" quiet at night",60.0,868.0
450040,COVENANT MEDICAL CENTER,LUBBOCK,False,Voluntary non-profit - Private,H_RECMND_DY,"Patients who reported YES, they would definitely recommend the hospital — ""YES"", patients would definitely recommend the hospital",70.0,868.0
670090,CRESCENT MEDICAL CENTER LANCASTER,DALLAS,False,Proprietary,H_CLEAN_HSP_A_P,"Patients who reported that their room and bathroom were ""Always"" clean — Room was ""always"" clean",66.0,37.0
670090,CRESCENT MEDICAL CENTER LANCASTER,DALLAS,False,Proprietary,H_COMP_1_A_P,"Patients who reported that their nurses ""Always"" communicated well — Nurses ""always"" communicated well",66.0,37.0
670090,CRESCENT MEDICAL CENTER LANCASTER,DALLAS,False,Proprietary,H_COMP_2_A_P,"Patients who reported that their doctors ""Always"" communicated well — Doctors ""always"" communicated well",74.0,37.0
670090,CRESCENT MEDICAL CENTER LANCASTER,DALLAS,False,Proprietary,H_COMP_5_A_P,"Patients who reported that staff ""Always"" explained about medicines before giving it to them — Staff ""always"" explained",52.0,37.0
670090,CRESCENT MEDICAL CENTER LANCASTER,DALLAS,False,Proprietary,H_COMP_6_Y_P,"Patients who reported that YES, they were given information about what to do during their recovery at home — Yes, staff ""did"" give patients this information",76.0,37.0
670090,CRESCENT MEDICAL CENTER LANCASTER,DALLAS,False,Proprietary,H_HSP_RATING_9_10,"Patients who gave their hospital a rating of 9 or 10 on a scale from 0 (lowest) to 10 (highest) — Patients who gave a rating of ""9"" or ""10"" (high)",62.0,37.0
670090,CRESCENT MEDICAL CENTER LANCASTER,DALLAS,False,Proprietary,H_QUIET_HSP_A_P,"Patients who reported that the area around their room was ""Always"" quiet at night — ""Always"" quiet at night",64.0,37.0
670090,CRESCENT MEDICAL CENTER LANCASTER,DALLAS,False,Proprietary,H_RECMND_DY,"Patients who reported YES, they would definitely recommend the hospital — ""YES"", patients would definitely recommend the hospital",51.0,37.0
450597,CUERO REGIONAL HOSPITAL,DE WITT,False,Government - Hospital District or Authority,H_CLEAN_HSP_A_P,"Patients who reported that their room and bathroom were ""Always"" clean — Room was ""always"" clean",81.0,32.0
450597,CUERO REGIONAL HOSPITAL,DE WITT,False,Government - Hospital District or Authority,H_COMP_1_A_P,"Patients who reported that their nurses ""Always"" communicated well — Nurses ""always"" communicated well",76.0,32.0
450597,CUERO REGIONAL HOSPITAL,DE WITT,False,Government - Hospital District or Authority,H_COMP_2_A_P,"Patients who reported that their doctors ""Always"" communicated well — Doctors ""always"" communicated well",86.0,32.0
450597,CUERO REGIONAL HOSPITAL,DE WITT,False,Government - Hospital District or Authority,H_COMP_5_A_P,"Patients who reported that staff ""Always"" explained about medicines before giving it to them — Staff ""always"" explained",68.0,32.0
450597,CUERO REGIONAL HOSPITAL,DE WITT,False,Government - Hospital District or Authority,H_COMP_6_Y_P,"Patients who reported that YES, they were given information about what to do during their recovery at home — Yes, staff ""did"" give patients this information",88.0,32.0
450597,CUERO REGIONAL HOSPITAL,DE WITT,False,Government - Hospital District or Authority,H_HSP_RATING_9_10,"Patients who gave their hospital a rating of 9 or 10 on a scale from 0 (lowest) to 10 (highest) — Patients who gave a rating of ""9"" or ""10"" (high)",74.0,32.0
450597,CUERO REGIONAL HOSPITAL,DE WITT,False,Government - Hospital District or Authority,H_QUIET_HSP_A_P,"Patients who reported that the area around their room was ""Always"" quiet at night — ""Always"" quiet at night",49.0,32.0
450597,CUERO REGIONAL HOSPITAL,DE WITT,False,Government - Hospital District or Authority,H_RECMND_DY,"Patients who reported YES, they would definitely recommend the hospital — ""YES"", patients would definitely recommend the hospital",71.0,32.0
450379,DALLAS MEDICAL CENTER,DALLAS,False,Proprietary,H_CLEAN_HSP_A_P,"Patients who reported that their room and bathroom were ""Always"" clean — Room was ""always"" clean",75.0,214.0
450379,DALLAS MEDICAL CENTER,DALLAS,False,Proprietary,H_COMP_1_A_P,"Patients who reported that their nurses ""Always"" communicated well — Nurses ""always"" communicated well",74.0,214.0
450379,DALLAS MEDICAL CENTER,DALLAS,False,Proprietary,H_COMP_2_A_P,"Patients who reported that their doctors ""Always"" communicated well — Doctors ""always"" communicated well",72.0,214.0
450379,DALLAS MEDICAL CENTER,DALLAS,False,Proprietary,H_COMP_5_A_P,"Patients who reported that staff ""Always"" explained about medicines before giving it to them — Staff ""always"" explained",57.0,214.0
450379,DALLAS MEDICAL CENTER,DALLAS,False,Proprietary,H_COMP_6_Y_P,"Patients who reported that YES, they were given information about what to do during their recovery at home — Yes, staff ""did"" give patients this information",81.0,214.0
450379,DALLAS MEDICAL CENTER,DALLAS,False,Proprietary,H_HSP_RATING_9_10,"Patients who gave their hospital a rating of 9 or 10 on a scale from 0 (lowest) to 10 (highest) — Patients who gave a rating of ""9"" or ""10"" (high)",60.0,214.0
450379,DALLAS MEDICAL CENTER,DALLAS,False,Proprietary,H_QUIET_HSP_A_P,"Patients who reported that the area around their room was ""Always"" quiet at night — ""Always"" quiet at night",61.0,214.0
450379,DALLAS MEDICAL CENTER,DALLAS,False,Proprietary,H_RECMND_DY,"Patients who reported YES, they would definitely recommend the hospital — ""YES"", patients would definitely recommend the hospital",62.0,214.0
450688,DALLAS REGIONAL MEDICAL CENTER,DALLAS,False,Proprietary,H_CLEAN_HSP_A_P,"Patients who reported that their room and bathroom were ""Always"" clean — Room was ""always"" clean",70.0,464.0
450688,DALLAS REGIONAL MEDICAL CENTER,DALLAS,False,Proprietary,H_COMP_1_A_P,"Patients who reported that their nurses ""Always"" communicated well — Nurses ""always"" communicated well",72.0,464.0
450688,DALLAS REGIONAL MEDICAL CENTER,DALLAS,False,Proprietary,H_COMP_2_A_P,"Patients who reported that their doctors ""Always"" communicated well — Doctors ""always"" communicated well",75.0,464.0
450688,DALLAS REGIONAL MEDICAL CENTER,DALLAS,False,Proprietary,H_COMP_5_A_P,"Patients who reported that staff ""Always"" explained about medicines before giving it to them — Staff ""always"" explained",60.0,464.0
450688,DALLAS REGIONAL MEDICAL CENTER,DALLAS,False,Proprietary,H_COMP_6_Y_P,"Patients who reported that YES, they were given information about what to do during their recovery at home — Yes, staff ""did"" give patients this information",78.0,464.0
450688,DALLAS REGIONAL MEDICAL CENTER,DALLAS,False,Proprietary,H_HSP_RATING_9_10,"Patients who gave their hospital a rating of 9 or 10 on a scale from 0 (lowest) to 10 (highest) — Patients who gave a rating of ""9"" or ""10"" (high)",64.0,464.0
450688,DALLAS REGIONAL MEDICAL CENTER,DALLAS,False,Proprietary,H_QUIET_HSP_A_P,"Patients who reported that the area around their room was ""Always"" quiet at night — ""Always"" quiet at night",58.0,464.0
450688,DALLAS REGIONAL MEDICAL CENTER,DALLAS,False,Proprietary,H_RECMND_DY,"Patients who reported YES, they would definitely recommend the hospital — ""YES"", patients would definitely recommend the hospital",63.0,464.0
45066F,DALLAS VA MEDICAL CENTER (VA NORTH TEXAS HEALTHCARE SYSTEM),DALLAS,False,Veterans Health Administration,H_CLEAN_HSP_A_P,"Patients who reported that their room and bathroom were ""Always"" clean — Room was ""always"" clean",65.0,496.0
45066F,DALLAS VA MEDICAL CENTER (VA NORTH TEXAS HEALTHCARE SYSTEM),DALLAS,False,Veterans Health Administration,H_COMP_1_A_P,"Patients who reported that their nurses ""Always"" communicated well — Nurses ""always"" communicated well",75.0,496.0
45066F,DALLAS VA MEDICAL CENTER (VA NORTH TEXAS HEALTHCARE SYSTEM),DALLAS,False,Veterans Health Administration,H_COMP_2_A_P,"Patients who reported that their doctors ""Always"" communicated well — Doctors ""always"" communicated well",79.0,496.0
45066F,DALLAS VA MEDICAL CENTER (VA NORTH TEXAS HEALTHCARE SYSTEM),DALLAS,False,Veterans Health Administration,H_COMP_5_A_P,"Patients who reported that staff ""Always"" explained about medicines before giving it to them — Staff ""always"" explained",62.0,496.0
45066F,DALLAS VA MEDICAL CENTER (VA NORTH TEXAS HEALTHCARE SYSTEM),DALLAS,False,Veterans Health Administration,H_COMP_6_Y_P,"Patients who reported that YES, they were given information about what to do during their recovery at home — Yes, staff ""did"" give patients this information",85.0,496.0
45066F,DALLAS VA MEDICAL CENTER (VA NORTH TEXAS HEALTHCARE SYSTEM),DALLAS,False,Veterans Health Administration,H_HSP_RATING_9_10,"Patients who gave their hospital a rating of 9 or 10 on a scale from 0 (lowest) to 10 (highest) — Patients who gave a rating of ""9"" or ""10"" (high)",66.0,496.0
45066F,DALLAS VA MEDICAL CENTER (VA NORTH TEXAS HEALTHCARE SYSTEM),DALLAS,False,Veterans Health Administration,H_QUIET_HSP_A_P,"Patients who reported that the area around their room was ""Always"" quiet at night — ""Always"" quiet at night",56.0,496.0
45066F,DALLAS VA MEDICAL CENTER (VA NORTH TEXAS HEALTHCARE SYSTEM),DALLAS,False,Veterans Health Administration,H_RECMND_DY,"Patients who reported YES, they would definitely recommend the hospital — ""YES"", patients would definitely recommend the hospital",63.0,496.0
45070F,Darnall AMC (FT Cavazos),BELL,False,Department of Defense,H_CLEAN_HSP_A_P,"Patients who reported that their room and bathroom were ""Always"" clean — Room was ""always"" clean",85.0,698.0
45070F,Darnall AMC (FT Cavazos),BELL,False,Department of Defense,H_COMP_1_A_P,"Patients who reported that their nurses ""Always"" communicated well — Nurses ""always"" communicated well",85.0,698.0
45070F,Darnall AMC (FT Cavazos),BELL,False,Department of Defense,H_COMP_2_A_P,"Patients who reported that their doctors ""Always"" communicated well — Doctors ""always"" communicated well",85.0,698.0
45070F,Darnall AMC (FT Cavazos),BELL,False,Department of Defense,H_COMP_5_A_P,"Patients who reported that staff ""Always"" explained about medicines before giving it to them — Staff ""always"" explained",71.0,698.0
45070F,Darnall AMC (FT Cavazos),BELL,False,Department of Defense,H_COMP_6_Y_P,"Patients who reported that YES, they were given information about what to do during their recovery at home — Yes, staff ""did"" give patients this information",90.0,698.0
45070F,Darnall AMC (FT Cavazos),BELL,False,Department of Defense,H_HSP_RATING_9_10,"Patients who gave their hospital a rating of 9 or 10 on a scale from 0 (lowest) to 10 (highest) — Patients who gave a rating of ""9"" or ""10"" (high)",77.0,698.0
45070F,Darnall AMC (FT Cavazos),BELL,False,Department of Defense,H_QUIET_HSP_A_P,"Patients who reported that the area around their room was ""Always"" quiet at night — ""Always"" quiet at night",81.0,698.0
45070F,Darnall AMC (FT Cavazos),BELL,False,Department of Defense,H_RECMND_DY,"Patients who reported YES, they would definitely recommend the hospital — ""YES"", patients would definitely recommend the hospital",77.0,698.0
450147,DE TAR HOSPITAL NAVARRO,VICTORIA,False,Proprietary,H_CLEAN_HSP_A_P,"Patients who reported that their room and bathroom were ""Always"" clean — Room was ""always"" clean",72.0,443.0
450147,DE TAR HOSPITAL NAVARRO,VICTORIA,False,Proprietary,H_COMP_1_A_P,"Patients who reported that their nurses ""Always"" communicated well — Nurses ""always"" communicated well",74.0,443.0
450147,DE TAR HOSPITAL NAVARRO,VICTORIA,False,Proprietary,H_COMP_2_A_P,"Patients who reported that their doctors ""Always"" communicated well — Doctors ""always"" communicated well",77.0,443.0
450147,DE TAR HOSPITAL NAVARRO,VICTORIA,False,Proprietary,H_COMP_5_A_P,"Patients who reported that staff ""Always"" explained about medicines before giving it to them — Staff ""always"" explained",61.0,443.0
450147,DE TAR HOSPITAL NAVARRO,VICTORIA,False,Proprietary,H_COMP_6_Y_P,"Patients who reported that YES, they were given information about what to do during their recovery at home — Yes, staff ""did"" give patients this information",84.0,443.0
450147,DE TAR HOSPITAL NAVARRO,VICTORIA,False,Proprietary,H_HSP_RATING_9_10,"Patients who gave their hospital a rating of 9 or 10 on a scale from 0 (lowest) to 10 (highest) — Patients who gave a rating of ""9"" or ""10"" (high)",65.0,443.0
450147,DE TAR HOSPITAL NAVARRO,VICTORIA,False,Proprietary,H_QUIET_HSP_A_P,"Patients who reported that the area around their room was ""Always"" quiet at night — ""Always"" quiet at night",58.0,443.0
450147,DE TAR HOSPITAL NAVARRO,VICTORIA,False,Proprietary,H_RECMND_DY,"Patients who reported YES, they would definitely recommend the hospital — ""YES"", patients would definitely recommend the hospital",66.0,443.0
450124,DELL SETON  MED CENTER AT THE UNIVERSITY OF TX,TRAVIS,False,Voluntary non-profit - Private,H_CLEAN_HSP_A_P,"Patients who reported that their room and bathroom were ""Always"" clean — Room was ""always"" clean",76.0,431.0
450124,DELL SETON  MED CENTER AT THE UNIVERSITY OF TX,TRAVIS,False,Voluntary non-profit - Private,H_COMP_1_A_P,"Patients who reported that their nurses ""Always"" communicated well — Nurses ""always"" communicated well",81.0,431.0
450124,DELL SETON  MED CENTER AT THE UNIVERSITY OF TX,TRAVIS,False,Voluntary non-profit - Private,H_COMP_2_A_P,"Patients who reported that their doctors ""Always"" communicated well — Doctors ""always"" communicated well",81.0,431.0
450124,DELL SETON  MED CENTER AT THE UNIVERSITY OF TX,TRAVIS,False,Voluntary non-profit - Private,H_COMP_5_A_P,"Patients who reported that staff ""Always"" explained about medicines before giving it to them — Staff ""always"" explained",63.0,431.0
450124,DELL SETON  MED CENTER AT THE UNIVERSITY OF TX,TRAVIS,False,Voluntary non-profit - Private,H_COMP_6_Y_P,"Patients who reported that YES, they were given information about what to do during their recovery at home — Yes, staff ""did"" give patients this information",85.0,431.0
450124,DELL SETON  MED CENTER AT THE UNIVERSITY OF TX,TRAVIS,False,Voluntary non-profit - Private,H_HSP_RATING_9_10,"Patients who gave their hospital a rating of 9 or 10 on a scale from 0 (lowest) to 10 (highest) — Patients who gave a rating of ""9"" or ""10"" (high)",78.0,431.0
450124,DELL SETON  MED CENTER AT THE UNIVERSITY OF TX,TRAVIS,False,Voluntary non-profit - Private,H_QUIET_HSP_A_P,"Patients who reported that the area around their room was ""Always"" quiet at night — ""Always"" quiet at night",65.0,431.0
450124,DELL SETON  MED CENTER AT THE UNIVERSITY OF TX,TRAVIS,False,Voluntary non-profit - Private,H_RECMND_DY,"Patients who reported YES, they would definitely recommend the hospital — ""YES"", patients would definitely recommend the hospital",78.0,431.0
450643,DOCTORS HOSPITAL OF LAREDO,WEBB,False,Proprietary,H_CLEAN_HSP_A_P,"Patients who reported that their room and bathroom were ""Always"" clean — Room was ""always"" clean",71.0,452.0
450643,DOCTORS HOSPITAL OF LAREDO,WEBB,False,Proprietary,H_COMP_1_A_P,"Patients who reported that their nurses ""Always"" communicated well — Nurses ""always"" communicated well",78.0,452.0
450643,DOCTORS HOSPITAL OF LAREDO,WEBB,False,Proprietary,H_COMP_2_A_P,"Patients who reported that their doctors ""Always"" communicated well — Doctors ""always"" communicated well",76.0,452.0
450643,DOCTORS HOSPITAL OF LAREDO,WEBB,False,Proprietary,H_COMP_5_A_P,"Patients who reported that staff ""Always"" explained about medicines before giving it to them — Staff ""always"" explained",59.0,452.0
450643,DOCTORS HOSPITAL OF LAREDO,WEBB,False,Proprietary,H_COMP_6_Y_P,"Patients who reported that YES, they were given information about what to do during their recovery at home — Yes, staff ""did"" give patients this information",84.0,452.0
450643,DOCTORS HOSPITAL OF LAREDO,WEBB,False,Proprietary,H_HSP_RATING_9_10,"Patients who gave their hospital a rating of 9 or 10 on a scale from 0 (lowest) to 10 (highest) — Patients who gave a rating of ""9"" or ""10"" (high)",67.0,452.0
450643,DOCTORS HOSPITAL OF LAREDO,WEBB,False,Proprietary,H_QUIET_HSP_A_P,"Patients who reported that the area around their room was ""Always"" quiet at night — ""Always"" quiet at night",66.0,452.0
450643,DOCTORS HOSPITAL OF LAREDO,WEBB,False,Proprietary,H_RECMND_DY,"Patients who reported YES, they would definitely recommend the hospital — ""YES"", patients would definitely recommend the hospital",67.0,452.0
450869,DOCTORS HOSPTAL AT RENAISSANCE,HIDALGO,False,Physician,H_CLEAN_HSP_A_P,"Patients who reported that their room and bathroom were ""Always"" clean — Room was ""always"" clean",76.0,3413.0
450869,DOCTORS HOSPTAL AT RENAISSANCE,HIDALGO,False,Physician,H_COMP_1_A_P,"Patients who reported that their nurses ""Always"" communicated well — Nurses ""always"" communicated well",74.0,3413.0
450869,DOCTORS HOSPTAL AT RENAISSANCE,HIDALGO,False,Physician,H_COMP_2_A_P,"Patients who reported that their doctors ""Always"" communicated well — Doctors ""always"" communicated well",78.0,3413.0
450869,DOCTORS HOSPTAL AT RENAISSANCE,HIDALGO,False,Physician,H_COMP_5_A_P,"Patients who reported that staff ""Always"" explained about medicines before giving it to them — Staff ""always"" explained",57.0,3413.0
450869,DOCTORS HOSPTAL AT RENAISSANCE,HIDALGO,False,Physician,H_COMP_6_Y_P,"Patients who reported that YES, they were given information about what to do during their recovery at home — Yes, staff ""did"" give patients this information",84.0,3413.0
450869,DOCTORS HOSPTAL AT RENAISSANCE,HIDALGO,False,Physician,H_HSP_RATING_9_10,"Patients who gave their hospital a rating of 9 or 10 on a scale from 0 (lowest) to 10 (highest) — Patients who gave a rating of ""9"" or ""10"" (high)",69.0,3413.0
450869,DOCTORS HOSPTAL AT RENAISSANCE,HIDALGO,False,Physician,H_QUIET_HSP_A_P,"Patients who reported that the area around their room was ""Always"" quiet at night — ""Always"" quiet at night",53.0,3413.0
450869,DOCTORS HOSPTAL AT RENAISSANCE,HIDALGO,False,Physician,H_RECMND_DY,"Patients who reported YES, they would definitely recommend the hospital — ""YES"", patients would definitely recommend the hospital",70.0,3413.0
450694,EL CAMPO MEMORIAL HOSPITAL,WHARTON,False,Voluntary non-profit - Other,H_CLEAN_HSP_A_P,"Patients who reported that their room and bathroom were ""Always"" clean — Room was ""always"" clean",72.0,123.0
450694,EL CAMPO MEMORIAL HOSPITAL,WHARTON,False,Voluntary non-profit - Other,H_COMP_1_A_P,"Patients who reported that their nurses ""Always"" communicated well — Nurses ""always"" communicated well",74.0,123.0
450694,EL CAMPO MEMORIAL HOSPITAL,WHARTON,False,Voluntary non-profit - Other,H_COMP_2_A_P,"Patients who reported that their doctors ""Always"" communicated well — Doctors ""always"" communicated well",79.0,123.0
450694,EL CAMPO MEMORIAL HOSPITAL,WHARTON,False,Voluntary non-profit - Other,H_COMP_5_A_P,"Patients who reported that staff ""Always"" explained about medicines before giving it to them — Staff ""always"" explained",58.0,123.0
450694,EL CAMPO MEMORIAL HOSPITAL,WHARTON,False,Voluntary non-profit - Other,H_COMP_6_Y_P,"Patients who reported that YES, they were given information about what to do during their recovery at home — Yes, staff ""did"" give patients this information",84.0,123.0
450694,EL CAMPO MEMORIAL HOSPITAL,WHARTON,False,Voluntary non-profit - Other,H_HSP_RATING_9_10,"Patients who gave their hospital a rating of 9 or 10 on a scale from 0 (lowest) to 10 (highest) — Patients who gave a rating of ""9"" or ""10"" (high)",53.0,123.0
450694,EL CAMPO MEMORIAL HOSPITAL,WHARTON,False,Voluntary non-profit - Other,H_QUIET_HSP_A_P,"Patients who reported that the area around their room was ""Always"" quiet at night — ""Always"" quiet at night",60.0,123.0
450694,EL CAMPO MEMORIAL HOSPITAL,WHARTON,False,Voluntary non-profit - Other,H_RECMND_DY,"Patients who reported YES, they would definitely recommend the hospital — ""YES"", patients would definitely recommend the hospital",53.0,123.0
451343,ELECTRA MEMORIAL HOSPITAL,WICHITA,False,Government - Hospital District or Authority,H_CLEAN_HSP_A_P,"Patients who reported that their room and bathroom were ""Always"" clean — Room was ""always"" clean",97.0,63.0
451343,ELECTRA MEMORIAL HOSPITAL,WICHITA,False,Government - Hospital District or Authority,H_COMP_1_A_P,"Patients who reported that their nurses ""Always"" communicated well — Nurses ""always"" communicated well",98.0,63.0
451343,ELECTRA MEMORIAL HOSPITAL,WICHITA,False,Government - Hospital District or Authority,H_COMP_2_A_P,"Patients who reported that their doctors ""Always"" communicated well — Doctors ""always"" communicated well",97.0,63.0
451343,ELECTRA MEMORIAL HOSPITAL,WICHITA,False,Government - Hospital District or Authority,H_COMP_5_A_P,"Patients who reported that staff ""Always"" explained about medicines before giving it to them — Staff ""always"" explained",92.0,63.0
451343,ELECTRA MEMORIAL HOSPITAL,WICHITA,False,Government - Hospital District or Authority,H_COMP_6_Y_P,"Patients who reported that YES, they were given information about what to do during their recovery at home — Yes, staff ""did"" give patients this information",100.0,63.0
451343,ELECTRA MEMORIAL HOSPITAL,WICHITA,False,Government - Hospital District or Authority,H_HSP_RATING_9_10,"Patients who gave their hospital a rating of 9 or 10 on a scale from 0 (lowest) to 10 (highest) — Patients who gave a rating of ""9"" or ""10"" (high)",95.0,63.0
451343,ELECTRA MEMORIAL HOSPITAL,WICHITA,False,Government - Hospital District or Authority,H_QUIET_HSP_A_P,"Patients who reported that the area around their room was ""Always"" quiet at night — ""Always"" quiet at night",88.0,63.0
451343,ELECTRA MEMORIAL HOSPITAL,WICHITA,False,Government - Hospital District or Authority,H_RECMND_DY,"Patients who reported YES, they would definitely recommend the hospital — ""YES"", patients would definitely recommend the hospital",96.0,63.0
450833,ENNIS REGIONAL MEDICAL CENTER,ELLIS,False,Proprietary,H_CLEAN_HSP_A_P,"Patients who reported that their room and bathroom were ""Always"" clean — Room was ""always"" clean",94.0,38.0
450833,ENNIS REGIONAL MEDICAL CENTER,ELLIS,False,Proprietary,H_COMP_1_A_P,"Patients who reported that their nurses ""Always"" communicated well — Nurses ""always"" communicated well",86.0,38.0
450833,ENNIS REGIONAL MEDICAL CENTER,ELLIS,False,Proprietary,H_COMP_2_A_P,"Patients who reported that their doctors ""Always"" communicated well — Doctors ""always"" communicated well",81.0,38.0
450833,ENNIS REGIONAL MEDICAL CENTER,ELLIS,False,Proprietary,H_COMP_5_A_P,"Patients who reported that staff ""Always"" explained about medicines before giving it to them — Staff ""always"" explained",74.0,38.0
450833,ENNIS REGIONAL MEDICAL CENTER,ELLIS,False,Proprietary,H_COMP_6_Y_P,"Patients who reported that YES, they were given information about what to do during their recovery at home — Yes, staff ""did"" give patients this information",87.0,38.0
450833,ENNIS REGIONAL MEDICAL CENTER,ELLIS,False,Proprietary,H_HSP_RATING_9_10,"Patients who gave their hospital a rating of 9 or 10 on a scale from 0 (lowest) to 10 (highest) — Patients who gave a rating of ""9"" or ""10"" (high)",78.0,38.0
450833,ENNIS REGIONAL MEDICAL CENTER,ELLIS,False,Proprietary,H_QUIET_HSP_A_P,"Patients who reported that the area around their room was ""Always"" quiet at night — ""Always"" quiet at night",86.0,38.0
450833,ENNIS REGIONAL MEDICAL CENTER,ELLIS,False,Proprietary,H_RECMND_DY,"Patients who reported YES, they would definitely recommend the hospital — ""YES"", patients would definitely recommend the hospital",82.0,38.0
450241,FAITH COMMUNITY HOSPITAL,JACK,False,Government - Hospital District or Authority,H_CLEAN_HSP_A_P,"Patients who reported that their room and bathroom were ""Always"" clean — Room was ""always"" clean",70.0,37.0
450241,FAITH COMMUNITY HOSPITAL,JACK,False,Government - Hospital District or Authority,H_COMP_1_A_P,"Patients who reported that their nurses ""Always"" communicated well — Nurses ""always"" communicated well",89.0,37.0
450241,FAITH COMMUNITY HOSPITAL,JACK,False,Government - Hospital District or Authority,H_COMP_2_A_P,"Patients who reported that their doctors ""Always"" communicated well — Doctors ""always"" communicated well",80.0,37.0
450241,FAITH COMMUNITY HOSPITAL,JACK,False,Government - Hospital District or Authority,H_COMP_5_A_P,"Patients who reported that staff ""Always"" explained about medicines before giving it to them — Staff ""always"" explained",76.0,37.0
450241,FAITH COMMUNITY HOSPITAL,JACK,False,Government - Hospital District or Authority,H_COMP_6_Y_P,"Patients who reported that YES, they were given information about what to do during their recovery at home — Yes, staff ""did"" give patients this information",93.0,37.0
450241,FAITH COMMUNITY HOSPITAL,JACK,False,Government - Hospital District or Authority,H_HSP_RATING_9_10,"Patients who gave their hospital a rating of 9 or 10 on a scale from 0 (lowest) to 10 (highest) — Patients who gave a rating of ""9"" or ""10"" (high)",75.0,37.0
450241,FAITH COMMUNITY HOSPITAL,JACK,False,Government - Hospital District or Authority,H_QUIET_HSP_A_P,"Patients who reported that the area around their room was ""Always"" quiet at night — ""Always"" quiet at night",75.0,37.0
450241,FAITH COMMUNITY HOSPITAL,JACK,False,Government - Hospital District or Authority,H_RECMND_DY,"Patients who reported YES, they would definitely recommend the hospital — ""YES"", patients would definitely recommend the hospital",67.0,37.0
450092,FORT DUNCAN MEDICAL CENTER,MAVERICK,False,Proprietary,H_CLEAN_HSP_A_P,"Patients who reported that their room and bathroom were ""Always"" clean — Room was ""always"" clean",72.0,143.0
450092,FORT DUNCAN MEDICAL CENTER,MAVERICK,False,Proprietary,H_COMP_1_A_P,"Patients who reported that their nurses ""Always"" communicated well — Nurses ""always"" communicated well",77.0,143.0
450092,FORT DUNCAN MEDICAL CENTER,MAVERICK,False,Proprietary,H_COMP_2_A_P,"Patients who reported that their doctors ""Always"" communicated well — Doctors ""always"" communicated well",81.0,143.0
450092,FORT DUNCAN MEDICAL CENTER,MAVERICK,False,Proprietary,H_COMP_5_A_P,"Patients who reported that staff ""Always"" explained about medicines before giving it to them — Staff ""always"" explained",58.0,143.0
450092,FORT DUNCAN MEDICAL CENTER,MAVERICK,False,Proprietary,H_COMP_6_Y_P,"Patients who reported that YES, they were given information about what to do during their recovery at home — Yes, staff ""did"" give patients this information",81.0,143.0
450092,FORT DUNCAN MEDICAL CENTER,MAVERICK,False,Proprietary,H_HSP_RATING_9_10,"Patients who gave their hospital a rating of 9 or 10 on a scale from 0 (lowest) to 10 (highest) — Patients who gave a rating of ""9"" or ""10"" (high)",59.0,143.0
450092,FORT DUNCAN MEDICAL CENTER,MAVERICK,False,Proprietary,H_QUIET_HSP_A_P,"Patients who reported that the area around their room was ""Always"" quiet at night — ""Always"" quiet at night",68.0,143.0
450092,FORT DUNCAN MEDICAL CENTER,MAVERICK,False,Proprietary,H_RECMND_DY,"Patients who reported YES, they would definitely recommend the hospital — ""YES"", patients would definitely recommend the hospital",55.0,143.0
670054,FOUNDATION SURGICAL HOSPITAL OF SAN ANTONIO,BEXAR,False,Proprietary,H_CLEAN_HSP_A_P,"Patients who reported that their room and bathroom were ""Always"" clean — Room was ""always"" clean",80.0,70.0
670054,FOUNDATION SURGICAL HOSPITAL OF SAN ANTONIO,BEXAR,False,Proprietary,H_COMP_1_A_P,"Patients who reported that their nurses ""Always"" communicated well — Nurses ""always"" communicated well",85.0,70.0
670054,FOUNDATION SURGICAL HOSPITAL OF SAN ANTONIO,BEXAR,False,Proprietary,H_COMP_2_A_P,"Patients who reported that their doctors ""Always"" communicated well — Doctors ""always"" communicated well",85.0,70.0
670054,FOUNDATION SURGICAL HOSPITAL OF SAN ANTONIO,BEXAR,False,Proprietary,H_COMP_5_A_P,"Patients who reported that staff ""Always"" explained about medicines before giving it to them — Staff ""always"" explained",75.0,70.0
670054,FOUNDATION SURGICAL HOSPITAL OF SAN ANTONIO,BEXAR,False,Proprietary,H_COMP_6_Y_P,"Patients who reported that YES, they were given information about what to do during their recovery at home — Yes, staff ""did"" give patients this information",87.0,70.0
670054,FOUNDATION SURGICAL HOSPITAL OF SAN ANTONIO,BEXAR,False,Proprietary,H_HSP_RATING_9_10,"Patients who gave their hospital a rating of 9 or 10 on a scale from 0 (lowest) to 10 (highest) — Patients who gave a rating of ""9"" or ""10"" (high)",80.0,70.0
670054,FOUNDATION SURGICAL HOSPITAL OF SAN ANTONIO,BEXAR,False,Proprietary,H_QUIET_HSP_A_P,"Patients who reported that the area around their room was ""Always"" quiet at night — ""Always"" quiet at night",85.0,70.0
670054,FOUNDATION SURGICAL HOSPITAL OF SAN ANTONIO,BEXAR,False,Proprietary,H_RECMND_DY,"Patients who reported YES, they would definitely recommend the hospital — ""YES"", patients would definitely recommend the hospital",81.0,70.0
451391,FRIO REGIONAL HOSPITAL,FRIO,False,Voluntary non-profit - Private,H_CLEAN_HSP_A_P,"Patients who reported that their room and bathroom were ""Always"" clean — Room was ""always"" clean",83.0,43.0
451391,FRIO REGIONAL HOSPITAL,FRIO,False,Voluntary non-profit - Private,H_COMP_1_A_P,"Patients who reported that their nurses ""Always"" communicated well — Nurses ""always"" communicated well",86.0,43.0
451391,FRIO REGIONAL HOSPITAL,FRIO,False,Voluntary non-profit - Private,H_COMP_2_A_P,"Patients who reported that their doctors ""Always"" communicated well — Doctors ""always"" communicated well",85.0,43.0
451391,FRIO REGIONAL HOSPITAL,FRIO,False,Voluntary non-profit - Private,H_COMP_5_A_P,"Patients who reported that staff ""Always"" explained about medicines before giving it to them — Staff ""always"" explained",56.0,43.0
451391,FRIO REGIONAL HOSPITAL,FRIO,False,Voluntary non-profit - Private,H_COMP_6_Y_P,"Patients who reported that YES, they were given information about what to do during their recovery at home — Yes, staff ""did"" give patients this information",78.0,43.0
451391,FRIO REGIONAL HOSPITAL,FRIO,False,Voluntary non-profit - Private,H_HSP_RATING_9_10,"Patients who gave their hospital a rating of 9 or 10 on a scale from 0 (lowest) to 10 (highest) — Patients who gave a rating of ""9"" or ""10"" (high)",78.0,43.0
451391,FRIO REGIONAL HOSPITAL,FRIO,False,Voluntary non-profit - Private,H_QUIET_HSP_A_P,"Patients who reported that the area around their room was ""Always"" quiet at night — ""Always"" quiet at night",73.0,43.0
451391,FRIO REGIONAL HOSPITAL,FRIO,False,Voluntary non-profit - Private,H_RECMND_DY,"Patients who reported YES, they would definitely recommend the hospital — ""YES"", patients would definitely recommend the hospital",66.0,43.0
450451,GLEN ROSE MEDICAL CENTER,SOMERVELL,False,Government - Hospital District or Authority,H_CLEAN_HSP_A_P,"Patients who reported that their room and bathroom were ""Always"" clean — Room was ""always"" clean",79.0,39.0
450451,GLEN ROSE MEDICAL CENTER,SOMERVELL,False,Government - Hospital District or Authority,H_COMP_1_A_P,"Patients who reported that their nurses ""Always"" communicated well — Nurses ""always"" communicated well",79.0,39.0
450451,GLEN ROSE MEDICAL CENTER,SOMERVELL,False,Government - Hospital District or Authority,H_COMP_2_A_P,"Patients who reported that their doctors ""Always"" communicated well — Doctors ""always"" communicated well",94.0,39.0
450451,GLEN ROSE MEDICAL CENTER,SOMERVELL,False,Government - Hospital District or Authority,H_COMP_5_A_P,"Patients who reported that staff ""Always"" explained about medicines before giving it to them — Staff ""always"" explained",59.0,39.0
450451,GLEN ROSE MEDICAL CENTER,SOMERVELL,False,Government - Hospital District or Authority,H_COMP_6_Y_P,"Patients who reported that YES, they were given information about what to do during their recovery at home — Yes, staff ""did"" give patients this information",92.0,39.0
450451,GLEN ROSE MEDICAL CENTER,SOMERVELL,False,Government - Hospital District or Authority,H_HSP_RATING_9_10,"Patients who gave their hospital a rating of 9 or 10 on a scale from 0 (lowest) to 10 (highest) — Patients who gave a rating of ""9"" or ""10"" (high)",89.0,39.0
450451,GLEN ROSE MEDICAL CENTER,SOMERVELL,False,Government - Hospital District or Authority,H_QUIET_HSP_A_P,"Patients who reported that the area around their room was ""Always"" quiet at night — ""Always"" quiet at night",70.0,39.0
450451,GLEN ROSE MEDICAL CENTER,SOMERVELL,False,Government - Hospital District or Authority,H_RECMND_DY,"Patients who reported YES, they would definitely recommend the hospital — ""YES"", patients would definitely recommend the hospital",87.0,39.0
451369,GOLDEN PLAINS COMMUNITY HOSPITAL,HUTCHINSON,False,Proprietary,H_CLEAN_HSP_A_P,"Patients who reported that their room and bathroom were ""Always"" clean — Room was ""always"" clean",88.0,34.0
451369,GOLDEN PLAINS COMMUNITY HOSPITAL,HUTCHINSON,False,Proprietary,H_COMP_1_A_P,"Patients who reported that their nurses ""Always"" communicated well — Nurses ""always"" communicated well",92.0,34.0
451369,GOLDEN PLAINS COMMUNITY HOSPITAL,HUTCHINSON,False,Proprietary,H_COMP_2_A_P,"Patients who reported that their doctors ""Always"" communicated well — Doctors ""always"" communicated well",94.0,34.0
451369,GOLDEN PLAINS COMMUNITY HOSPITAL,HUTCHINSON,False,Proprietary,H_COMP_5_A_P,"Patients who reported that staff ""Always"" explained about medicines before giving it to them — Staff ""always"" explained",66.0,34.0
451369,GOLDEN PLAINS COMMUNITY HOSPITAL,HUTCHINSON,False,Proprietary,H_COMP_6_Y_P,"Patients who reported that YES, they were given information about what to do during their recovery at home — Yes, staff ""did"" give patients this information",95.0,34.0
451369,GOLDEN PLAINS COMMUNITY HOSPITAL,HUTCHINSON,False,Proprietary,H_HSP_RATING_9_10,"Patients who gave their hospital a rating of 9 or 10 on a scale from 0 (lowest) to 10 (highest) — Patients who gave a rating of ""9"" or ""10"" (high)",74.0,34.0
451369,GOLDEN PLAINS COMMUNITY HOSPITAL,HUTCHINSON,False,Proprietary,H_QUIET_HSP_A_P,"Patients who reported that the area around their room was ""Always"" quiet at night — ""Always"" quiet at night",77.0,34.0
451369,GOLDEN PLAINS COMMUNITY HOSPITAL,HUTCHINSON,False,Proprietary,H_RECMND_DY,"Patients who reported YES, they would definitely recommend the hospital — ""YES"", patients would definitely recommend the hospital",55.0,34.0
450162,GRACE SURGICAL HOSPITAL,LUBBOCK,False,Voluntary non-profit - Private,H_CLEAN_HSP_A_P,"Patients who reported that their room and bathroom were ""Always"" clean — Room was ""always"" clean",83.0,70.0
450162,GRACE SURGICAL HOSPITAL,LUBBOCK,False,Voluntary non-profit - Private,H_COMP_1_A_P,"Patients who reported that their nurses ""Always"" communicated well — Nurses ""always"" communicated well",88.0,70.0
450162,GRACE SURGICAL HOSPITAL,LUBBOCK,False,Voluntary non-profit - Private,H_COMP_2_A_P,"Patients who reported that their doctors ""Always"" communicated well — Doctors ""always"" communicated well",81.0,70.0
450162,GRACE SURGICAL HOSPITAL,LUBBOCK,False,Voluntary non-profit - Private,H_COMP_5_A_P,"Patients who reported that staff ""Always"" explained about medicines before giving it to them — Staff ""always"" explained",70.0,70.0
450162,GRACE SURGICAL HOSPITAL,LUBBOCK,False,Voluntary non-profit - Private,H_COMP_6_Y_P,"Patients who reported that YES, they were given information about what to do during their recovery at home — Yes, staff ""did"" give patients this information",90.0,70.0
450162,GRACE SURGICAL HOSPITAL,LUBBOCK,False,Voluntary non-profit - Private,H_HSP_RATING_9_10,"Patients who gave their hospital a rating of 9 or 10 on a scale from 0 (lowest) to 10 (highest) — Patients who gave a rating of ""9"" or ""10"" (high)",87.0,70.0
450162,GRACE SURGICAL HOSPITAL,LUBBOCK,False,Voluntary non-profit - Private,H_QUIET_HSP_A_P,"Patients who reported that the area around their room was ""Always"" quiet at night — ""Always"" quiet at night",83.0,70.0
450162,GRACE SURGICAL HOSPITAL,LUBBOCK,False,Voluntary non-profit - Private,H_RECMND_DY,"Patients who reported YES, they would definitely recommend the hospital — ""YES"", patients would definitely recommend the hospital",88.0,70.0
671300,GRAHAM REGIONAL MEDICAL CENTER,YOUNG,False,Government - Hospital District or Authority,H_CLEAN_HSP_A_P,"Patients who reported that their room and bathroom were ""Always"" clean — Room was ""always"" clean",89.0,42.0
671300,GRAHAM REGIONAL MEDICAL CENTER,YOUNG,False,Government - Hospital District or Authority,H_COMP_1_A_P,"Patients who reported that their nurses ""Always"" communicated well — Nurses ""always"" communicated well",89.0,42.0
671300,GRAHAM REGIONAL MEDICAL CENTER,YOUNG,False,Government - Hospital District or Authority,H_COMP_2_A_P,"Patients who reported that their doctors ""Always"" communicated well — Doctors ""always"" communicated well",81.0,42.0
671300,GRAHAM REGIONAL MEDICAL CENTER,YOUNG,False,Government - Hospital District or Authority,H_COMP_5_A_P,"Patients who reported that staff ""Always"" explained about medicines before giving it to them — Staff ""always"" explained",74.0,42.0
671300,GRAHAM REGIONAL MEDICAL CENTER,YOUNG,False,Government - Hospital District or Authority,H_COMP_6_Y_P,"Patients who reported that YES, they were given information about what to do during their recovery at home — Yes, staff ""did"" give patients this information",82.0,42.0
671300,GRAHAM REGIONAL MEDICAL CENTER,YOUNG,False,Government - Hospital District or Authority,H_HSP_RATING_9_10,"Patients who gave their hospital a rating of 9 or 10 on a scale from 0 (lowest) to 10 (highest) — Patients who gave a rating of ""9"" or ""10"" (high)",87.0,42.0
671300,GRAHAM REGIONAL MEDICAL CENTER,YOUNG,False,Government - Hospital District or Authority,H_QUIET_HSP_A_P,"Patients who reported that the area around their room was ""Always"" quiet at night — ""Always"" quiet at night",82.0,42.0
671300,GRAHAM REGIONAL MEDICAL CENTER,YOUNG,False,Government - Hospital District or Authority,H_RECMND_DY,"Patients who reported YES, they would definitely recommend the hospital — ""YES"", patients would definitely recommend the hospital",88.0,42.0
450104,GUADALUPE REGIONAL MEDICAL CENTER,GUADALUPE,False,Government - Local,H_CLEAN_HSP_A_P,"Patients who reported that their room and bathroom were ""Always"" clean — Room was ""always"" clean",82.0,296.0
450104,GUADALUPE REGIONAL MEDICAL CENTER,GUADALUPE,False,Government - Local,H_COMP_1_A_P,"Patients who reported that their nurses ""Always"" communicated well — Nurses ""always"" communicated well",86.0,296.0
450104,GUADALUPE REGIONAL MEDICAL CENTER,GUADALUPE,False,Government - Local,H_COMP_2_A_P,"Patients who reported that their doctors ""Always"" communicated well — Doctors ""always"" communicated well",85.0,296.0
450104,GUADALUPE REGIONAL MEDICAL CENTER,GUADALUPE,False,Government - Local,H_COMP_5_A_P,"Patients who reported that staff ""Always"" explained about medicines before giving it to them — Staff ""always"" explained",67.0,296.0
450104,GUADALUPE REGIONAL MEDICAL CENTER,GUADALUPE,False,Government - Local,H_COMP_6_Y_P,"Patients who reported that YES, they were given information about what to do during their recovery at home — Yes, staff ""did"" give patients this information",89.0,296.0
450104,GUADALUPE REGIONAL MEDICAL CENTER,GUADALUPE,False,Government - Local,H_HSP_RATING_9_10,"Patients who gave their hospital a rating of 9 or 10 on a scale from 0 (lowest) to 10 (highest) — Patients who gave a rating of ""9"" or ""10"" (high)",84.0,296.0
450104,GUADALUPE REGIONAL MEDICAL CENTER,GUADALUPE,False,Government - Local,H_QUIET_HSP_A_P,"Patients who reported that the area around their room was ""Always"" quiet at night — ""Always"" quiet at night",73.0,296.0
450104,GUADALUPE REGIONAL MEDICAL CENTER,GUADALUPE,False,Government - Local,H_RECMND_DY,"Patients who reported YES, they would definitely recommend the hospital — ""YES"", patients would definitely recommend the hospital",80.0,296.0
451392,HAMILTON GENERAL HOSPITAL,HAMILTON,False,Government - Hospital District or Authority,H_CLEAN_HSP_A_P,"Patients who reported that their room and bathroom were ""Always"" clean — Room was ""always"" clean",87.0,97.0
451392,HAMILTON GENERAL HOSPITAL,HAMILTON,False,Government - Hospital District or Authority,H_COMP_1_A_P,"Patients who reported that their nurses ""Always"" communicated well — Nurses ""always"" communicated well",84.0,97.0
451392,HAMILTON GENERAL HOSPITAL,HAMILTON,False,Government - Hospital District or Authority,H_COMP_2_A_P,"Patients who reported that their doctors ""Always"" communicated well — Doctors ""always"" communicated well",85.0,97.0
451392,HAMILTON GENERAL HOSPITAL,HAMILTON,False,Government - Hospital District or Authority,H_COMP_5_A_P,"Patients who reported that staff ""Always"" explained about medicines before giving it to them — Staff ""always"" explained",72.0,97.0
451392,HAMILTON GENERAL HOSPITAL,HAMILTON,False,Government - Hospital District or Authority,H_COMP_6_Y_P,"Patients who reported that YES, they were given information about what to do during their recovery at home — Yes, staff ""did"" give patients this information",91.0,97.0
451392,HAMILTON GENERAL HOSPITAL,HAMILTON,False,Government - Hospital District or Authority,H_HSP_RATING_9_10,"Patients who gave their hospital a rating of 9 or 10 on a scale from 0 (lowest) to 10 (highest) — Patients who gave a rating of ""9"" or ""10"" (high)",87.0,97.0
451392,HAMILTON GENERAL HOSPITAL,HAMILTON,False,Government - Hospital District or Authority,H_QUIET_HSP_A_P,"Patients who reported that the area around their room was ""Always"" quiet at night — ""Always"" quiet at night",70.0,97.0
451392,HAMILTON GENERAL HOSPITAL,HAMILTON,False,Government - Hospital District or Authority,H_RECMND_DY,"Patients who reported YES, they would definitely recommend the hospital — ""YES"", patients would definitely recommend the hospital",84.0,97.0
451354,HAMILTON HOSPITAL,YOUNG,False,Government - Hospital District or Authority,H_CLEAN_HSP_A_P,"Patients who reported that their room and bathroom were ""Always"" clean — Room was ""always"" clean",95.0,35.0
451354,HAMILTON HOSPITAL,YOUNG,False,Government - Hospital District or Authority,H_COMP_1_A_P,"Patients who reported that their nurses ""Always"" communicated well — Nurses ""always"" communicated well",85.0,35.0
451354,HAMILTON HOSPITAL,YOUNG,False,Government - Hospital District or Authority,H_COMP_2_A_P,"Patients who reported that their doctors ""Always"" communicated well — Doctors ""always"" communicated well",95.0,35.0
451354,HAMILTON HOSPITAL,YOUNG,False,Government - Hospital District or Authority,H_COMP_5_A_P,"Patients who reported that staff ""Always"" explained about medicines before giving it to them — Staff ""always"" explained",58.0,35.0
451354,HAMILTON HOSPITAL,YOUNG,False,Government - Hospital District or Authority,H_COMP_6_Y_P,"Patients who reported that YES, they were given information about what to do during their recovery at home — Yes, staff ""did"" give patients this information",97.0,35.0
451354,HAMILTON HOSPITAL,YOUNG,False,Government - Hospital District or Authority,H_HSP_RATING_9_10,"Patients who gave their hospital a rating of 9 or 10 on a scale from 0 (lowest) to 10 (highest) — Patients who gave a rating of ""9"" or ""10"" (high)",85.0,35.0
451354,HAMILTON HOSPITAL,YOUNG,False,Government - Hospital District or Authority,H_QUIET_HSP_A_P,"Patients who reported that the area around their room was ""Always"" quiet at night — ""Always"" quiet at night",58.0,35.0
451354,HAMILTON HOSPITAL,YOUNG,False,Government - Hospital District or Authority,H_RECMND_DY,"Patients who reported YES, they would definitely recommend the hospital — ""YES"", patients would definitely recommend the hospital",81.0,35.0
450855,HARLINGEN MEDICAL CENTER,CAMERON,False,Proprietary,H_CLEAN_HSP_A_P,"Patients who reported that their room and bathroom were ""Always"" clean — Room was ""always"" clean",80.0,400.0
450855,HARLINGEN MEDICAL CENTER,CAMERON,False,Proprietary,H_COMP_1_A_P,"Patients who reported that their nurses ""Always"" communicated well — Nurses ""always"" communicated well",78.0,400.0
450855,HARLINGEN MEDICAL CENTER,CAMERON,False,Proprietary,H_COMP_2_A_P,"Patients who reported that their doctors ""Always"" communicated well — Doctors ""always"" communicated well",72.0,400.0
450855,HARLINGEN MEDICAL CENTER,CAMERON,False,Proprietary,H_COMP_5_A_P,"Patients who reported that staff ""Always"" explained about medicines before giving it to them — Staff ""always"" explained",59.0,400.0
450855,HARLINGEN MEDICAL CENTER,CAMERON,False,Proprietary,H_COMP_6_Y_P,"Patients who reported that YES, they were given information about what to do during their recovery at home — Yes, staff ""did"" give patients this information",78.0,400.0
450855,HARLINGEN MEDICAL CENTER,CAMERON,False,Proprietary,H_HSP_RATING_9_10,"Patients who gave their hospital a rating of 9 or 10 on a scale from 0 (lowest) to 10 (highest) — Patients who gave a rating of ""9"" or ""10"" (high)",73.0,400.0
450855,HARLINGEN MEDICAL CENTER,CAMERON,False,Proprietary,H_QUIET_HSP_A_P,"Patients who reported that the area around their room was ""Always"" quiet at night — ""Always"" quiet at night",60.0,400.0
450855,HARLINGEN MEDICAL CENTER,CAMERON,False,Proprietary,H_RECMND_DY,"Patients who reported YES, they would definitely recommend the hospital — ""YES"", patients would definitely recommend the hospital",77.0,400.0
450289,HARRIS HEALTH,HARRIS,True,Government - Hospital District or Authority,H_CLEAN_HSP_A_P,"Patients who reported that their room and bathroom were ""Always"" clean — Room was ""always"" clean",67.0,530.0
450289,HARRIS HEALTH,HARRIS,True,Government - Hospital District or Authority,H_COMP_1_A_P,"Patients who reported that their nurses ""Always"" communicated well — Nurses ""always"" communicated well",78.0,530.0
450289,HARRIS HEALTH,HARRIS,True,Government - Hospital District or Authority,H_COMP_2_A_P,"Patients who reported that their doctors ""Always"" communicated well — Doctors ""always"" communicated well",79.0,530.0
450289,HARRIS HEALTH,HARRIS,True,Government - Hospital District or Authority,H_COMP_5_A_P,"Patients who reported that staff ""Always"" explained about medicines before giving it to them — Staff ""always"" explained",58.0,530.0
450289,HARRIS HEALTH,HARRIS,True,Government - Hospital District or Authority,H_COMP_6_Y_P,"Patients who reported that YES, they were given information about what to do during their recovery at home — Yes, staff ""did"" give patients this information",85.0,530.0
450289,HARRIS HEALTH,HARRIS,True,Government - Hospital District or Authority,H_HSP_RATING_9_10,"Patients who gave their hospital a rating of 9 or 10 on a scale from 0 (lowest) to 10 (highest) — Patients who gave a rating of ""9"" or ""10"" (high)",71.0,530.0
450289,HARRIS HEALTH,HARRIS,True,Government - Hospital District or Authority,H_QUIET_HSP_A_P,"Patients who reported that the area around their room was ""Always"" quiet at night — ""Always"" quiet at night",49.0,530.0
450289,HARRIS HEALTH,HARRIS,True,Government - Hospital District or Authority,H_RECMND_DY,"Patients who reported YES, they would definitely recommend the hospital — ""YES"", patients would definitely recommend the hospital",71.0,530.0
450617,HCA HOUSTON HEALTHCARE CLEAR LAKE,HARRIS,True,Proprietary,H_CLEAN_HSP_A_P,"Patients who reported that their room and bathroom were ""Always"" clean — Room was ""always"" clean",75.0,1085.0
450617,HCA HOUSTON HEALTHCARE CLEAR LAKE,HARRIS,True,Proprietary,H_COMP_1_A_P,"Patients who reported that their nurses ""Always"" communicated well — Nurses ""always"" communicated well",72.0,1085.0
450617,HCA HOUSTON HEALTHCARE CLEAR LAKE,HARRIS,True,Proprietary,H_COMP_2_A_P,"Patients who reported that their doctors ""Always"" communicated well — Doctors ""always"" communicated well",72.0,1085.0
450617,HCA HOUSTON HEALTHCARE CLEAR LAKE,HARRIS,True,Proprietary,H_COMP_5_A_P,"Patients who reported that staff ""Always"" explained about medicines before giving it to them — Staff ""always"" explained",51.0,1085.0
450617,HCA HOUSTON HEALTHCARE CLEAR LAKE,HARRIS,True,Proprietary,H_COMP_6_Y_P,"Patients who reported that YES, they were given information about what to do during their recovery at home — Yes, staff ""did"" give patients this information",80.0,1085.0
450617,HCA HOUSTON HEALTHCARE CLEAR LAKE,HARRIS,True,Proprietary,H_HSP_RATING_9_10,"Patients who gave their hospital a rating of 9 or 10 on a scale from 0 (lowest) to 10 (highest) — Patients who gave a rating of ""9"" or ""10"" (high)",63.0,1085.0
450617,HCA HOUSTON HEALTHCARE CLEAR LAKE,HARRIS,True,Proprietary,H_QUIET_HSP_A_P,"Patients who reported that the area around their room was ""Always"" quiet at night — ""Always"" quiet at night",59.0,1085.0
450617,HCA HOUSTON HEALTHCARE CLEAR LAKE,HARRIS,True,Proprietary,H_RECMND_DY,"Patients who reported YES, they would definitely recommend the hospital — ""YES"", patients would definitely recommend the hospital",60.0,1085.0
450222,HCA HOUSTON HEALTHCARE CONROE,MONTGOMERY,True,Proprietary,H_CLEAN_HSP_A_P,"Patients who reported that their room and bathroom were ""Always"" clean — Room was ""always"" clean",71.0,554.0
450222,HCA HOUSTON HEALTHCARE CONROE,MONTGOMERY,True,Proprietary,H_COMP_1_A_P,"Patients who reported that their nurses ""Always"" communicated well — Nurses ""always"" communicated well",71.0,554.0
450222,HCA HOUSTON HEALTHCARE CONROE,MONTGOMERY,True,Proprietary,H_COMP_2_A_P,"Patients who reported that their doctors ""Always"" communicated well — Doctors ""always"" communicated well",65.0,554.0
450222,HCA HOUSTON HEALTHCARE CONROE,MONTGOMERY,True,Proprietary,H_COMP_5_A_P,"Patients who reported that staff ""Always"" explained about medicines before giving it to them — Staff ""always"" explained",54.0,554.0
450222,HCA HOUSTON HEALTHCARE CONROE,MONTGOMERY,True,Proprietary,H_COMP_6_Y_P,"Patients who reported that YES, they were given information about what to do during their recovery at home — Yes, staff ""did"" give patients this information",77.0,554.0
450222,HCA HOUSTON HEALTHCARE CONROE,MONTGOMERY,True,Proprietary,H_HSP_RATING_9_10,"Patients who gave their hospital a rating of 9 or 10 on a scale from 0 (lowest) to 10 (highest) — Patients who gave a rating of ""9"" or ""10"" (high)",61.0,554.0
450222,HCA HOUSTON HEALTHCARE CONROE,MONTGOMERY,True,Proprietary,H_QUIET_HSP_A_P,"Patients who reported that the area around their room was ""Always"" quiet at night — ""Always"" quiet at night",61.0,554.0
450222,HCA HOUSTON HEALTHCARE CONROE,MONTGOMERY,True,Proprietary,H_RECMND_DY,"Patients who reported YES, they would definitely recommend the hospital — ""YES"", patients would definitely recommend the hospital",56.0,554.0
450775,HCA HOUSTON HEALTHCARE KINGWOOD,HARRIS,True,Proprietary,H_CLEAN_HSP_A_P,"Patients who reported that their room and bathroom were ""Always"" clean — Room was ""always"" clean",61.0,1187.0
450775,HCA HOUSTON HEALTHCARE KINGWOOD,HARRIS,True,Proprietary,H_COMP_1_A_P,"Patients who reported that their nurses ""Always"" communicated well — Nurses ""always"" communicated well",69.0,1187.0
450775,HCA HOUSTON HEALTHCARE KINGWOOD,HARRIS,True,Proprietary,H_COMP_2_A_P,"Patients who reported that their doctors ""Always"" communicated well — Doctors ""always"" communicated well",69.0,1187.0
450775,HCA HOUSTON HEALTHCARE KINGWOOD,HARRIS,True,Proprietary,H_COMP_5_A_P,"Patients who reported that staff ""Always"" explained about medicines before giving it to them — Staff ""always"" explained",51.0,1187.0
450775,HCA HOUSTON HEALTHCARE KINGWOOD,HARRIS,True,Proprietary,H_COMP_6_Y_P,"Patients who reported that YES, they were given information about what to do during their recovery at home — Yes, staff ""did"" give patients this information",77.0,1187.0
450775,HCA HOUSTON HEALTHCARE KINGWOOD,HARRIS,True,Proprietary,H_HSP_RATING_9_10,"Patients who gave their hospital a rating of 9 or 10 on a scale from 0 (lowest) to 10 (highest) — Patients who gave a rating of ""9"" or ""10"" (high)",57.0,1187.0
450775,HCA HOUSTON HEALTHCARE KINGWOOD,HARRIS,True,Proprietary,H_QUIET_HSP_A_P,"Patients who reported that the area around their room was ""Always"" quiet at night — ""Always"" quiet at night",60.0,1187.0
450775,HCA HOUSTON HEALTHCARE KINGWOOD,HARRIS,True,Proprietary,H_RECMND_DY,"Patients who reported YES, they would definitely recommend the hospital — ""YES"", patients would definitely recommend the hospital",53.0,1187.0
450659,HCA HOUSTON HEALTHCARE MEDICAL CENTER,HARRIS,True,Proprietary,H_CLEAN_HSP_A_P,"Patients who reported that their room and bathroom were ""Always"" clean — Room was ""always"" clean",71.0,778.0
450659,HCA HOUSTON HEALTHCARE MEDICAL CENTER,HARRIS,True,Proprietary,H_COMP_1_A_P,"Patients who reported that their nurses ""Always"" communicated well — Nurses ""always"" communicated well",74.0,778.0
450659,HCA HOUSTON HEALTHCARE MEDICAL CENTER,HARRIS,True,Proprietary,H_COMP_2_A_P,"Patients who reported that their doctors ""Always"" communicated well — Doctors ""always"" communicated well",75.0,778.0
450659,HCA HOUSTON HEALTHCARE MEDICAL CENTER,HARRIS,True,Proprietary,H_COMP_5_A_P,"Patients who reported that staff ""Always"" explained about medicines before giving it to them — Staff ""always"" explained",55.0,778.0
450659,HCA HOUSTON HEALTHCARE MEDICAL CENTER,HARRIS,True,Proprietary,H_COMP_6_Y_P,"Patients who reported that YES, they were given information about what to do during their recovery at home — Yes, staff ""did"" give patients this information",80.0,778.0
450659,HCA HOUSTON HEALTHCARE MEDICAL CENTER,HARRIS,True,Proprietary,H_HSP_RATING_9_10,"Patients who gave their hospital a rating of 9 or 10 on a scale from 0 (lowest) to 10 (highest) — Patients who gave a rating of ""9"" or ""10"" (high)",66.0,778.0
450659,HCA HOUSTON HEALTHCARE MEDICAL CENTER,HARRIS,True,Proprietary,H_QUIET_HSP_A_P,"Patients who reported that the area around their room was ""Always"" quiet at night — ""Always"" quiet at night",68.0,778.0
450659,HCA HOUSTON HEALTHCARE MEDICAL CENTER,HARRIS,True,Proprietary,H_RECMND_DY,"Patients who reported YES, they would definitely recommend the hospital — ""YES"", patients would definitely recommend the hospital",63.0,778.0
450638,HCA HOUSTON HEALTHCARE NORTHWEST,HARRIS,True,Proprietary,H_CLEAN_HSP_A_P,"Patients who reported that their room and bathroom were ""Always"" clean — Room was ""always"" clean",69.0,816.0
450638,HCA HOUSTON HEALTHCARE NORTHWEST,HARRIS,True,Proprietary,H_COMP_1_A_P,"Patients who reported that their nurses ""Always"" communicated well — Nurses ""always"" communicated well",73.0,816.0
450638,HCA HOUSTON HEALTHCARE NORTHWEST,HARRIS,True,Proprietary,H_COMP_2_A_P,"Patients who reported that their doctors ""Always"" communicated well — Doctors ""always"" communicated well",70.0,816.0
450638,HCA HOUSTON HEALTHCARE NORTHWEST,HARRIS,True,Proprietary,H_COMP_5_A_P,"Patients who reported that staff ""Always"" explained about medicines before giving it to them — Staff ""always"" explained",53.0,816.0
450638,HCA HOUSTON HEALTHCARE NORTHWEST,HARRIS,True,Proprietary,H_COMP_6_Y_P,"Patients who reported that YES, they were given information about what to do during their recovery at home — Yes, staff ""did"" give patients this information",78.0,816.0
450638,HCA HOUSTON HEALTHCARE NORTHWEST,HARRIS,True,Proprietary,H_HSP_RATING_9_10,"Patients who gave their hospital a rating of 9 or 10 on a scale from 0 (lowest) to 10 (highest) — Patients who gave a rating of ""9"" or ""10"" (high)",62.0,816.0
450638,HCA HOUSTON HEALTHCARE NORTHWEST,HARRIS,True,Proprietary,H_QUIET_HSP_A_P,"Patients who reported that the area around their room was ""Always"" quiet at night — ""Always"" quiet at night",56.0,816.0
450638,HCA HOUSTON HEALTHCARE NORTHWEST,HARRIS,True,Proprietary,H_RECMND_DY,"Patients who reported YES, they would definitely recommend the hospital — ""YES"", patients would definitely recommend the hospital",59.0,816.0
670106,HCA HOUSTON HEALTHCARE PEARLAND,BRAZORIA,True,Proprietary,H_CLEAN_HSP_A_P,"Patients who reported that their room and bathroom were ""Always"" clean — Room was ""always"" clean",76.0,323.0
670106,HCA HOUSTON HEALTHCARE PEARLAND,BRAZORIA,True,Proprietary,H_COMP_1_A_P,"Patients who reported that their nurses ""Always"" communicated well — Nurses ""always"" communicated well",74.0,323.0
670106,HCA HOUSTON HEALTHCARE PEARLAND,BRAZORIA,True,Proprietary,H_COMP_2_A_P,"Patients who reported that their doctors ""Always"" communicated well — Doctors ""always"" communicated well",74.0,323.0
670106,HCA HOUSTON HEALTHCARE PEARLAND,BRAZORIA,True,Proprietary,H_COMP_5_A_P,"Patients who reported that staff ""Always"" explained about medicines before giving it to them — Staff ""always"" explained",54.0,323.0
670106,HCA HOUSTON HEALTHCARE PEARLAND,BRAZORIA,True,Proprietary,H_COMP_6_Y_P,"Patients who reported that YES, they were given information about what to do during their recovery at home — Yes, staff ""did"" give patients this information",80.0,323.0
670106,HCA HOUSTON HEALTHCARE PEARLAND,BRAZORIA,True,Proprietary,H_HSP_RATING_9_10,"Patients who gave their hospital a rating of 9 or 10 on a scale from 0 (lowest) to 10 (highest) — Patients who gave a rating of ""9"" or ""10"" (high)",65.0,323.0
670106,HCA HOUSTON HEALTHCARE PEARLAND,BRAZORIA,True,Proprietary,H_QUIET_HSP_A_P,"Patients who reported that the area around their room was ""Always"" quiet at night — ""Always"" quiet at night",58.0,323.0
670106,HCA HOUSTON HEALTHCARE PEARLAND,BRAZORIA,True,Proprietary,H_RECMND_DY,"Patients who reported YES, they would definitely recommend the hospital — ""YES"", patients would definitely recommend the hospital",61.0,323.0
450097,HCA HOUSTON HEALTHCARE SOUTHEAST,HARRIS,True,Proprietary,H_CLEAN_HSP_A_P,"Patients who reported that their room and bathroom were ""Always"" clean — Room was ""always"" clean",71.0,708.0
450097,HCA HOUSTON HEALTHCARE SOUTHEAST,HARRIS,True,Proprietary,H_COMP_1_A_P,"Patients who reported that their nurses ""Always"" communicated well — Nurses ""always"" communicated well",76.0,708.0
450097,HCA HOUSTON HEALTHCARE SOUTHEAST,HARRIS,True,Proprietary,H_COMP_2_A_P,"Patients who reported that their doctors ""Always"" communicated well — Doctors ""always"" communicated well",73.0,708.0
450097,HCA HOUSTON HEALTHCARE SOUTHEAST,HARRIS,True,Proprietary,H_COMP_5_A_P,"Patients who reported that staff ""Always"" explained about medicines before giving it to them — Staff ""always"" explained",57.0,708.0
450097,HCA HOUSTON HEALTHCARE SOUTHEAST,HARRIS,True,Proprietary,H_COMP_6_Y_P,"Patients who reported that YES, they were given information about what to do during their recovery at home — Yes, staff ""did"" give patients this information",81.0,708.0
450097,HCA HOUSTON HEALTHCARE SOUTHEAST,HARRIS,True,Proprietary,H_HSP_RATING_9_10,"Patients who gave their hospital a rating of 9 or 10 on a scale from 0 (lowest) to 10 (highest) — Patients who gave a rating of ""9"" or ""10"" (high)",67.0,708.0
450097,HCA HOUSTON HEALTHCARE SOUTHEAST,HARRIS,True,Proprietary,H_QUIET_HSP_A_P,"Patients who reported that the area around their room was ""Always"" quiet at night — ""Always"" quiet at night",60.0,708.0
450097,HCA HOUSTON HEALTHCARE SOUTHEAST,HARRIS,True,Proprietary,H_RECMND_DY,"Patients who reported YES, they would definitely recommend the hospital — ""YES"", patients would definitely recommend the hospital",64.0,708.0
450670,HCA HOUSTON HEALTHCARE TOMBALL,HARRIS,True,Proprietary,H_CLEAN_HSP_A_P,"Patients who reported that their room and bathroom were ""Always"" clean — Room was ""always"" clean",68.0,642.0
450670,HCA HOUSTON HEALTHCARE TOMBALL,HARRIS,True,Proprietary,H_COMP_1_A_P,"Patients who reported that their nurses ""Always"" communicated well — Nurses ""always"" communicated well",76.0,642.0
450670,HCA HOUSTON HEALTHCARE TOMBALL,HARRIS,True,Proprietary,H_COMP_2_A_P,"Patients who reported that their doctors ""Always"" communicated well — Doctors ""always"" communicated well",71.0,642.0
450670,HCA HOUSTON HEALTHCARE TOMBALL,HARRIS,True,Proprietary,H_COMP_5_A_P,"Patients who reported that staff ""Always"" explained about medicines before giving it to them — Staff ""always"" explained",51.0,642.0
450670,HCA HOUSTON HEALTHCARE TOMBALL,HARRIS,True,Proprietary,H_COMP_6_Y_P,"Patients who reported that YES, they were given information about what to do during their recovery at home — Yes, staff ""did"" give patients this information",82.0,642.0
450670,HCA HOUSTON HEALTHCARE TOMBALL,HARRIS,True,Proprietary,H_HSP_RATING_9_10,"Patients who gave their hospital a rating of 9 or 10 on a scale from 0 (lowest) to 10 (highest) — Patients who gave a rating of ""9"" or ""10"" (high)",65.0,642.0
450670,HCA HOUSTON HEALTHCARE TOMBALL,HARRIS,True,Proprietary,H_QUIET_HSP_A_P,"Patients who reported that the area around their room was ""Always"" quiet at night — ""Always"" quiet at night",60.0,642.0
450670,HCA HOUSTON HEALTHCARE TOMBALL,HARRIS,True,Proprietary,H_RECMND_DY,"Patients who reported YES, they would definitely recommend the hospital — ""YES"", patients would definitely recommend the hospital",63.0,642.0
450644,HCA HOUSTON HEALTHCARE WEST,HARRIS,True,Proprietary,H_CLEAN_HSP_A_P,"Patients who reported that their room and bathroom were ""Always"" clean — Room was ""always"" clean",71.0,714.0
450644,HCA HOUSTON HEALTHCARE WEST,HARRIS,True,Proprietary,H_COMP_1_A_P,"Patients who reported that their nurses ""Always"" communicated well — Nurses ""always"" communicated well",71.0,714.0
450644,HCA HOUSTON HEALTHCARE WEST,HARRIS,True,Proprietary,H_COMP_2_A_P,"Patients who reported that their doctors ""Always"" communicated well — Doctors ""always"" communicated well",70.0,714.0
450644,HCA HOUSTON HEALTHCARE WEST,HARRIS,True,Proprietary,H_COMP_5_A_P,"Patients who reported that staff ""Always"" explained about medicines before giving it to them — Staff ""always"" explained",49.0,714.0
450644,HCA HOUSTON HEALTHCARE WEST,HARRIS,True,Proprietary,H_COMP_6_Y_P,"Patients who reported that YES, they were given information about what to do during their recovery at home — Yes, staff ""did"" give patients this information",78.0,714.0
450644,HCA HOUSTON HEALTHCARE WEST,HARRIS,True,Proprietary,H_HSP_RATING_9_10,"Patients who gave their hospital a rating of 9 or 10 on a scale from 0 (lowest) to 10 (highest) — Patients who gave a rating of ""9"" or ""10"" (high)",59.0,714.0
450644,HCA HOUSTON HEALTHCARE WEST,HARRIS,True,Proprietary,H_QUIET_HSP_A_P,"Patients who reported that the area around their room was ""Always"" quiet at night — ""Always"" quiet at night",58.0,714.0
450644,HCA HOUSTON HEALTHCARE WEST,HARRIS,True,Proprietary,H_RECMND_DY,"Patients who reported YES, they would definitely recommend the hospital — ""YES"", patients would definitely recommend the hospital",56.0,714.0
450229,HENDRICK MEDICAL CENTER,TAYLOR,False,Voluntary non-profit - Private,H_CLEAN_HSP_A_P,"Patients who reported that their room and bathroom were ""Always"" clean — Room was ""always"" clean",66.0,359.0
450229,HENDRICK MEDICAL CENTER,TAYLOR,False,Voluntary non-profit - Private,H_COMP_1_A_P,"Patients who reported that their nurses ""Always"" communicated well — Nurses ""always"" communicated well",74.0,359.0
450229,HENDRICK MEDICAL CENTER,TAYLOR,False,Voluntary non-profit - Private,H_COMP_2_A_P,"Patients who reported that their doctors ""Always"" communicated well — Doctors ""always"" communicated well",75.0,359.0
450229,HENDRICK MEDICAL CENTER,TAYLOR,False,Voluntary non-profit - Private,H_COMP_5_A_P,"Patients who reported that staff ""Always"" explained about medicines before giving it to them — Staff ""always"" explained",53.0,359.0
450229,HENDRICK MEDICAL CENTER,TAYLOR,False,Voluntary non-profit - Private,H_COMP_6_Y_P,"Patients who reported that YES, they were given information about what to do during their recovery at home — Yes, staff ""did"" give patients this information",87.0,359.0
450229,HENDRICK MEDICAL CENTER,TAYLOR,False,Voluntary non-profit - Private,H_HSP_RATING_9_10,"Patients who gave their hospital a rating of 9 or 10 on a scale from 0 (lowest) to 10 (highest) — Patients who gave a rating of ""9"" or ""10"" (high)",63.0,359.0
450229,HENDRICK MEDICAL CENTER,TAYLOR,False,Voluntary non-profit - Private,H_QUIET_HSP_A_P,"Patients who reported that the area around their room was ""Always"" quiet at night — ""Always"" quiet at night",61.0,359.0
450229,HENDRICK MEDICAL CENTER,TAYLOR,False,Voluntary non-profit - Private,H_RECMND_DY,"Patients who reported YES, they would definitely recommend the hospital — ""YES"", patients would definitely recommend the hospital",63.0,359.0
450587,HENDRICK MEDICAL CENTER BROWNWOOD,BROWN,False,Voluntary non-profit - Private,H_CLEAN_HSP_A_P,"Patients who reported that their room and bathroom were ""Always"" clean — Room was ""always"" clean",65.0,392.0
450587,HENDRICK MEDICAL CENTER BROWNWOOD,BROWN,False,Voluntary non-profit - Private,H_COMP_1_A_P,"Patients who reported that their nurses ""Always"" communicated well — Nurses ""always"" communicated well",72.0,392.0
450587,HENDRICK MEDICAL CENTER BROWNWOOD,BROWN,False,Voluntary non-profit - Private,H_COMP_2_A_P,"Patients who reported that their doctors ""Always"" communicated well — Doctors ""always"" communicated well",71.0,392.0
450587,HENDRICK MEDICAL CENTER BROWNWOOD,BROWN,False,Voluntary non-profit - Private,H_COMP_5_A_P,"Patients who reported that staff ""Always"" explained about medicines before giving it to them — Staff ""always"" explained",51.0,392.0
450587,HENDRICK MEDICAL CENTER BROWNWOOD,BROWN,False,Voluntary non-profit - Private,H_COMP_6_Y_P,"Patients who reported that YES, they were given information about what to do during their recovery at home — Yes, staff ""did"" give patients this information",86.0,392.0
450587,HENDRICK MEDICAL CENTER BROWNWOOD,BROWN,False,Voluntary non-profit - Private,H_HSP_RATING_9_10,"Patients who gave their hospital a rating of 9 or 10 on a scale from 0 (lowest) to 10 (highest) — Patients who gave a rating of ""9"" or ""10"" (high)",57.0,392.0
450587,HENDRICK MEDICAL CENTER BROWNWOOD,BROWN,False,Voluntary non-profit - Private,H_QUIET_HSP_A_P,"Patients who reported that the area around their room was ""Always"" quiet at night — ""Always"" quiet at night",50.0,392.0
450587,HENDRICK MEDICAL CENTER BROWNWOOD,BROWN,False,Voluntary non-profit - Private,H_RECMND_DY,"Patients who reported YES, they would definitely recommend the hospital — ""YES"", patients would definitely recommend the hospital",54.0,392.0
450155,HEREFORD REGIONAL MEDICAL CENTER,DEAF SMITH,False,Government - Hospital District or Authority,H_CLEAN_HSP_A_P,"Patients who reported that their room and bathroom were ""Always"" clean — Room was ""always"" clean",85.0,32.0
450155,HEREFORD REGIONAL MEDICAL CENTER,DEAF SMITH,False,Government - Hospital District or Authority,H_COMP_1_A_P,"Patients who reported that their nurses ""Always"" communicated well — Nurses ""always"" communicated well",74.0,32.0
450155,HEREFORD REGIONAL MEDICAL CENTER,DEAF SMITH,False,Government - Hospital District or Authority,H_COMP_2_A_P,"Patients who reported that their doctors ""Always"" communicated well — Doctors ""always"" communicated well",78.0,32.0
450155,HEREFORD REGIONAL MEDICAL CENTER,DEAF SMITH,False,Government - Hospital District or Authority,H_COMP_5_A_P,"Patients who reported that staff ""Always"" explained about medicines before giving it to them — Staff ""always"" explained",46.0,32.0
450155,HEREFORD REGIONAL MEDICAL CENTER,DEAF SMITH,False,Government - Hospital District or Authority,H_COMP_6_Y_P,"Patients who reported that YES, they were given information about what to do during their recovery at home — Yes, staff ""did"" give patients this information",94.0,32.0
450155,HEREFORD REGIONAL MEDICAL CENTER,DEAF SMITH,False,Government - Hospital District or Authority,H_HSP_RATING_9_10,"Patients who gave their hospital a rating of 9 or 10 on a scale from 0 (lowest) to 10 (highest) — Patients who gave a rating of ""9"" or ""10"" (high)",83.0,32.0
450155,HEREFORD REGIONAL MEDICAL CENTER,DEAF SMITH,False,Government - Hospital District or Authority,H_QUIET_HSP_A_P,"Patients who reported that the area around their room was ""Always"" quiet at night — ""Always"" quiet at night",55.0,32.0
450155,HEREFORD REGIONAL MEDICAL CENTER,DEAF SMITH,False,Government - Hospital District or Authority,H_RECMND_DY,"Patients who reported YES, they would definitely recommend the hospital — ""YES"", patients would definitely recommend the hospital",74.0,32.0
450604,HILL COUNTRY MEMORIAL HOSPITAL,GILLESPIE,False,Proprietary,H_CLEAN_HSP_A_P,"Patients who reported that their room and bathroom were ""Always"" clean — Room was ""always"" clean",81.0,420.0
450604,HILL COUNTRY MEMORIAL HOSPITAL,GILLESPIE,False,Proprietary,H_COMP_1_A_P,"Patients who reported that their nurses ""Always"" communicated well — Nurses ""always"" communicated well",81.0,420.0
450604,HILL COUNTRY MEMORIAL HOSPITAL,GILLESPIE,False,Proprietary,H_COMP_2_A_P,"Patients who reported that their doctors ""Always"" communicated well — Doctors ""always"" communicated well",80.0,420.0
450604,HILL COUNTRY MEMORIAL HOSPITAL,GILLESPIE,False,Proprietary,H_COMP_5_A_P,"Patients who reported that staff ""Always"" explained about medicines before giving it to them — Staff ""always"" explained",62.0,420.0
450604,HILL COUNTRY MEMORIAL HOSPITAL,GILLESPIE,False,Proprietary,H_COMP_6_Y_P,"Patients who reported that YES, they were given information about what to do during their recovery at home — Yes, staff ""did"" give patients this information",90.0,420.0
450604,HILL COUNTRY MEMORIAL HOSPITAL,GILLESPIE,False,Proprietary,H_HSP_RATING_9_10,"Patients who gave their hospital a rating of 9 or 10 on a scale from 0 (lowest) to 10 (highest) — Patients who gave a rating of ""9"" or ""10"" (high)",74.0,420.0
450604,HILL COUNTRY MEMORIAL HOSPITAL,GILLESPIE,False,Proprietary,H_QUIET_HSP_A_P,"Patients who reported that the area around their room was ""Always"" quiet at night — ""Always"" quiet at night",64.0,420.0
450604,HILL COUNTRY MEMORIAL HOSPITAL,GILLESPIE,False,Proprietary,H_RECMND_DY,"Patients who reported YES, they would definitely recommend the hospital — ""YES"", patients would definitely recommend the hospital",72.0,420.0
451395,HILL REGIONAL HOSPITAL,HILL,False,Voluntary non-profit - Private,H_CLEAN_HSP_A_P,"Patients who reported that their room and bathroom were ""Always"" clean — Room was ""always"" clean",71.0,103.0
451395,HILL REGIONAL HOSPITAL,HILL,False,Voluntary non-profit - Private,H_COMP_1_A_P,"Patients who reported that their nurses ""Always"" communicated well — Nurses ""always"" communicated well",82.0,103.0
451395,HILL REGIONAL HOSPITAL,HILL,False,Voluntary non-profit - Private,H_COMP_2_A_P,"Patients who reported that their doctors ""Always"" communicated well — Doctors ""always"" communicated well",81.0,103.0
451395,HILL REGIONAL HOSPITAL,HILL,False,Voluntary non-profit - Private,H_COMP_5_A_P,"Patients who reported that staff ""Always"" explained about medicines before giving it to them — Staff ""always"" explained",57.0,103.0
451395,HILL REGIONAL HOSPITAL,HILL,False,Voluntary non-profit - Private,H_COMP_6_Y_P,"Patients who reported that YES, they were given information about what to do during their recovery at home — Yes, staff ""did"" give patients this information",76.0,103.0
451395,HILL REGIONAL HOSPITAL,HILL,False,Voluntary non-profit - Private,H_HSP_RATING_9_10,"Patients who gave their hospital a rating of 9 or 10 on a scale from 0 (lowest) to 10 (highest) — Patients who gave a rating of ""9"" or ""10"" (high)",66.0,103.0
451395,HILL REGIONAL HOSPITAL,HILL,False,Voluntary non-profit - Private,H_QUIET_HSP_A_P,"Patients who reported that the area around their room was ""Always"" quiet at night — ""Always"" quiet at night",66.0,103.0
451395,HILL REGIONAL HOSPITAL,HILL,False,Voluntary non-profit - Private,H_RECMND_DY,"Patients who reported YES, they would definitely recommend the hospital — ""YES"", patients would definitely recommend the hospital",60.0,103.0
450424,HOUSTON METHODIST BAYTOWN HOSPITAL,HARRIS,True,Voluntary non-profit - Private,H_CLEAN_HSP_A_P,"Patients who reported that their room and bathroom were ""Always"" clean — Room was ""always"" clean",82.0,1585.0
450424,HOUSTON METHODIST BAYTOWN HOSPITAL,HARRIS,True,Voluntary non-profit - Private,H_COMP_1_A_P,"Patients who reported that their nurses ""Always"" communicated well — Nurses ""always"" communicated well",82.0,1585.0
450424,HOUSTON METHODIST BAYTOWN HOSPITAL,HARRIS,True,Voluntary non-profit - Private,H_COMP_2_A_P,"Patients who reported that their doctors ""Always"" communicated well — Doctors ""always"" communicated well",79.0,1585.0
450424,HOUSTON METHODIST BAYTOWN HOSPITAL,HARRIS,True,Voluntary non-profit - Private,H_COMP_5_A_P,"Patients who reported that staff ""Always"" explained about medicines before giving it to them — Staff ""always"" explained",66.0,1585.0
450424,HOUSTON METHODIST BAYTOWN HOSPITAL,HARRIS,True,Voluntary non-profit - Private,H_COMP_6_Y_P,"Patients who reported that YES, they were given information about what to do during their recovery at home — Yes, staff ""did"" give patients this information",90.0,1585.0
450424,HOUSTON METHODIST BAYTOWN HOSPITAL,HARRIS,True,Voluntary non-profit - Private,H_HSP_RATING_9_10,"Patients who gave their hospital a rating of 9 or 10 on a scale from 0 (lowest) to 10 (highest) — Patients who gave a rating of ""9"" or ""10"" (high)",79.0,1585.0
450424,HOUSTON METHODIST BAYTOWN HOSPITAL,HARRIS,True,Voluntary non-profit - Private,H_QUIET_HSP_A_P,"Patients who reported that the area around their room was ""Always"" quiet at night — ""Always"" quiet at night",72.0,1585.0
450424,HOUSTON METHODIST BAYTOWN HOSPITAL,HARRIS,True,Voluntary non-profit - Private,H_RECMND_DY,"Patients who reported YES, they would definitely recommend the hospital — ""YES"", patients would definitely recommend the hospital",78.0,1585.0
450709,HOUSTON METHODIST CLEAR LAKE HOSPITAL,HARRIS,True,Voluntary non-profit - Private,H_CLEAN_HSP_A_P,"Patients who reported that their room and bathroom were ""Always"" clean — Room was ""always"" clean",76.0,1198.0
450709,HOUSTON METHODIST CLEAR LAKE HOSPITAL,HARRIS,True,Voluntary non-profit - Private,H_COMP_1_A_P,"Patients who reported that their nurses ""Always"" communicated well — Nurses ""always"" communicated well",84.0,1198.0
450709,HOUSTON METHODIST CLEAR LAKE HOSPITAL,HARRIS,True,Voluntary non-profit - Private,H_COMP_2_A_P,"Patients who reported that their doctors ""Always"" communicated well — Doctors ""always"" communicated well",78.0,1198.0
450709,HOUSTON METHODIST CLEAR LAKE HOSPITAL,HARRIS,True,Voluntary non-profit - Private,H_COMP_5_A_P,"Patients who reported that staff ""Always"" explained about medicines before giving it to them — Staff ""always"" explained",66.0,1198.0
450709,HOUSTON METHODIST CLEAR LAKE HOSPITAL,HARRIS,True,Voluntary non-profit - Private,H_COMP_6_Y_P,"Patients who reported that YES, they were given information about what to do during their recovery at home — Yes, staff ""did"" give patients this information",91.0,1198.0
450709,HOUSTON METHODIST CLEAR LAKE HOSPITAL,HARRIS,True,Voluntary non-profit - Private,H_HSP_RATING_9_10,"Patients who gave their hospital a rating of 9 or 10 on a scale from 0 (lowest) to 10 (highest) — Patients who gave a rating of ""9"" or ""10"" (high)",82.0,1198.0
450709,HOUSTON METHODIST CLEAR LAKE HOSPITAL,HARRIS,True,Voluntary non-profit - Private,H_QUIET_HSP_A_P,"Patients who reported that the area around their room was ""Always"" quiet at night — ""Always"" quiet at night",61.0,1198.0
450709,HOUSTON METHODIST CLEAR LAKE HOSPITAL,HARRIS,True,Voluntary non-profit - Private,H_RECMND_DY,"Patients who reported YES, they would definitely recommend the hospital — ""YES"", patients would definitely recommend the hospital",84.0,1198.0
450358,HOUSTON METHODIST HOSPITAL,HARRIS,True,Voluntary non-profit - Private,H_CLEAN_HSP_A_P,"Patients who reported that their room and bathroom were ""Always"" clean — Room was ""always"" clean",74.0,7035.0
450358,HOUSTON METHODIST HOSPITAL,HARRIS,True,Voluntary non-profit - Private,H_COMP_1_A_P,"Patients who reported that their nurses ""Always"" communicated well — Nurses ""always"" communicated well",78.0,7035.0
450358,HOUSTON METHODIST HOSPITAL,HARRIS,True,Voluntary non-profit - Private,H_COMP_2_A_P,"Patients who reported that their doctors ""Always"" communicated well — Doctors ""always"" communicated well",81.0,7035.0
450358,HOUSTON METHODIST HOSPITAL,HARRIS,True,Voluntary non-profit - Private,H_COMP_5_A_P,"Patients who reported that staff ""Always"" explained about medicines before giving it to them — Staff ""always"" explained",61.0,7035.0
450358,HOUSTON METHODIST HOSPITAL,HARRIS,True,Voluntary non-profit - Private,H_COMP_6_Y_P,"Patients who reported that YES, they were given information about what to do during their recovery at home — Yes, staff ""did"" give patients this information",88.0,7035.0
450358,HOUSTON METHODIST HOSPITAL,HARRIS,True,Voluntary non-profit - Private,H_HSP_RATING_9_10,"Patients who gave their hospital a rating of 9 or 10 on a scale from 0 (lowest) to 10 (highest) — Patients who gave a rating of ""9"" or ""10"" (high)",79.0,7035.0
450358,HOUSTON METHODIST HOSPITAL,HARRIS,True,Voluntary non-profit - Private,H_QUIET_HSP_A_P,"Patients who reported that the area around their room was ""Always"" quiet at night — ""Always"" quiet at night",66.0,7035.0
450358,HOUSTON METHODIST HOSPITAL,HARRIS,True,Voluntary non-profit - Private,H_RECMND_DY,"Patients who reported YES, they would definitely recommend the hospital — ""YES"", patients would definitely recommend the hospital",82.0,7035.0
450820,HOUSTON METHODIST SUGARLAND HOSPITAL,FORT BEND,True,Voluntary non-profit - Private,H_CLEAN_HSP_A_P,"Patients who reported that their room and bathroom were ""Always"" clean — Room was ""always"" clean",81.0,3134.0
450820,HOUSTON METHODIST SUGARLAND HOSPITAL,FORT BEND,True,Voluntary non-profit - Private,H_COMP_1_A_P,"Patients who reported that their nurses ""Always"" communicated well — Nurses ""always"" communicated well",77.0,3134.0
450820,HOUSTON METHODIST SUGARLAND HOSPITAL,FORT BEND,True,Voluntary non-profit - Private,H_COMP_2_A_P,"Patients who reported that their doctors ""Always"" communicated well — Doctors ""always"" communicated well",78.0,3134.0
450820,HOUSTON METHODIST SUGARLAND HOSPITAL,FORT BEND,True,Voluntary non-profit - Private,H_COMP_5_A_P,"Patients who reported that staff ""Always"" explained about medicines before giving it to them — Staff ""always"" explained",60.0,3134.0
450820,HOUSTON METHODIST SUGARLAND HOSPITAL,FORT BEND,True,Voluntary non-profit - Private,H_COMP_6_Y_P,"Patients who reported that YES, they were given information about what to do during their recovery at home — Yes, staff ""did"" give patients this information",88.0,3134.0
450820,HOUSTON METHODIST SUGARLAND HOSPITAL,FORT BEND,True,Voluntary non-profit - Private,H_HSP_RATING_9_10,"Patients who gave their hospital a rating of 9 or 10 on a scale from 0 (lowest) to 10 (highest) — Patients who gave a rating of ""9"" or ""10"" (high)",78.0,3134.0
450820,HOUSTON METHODIST SUGARLAND HOSPITAL,FORT BEND,True,Voluntary non-profit - Private,H_QUIET_HSP_A_P,"Patients who reported that the area around their room was ""Always"" quiet at night — ""Always"" quiet at night",65.0,3134.0
450820,HOUSTON METHODIST SUGARLAND HOSPITAL,FORT BEND,True,Voluntary non-profit - Private,H_RECMND_DY,"Patients who reported YES, they would definitely recommend the hospital — ""YES"", patients would definitely recommend the hospital",80.0,3134.0
670122,HOUSTON METHODIST THE WOODLANDS HOSPITAL,MONTGOMERY,True,Voluntary non-profit - Private,H_CLEAN_HSP_A_P,"Patients who reported that their room and bathroom were ""Always"" clean — Room was ""always"" clean",84.0,3184.0
670122,HOUSTON METHODIST THE WOODLANDS HOSPITAL,MONTGOMERY,True,Voluntary non-profit - Private,H_COMP_1_A_P,"Patients who reported that their nurses ""Always"" communicated well — Nurses ""always"" communicated well",80.0,3184.0
670122,HOUSTON METHODIST THE WOODLANDS HOSPITAL,MONTGOMERY,True,Voluntary non-profit - Private,H_COMP_2_A_P,"Patients who reported that their doctors ""Always"" communicated well — Doctors ""always"" communicated well",78.0,3184.0
670122,HOUSTON METHODIST THE WOODLANDS HOSPITAL,MONTGOMERY,True,Voluntary non-profit - Private,H_COMP_5_A_P,"Patients who reported that staff ""Always"" explained about medicines before giving it to them — Staff ""always"" explained",62.0,3184.0
670122,HOUSTON METHODIST THE WOODLANDS HOSPITAL,MONTGOMERY,True,Voluntary non-profit - Private,H_COMP_6_Y_P,"Patients who reported that YES, they were given information about what to do during their recovery at home — Yes, staff ""did"" give patients this information",89.0,3184.0
670122,HOUSTON METHODIST THE WOODLANDS HOSPITAL,MONTGOMERY,True,Voluntary non-profit - Private,H_HSP_RATING_9_10,"Patients who gave their hospital a rating of 9 or 10 on a scale from 0 (lowest) to 10 (highest) — Patients who gave a rating of ""9"" or ""10"" (high)",82.0,3184.0
670122,HOUSTON METHODIST THE WOODLANDS HOSPITAL,MONTGOMERY,True,Voluntary non-profit - Private,H_QUIET_HSP_A_P,"Patients who reported that the area around their room was ""Always"" quiet at night — ""Always"" quiet at night",66.0,3184.0
670122,HOUSTON METHODIST THE WOODLANDS HOSPITAL,MONTGOMERY,True,Voluntary non-profit - Private,H_RECMND_DY,"Patients who reported YES, they would definitely recommend the hospital — ""YES"", patients would definitely recommend the hospital",84.0,3184.0
670077,HOUSTON METHODIST WEST HOSPITAL,HARRIS,True,Voluntary non-profit - Private,H_CLEAN_HSP_A_P,"Patients who reported that their room and bathroom were ""Always"" clean — Room was ""always"" clean",81.0,2208.0
670077,HOUSTON METHODIST WEST HOSPITAL,HARRIS,True,Voluntary non-profit - Private,H_COMP_1_A_P,"Patients who reported that their nurses ""Always"" communicated well — Nurses ""always"" communicated well",78.0,2208.0
670077,HOUSTON METHODIST WEST HOSPITAL,HARRIS,True,Voluntary non-profit - Private,H_COMP_2_A_P,"Patients who reported that their doctors ""Always"" communicated well — Doctors ""always"" communicated well",77.0,2208.0
670077,HOUSTON METHODIST WEST HOSPITAL,HARRIS,True,Voluntary non-profit - Private,H_COMP_5_A_P,"Patients who reported that staff ""Always"" explained about medicines before giving it to them — Staff ""always"" explained",63.0,2208.0
670077,HOUSTON METHODIST WEST HOSPITAL,HARRIS,True,Voluntary non-profit - Private,H_COMP_6_Y_P,"Patients who reported that YES, they were given information about what to do during their recovery at home — Yes, staff ""did"" give patients this information",89.0,2208.0
670077,HOUSTON METHODIST WEST HOSPITAL,HARRIS,True,Voluntary non-profit - Private,H_HSP_RATING_9_10,"Patients who gave their hospital a rating of 9 or 10 on a scale from 0 (lowest) to 10 (highest) — Patients who gave a rating of ""9"" or ""10"" (high)",80.0,2208.0
670077,HOUSTON METHODIST WEST HOSPITAL,HARRIS,True,Voluntary non-profit - Private,H_QUIET_HSP_A_P,"Patients who reported that the area around their room was ""Always"" quiet at night — ""Always"" quiet at night",61.0,2208.0
670077,HOUSTON METHODIST WEST HOSPITAL,HARRIS,True,Voluntary non-profit - Private,H_RECMND_DY,"Patients who reported YES, they would definitely recommend the hospital — ""YES"", patients would definitely recommend the hospital",83.0,2208.0
450844,HOUSTON METHODIST WILLOWBROOK HOSPITAL,HARRIS,True,Voluntary non-profit - Private,H_CLEAN_HSP_A_P,"Patients who reported that their room and bathroom were ""Always"" clean — Room was ""always"" clean",80.0,2797.0
450844,HOUSTON METHODIST WILLOWBROOK HOSPITAL,HARRIS,True,Voluntary non-profit - Private,H_COMP_1_A_P,"Patients who reported that their nurses ""Always"" communicated well — Nurses ""always"" communicated well",82.0,2797.0
450844,HOUSTON METHODIST WILLOWBROOK HOSPITAL,HARRIS,True,Voluntary non-profit - Private,H_COMP_2_A_P,"Patients who reported that their doctors ""Always"" communicated well — Doctors ""always"" communicated well",79.0,2797.0
450844,HOUSTON METHODIST WILLOWBROOK HOSPITAL,HARRIS,True,Voluntary non-profit - Private,H_COMP_5_A_P,"Patients who reported that staff ""Always"" explained about medicines before giving it to them — Staff ""always"" explained",65.0,2797.0
450844,HOUSTON METHODIST WILLOWBROOK HOSPITAL,HARRIS,True,Voluntary non-profit - Private,H_COMP_6_Y_P,"Patients who reported that YES, they were given information about what to do during their recovery at home — Yes, staff ""did"" give patients this information",89.0,2797.0
450844,HOUSTON METHODIST WILLOWBROOK HOSPITAL,HARRIS,True,Voluntary non-profit - Private,H_HSP_RATING_9_10,"Patients who gave their hospital a rating of 9 or 10 on a scale from 0 (lowest) to 10 (highest) — Patients who gave a rating of ""9"" or ""10"" (high)",79.0,2797.0
450844,HOUSTON METHODIST WILLOWBROOK HOSPITAL,HARRIS,True,Voluntary non-profit - Private,H_QUIET_HSP_A_P,"Patients who reported that the area around their room was ""Always"" quiet at night — ""Always"" quiet at night",66.0,2797.0
450844,HOUSTON METHODIST WILLOWBROOK HOSPITAL,HARRIS,True,Voluntary non-profit - Private,H_RECMND_DY,"Patients who reported YES, they would definitely recommend the hospital — ""YES"", patients would definitely recommend the hospital",79.0,2797.0
45074F,HOUSTON VA MEDICAL CENTER,HARRIS,True,Veterans Health Administration,H_CLEAN_HSP_A_P,"Patients who reported that their room and bathroom were ""Always"" clean — Room was ""always"" clean",69.0,545.0
45074F,HOUSTON VA MEDICAL CENTER,HARRIS,True,Veterans Health Administration,H_COMP_1_A_P,"Patients who reported that their nurses ""Always"" communicated well — Nurses ""always"" communicated well",78.0,545.0
45074F,HOUSTON VA MEDICAL CENTER,HARRIS,True,Veterans Health Administration,H_COMP_2_A_P,"Patients who reported that their doctors ""Always"" communicated well — Doctors ""always"" communicated well",81.0,545.0
45074F,HOUSTON VA MEDICAL CENTER,HARRIS,True,Veterans Health Administration,H_COMP_5_A_P,"Patients who reported that staff ""Always"" explained about medicines before giving it to them — Staff ""always"" explained",67.0,545.0
45074F,HOUSTON VA MEDICAL CENTER,HARRIS,True,Veterans Health Administration,H_COMP_6_Y_P,"Patients who reported that YES, they were given information about what to do during their recovery at home — Yes, staff ""did"" give patients this information",87.0,545.0
45074F,HOUSTON VA MEDICAL CENTER,HARRIS,True,Veterans Health Administration,H_HSP_RATING_9_10,"Patients who gave their hospital a rating of 9 or 10 on a scale from 0 (lowest) to 10 (highest) — Patients who gave a rating of ""9"" or ""10"" (high)",74.0,545.0
45074F,HOUSTON VA MEDICAL CENTER,HARRIS,True,Veterans Health Administration,H_QUIET_HSP_A_P,"Patients who reported that the area around their room was ""Always"" quiet at night — ""Always"" quiet at night",60.0,545.0
45074F,HOUSTON VA MEDICAL CENTER,HARRIS,True,Veterans Health Administration,H_RECMND_DY,"Patients who reported YES, they would definitely recommend the hospital — ""YES"", patients would definitely recommend the hospital",71.0,545.0
450352,HUNT REGIONAL MEDICAL CENTER,HUNT,False,Government - Hospital District or Authority,H_CLEAN_HSP_A_P,"Patients who reported that their room and bathroom were ""Always"" clean — Room was ""always"" clean",72.0,686.0
450352,HUNT REGIONAL MEDICAL CENTER,HUNT,False,Government - Hospital District or Authority,H_COMP_1_A_P,"Patients who reported that their nurses ""Always"" communicated well — Nurses ""always"" communicated well",74.0,686.0
450352,HUNT REGIONAL MEDICAL CENTER,HUNT,False,Government - Hospital District or Authority,H_COMP_2_A_P,"Patients who reported that their doctors ""Always"" communicated well — Doctors ""always"" communicated well",74.0,686.0
450352,HUNT REGIONAL MEDICAL CENTER,HUNT,False,Government - Hospital District or Authority,H_COMP_5_A_P,"Patients who reported that staff ""Always"" explained about medicines before giving it to them — Staff ""always"" explained",53.0,686.0
450352,HUNT REGIONAL MEDICAL CENTER,HUNT,False,Government - Hospital District or Authority,H_COMP_6_Y_P,"Patients who reported that YES, they were given information about what to do during their recovery at home — Yes, staff ""did"" give patients this information",84.0,686.0
450352,HUNT REGIONAL MEDICAL CENTER,HUNT,False,Government - Hospital District or Authority,H_HSP_RATING_9_10,"Patients who gave their hospital a rating of 9 or 10 on a scale from 0 (lowest) to 10 (highest) — Patients who gave a rating of ""9"" or ""10"" (high)",62.0,686.0
450352,HUNT REGIONAL MEDICAL CENTER,HUNT,False,Government - Hospital District or Authority,H_QUIET_HSP_A_P,"Patients who reported that the area around their room was ""Always"" quiet at night — ""Always"" quiet at night",59.0,686.0
450352,HUNT REGIONAL MEDICAL CENTER,HUNT,False,Government - Hospital District or Authority,H_RECMND_DY,"Patients who reported YES, they would definitely recommend the hospital — ""YES"", patients would definitely recommend the hospital",65.0,686.0
450347,HUNTSVILLE MEMORIAL HOSPITAL,WALKER,False,Voluntary non-profit - Private,H_CLEAN_HSP_A_P,"Patients who reported that their room and bathroom were ""Always"" clean — Room was ""always"" clean",77.0,314.0
450347,HUNTSVILLE MEMORIAL HOSPITAL,WALKER,False,Voluntary non-profit - Private,H_COMP_1_A_P,"Patients who reported that their nurses ""Always"" communicated well — Nurses ""always"" communicated well",74.0,314.0
450347,HUNTSVILLE MEMORIAL HOSPITAL,WALKER,False,Voluntary non-profit - Private,H_COMP_2_A_P,"Patients who reported that their doctors ""Always"" communicated well — Doctors ""always"" communicated well",75.0,314.0
450347,HUNTSVILLE MEMORIAL HOSPITAL,WALKER,False,Voluntary non-profit - Private,H_COMP_5_A_P,"Patients who reported that staff ""Always"" explained about medicines before giving it to them — Staff ""always"" explained",58.0,314.0
450347,HUNTSVILLE MEMORIAL HOSPITAL,WALKER,False,Voluntary non-profit - Private,H_COMP_6_Y_P,"Patients who reported that YES, they were given information about what to do during their recovery at home — Yes, staff ""did"" give patients this information",86.0,314.0
450347,HUNTSVILLE MEMORIAL HOSPITAL,WALKER,False,Voluntary non-profit - Private,H_HSP_RATING_9_10,"Patients who gave their hospital a rating of 9 or 10 on a scale from 0 (lowest) to 10 (highest) — Patients who gave a rating of ""9"" or ""10"" (high)",64.0,314.0
450347,HUNTSVILLE MEMORIAL HOSPITAL,WALKER,False,Voluntary non-profit - Private,H_QUIET_HSP_A_P,"Patients who reported that the area around their room was ""Always"" quiet at night — ""Always"" quiet at night",58.0,314.0
450347,HUNTSVILLE MEMORIAL HOSPITAL,WALKER,False,Voluntary non-profit - Private,H_RECMND_DY,"Patients who reported YES, they would definitely recommend the hospital — ""YES"", patients would definitely recommend the hospital",63.0,314.0
450039,JPS HEALTH NETWORK,TARRANT,False,Government - Hospital District or Authority,H_CLEAN_HSP_A_P,"Patients who reported that their room and bathroom were ""Always"" clean — Room was ""always"" clean",66.0,2442.0
450039,JPS HEALTH NETWORK,TARRANT,False,Government - Hospital District or Authority,H_COMP_1_A_P,"Patients who reported that their nurses ""Always"" communicated well — Nurses ""always"" communicated well",74.0,2442.0
450039,JPS HEALTH NETWORK,TARRANT,False,Government - Hospital District or Authority,H_COMP_2_A_P,"Patients who reported that their doctors ""Always"" communicated well — Doctors ""always"" communicated well",78.0,2442.0
450039,JPS HEALTH NETWORK,TARRANT,False,Government - Hospital District or Authority,H_COMP_5_A_P,"Patients who reported that staff ""Always"" explained about medicines before giving it to them — Staff ""always"" explained",58.0,2442.0
450039,JPS HEALTH NETWORK,TARRANT,False,Government - Hospital District or Authority,H_COMP_6_Y_P,"Patients who reported that YES, they were given information about what to do during their recovery at home — Yes, staff ""did"" give patients this information",84.0,2442.0
450039,JPS HEALTH NETWORK,TARRANT,False,Government - Hospital District or Authority,H_HSP_RATING_9_10,"Patients who gave their hospital a rating of 9 or 10 on a scale from 0 (lowest) to 10 (highest) — Patients who gave a rating of ""9"" or ""10"" (high)",69.0,2442.0
450039,JPS HEALTH NETWORK,TARRANT,False,Government - Hospital District or Authority,H_QUIET_HSP_A_P,"Patients who reported that the area around their room was ""Always"" quiet at night — ""Always"" quiet at night",45.0,2442.0
450039,JPS HEALTH NETWORK,TARRANT,False,Government - Hospital District or Authority,H_RECMND_DY,"Patients who reported YES, they would definitely recommend the hospital — ""YES"", patients would definitely recommend the hospital",71.0,2442.0
450128,KNAPP MEDICAL CENTER,HIDALGO,False,Voluntary non-profit - Private,H_CLEAN_HSP_A_P,"Patients who reported that their room and bathroom were ""Always"" clean — Room was ""always"" clean",80.0,418.0
450128,KNAPP MEDICAL CENTER,HIDALGO,False,Voluntary non-profit - Private,H_COMP_1_A_P,"Patients who reported that their nurses ""Always"" communicated well — Nurses ""always"" communicated well",71.0,418.0
450128,KNAPP MEDICAL CENTER,HIDALGO,False,Voluntary non-profit - Private,H_COMP_2_A_P,"Patients who reported that their doctors ""Always"" communicated well — Doctors ""always"" communicated well",74.0,418.0
450128,KNAPP MEDICAL CENTER,HIDALGO,False,Voluntary non-profit - Private,H_COMP_5_A_P,"Patients who reported that staff ""Always"" explained about medicines before giving it to them — Staff ""always"" explained",56.0,418.0
450128,KNAPP MEDICAL CENTER,HIDALGO,False,Voluntary non-profit - Private,H_COMP_6_Y_P,"Patients who reported that YES, they were given information about what to do during their recovery at home — Yes, staff ""did"" give patients this information",83.0,418.0
450128,KNAPP MEDICAL CENTER,HIDALGO,False,Voluntary non-profit - Private,H_HSP_RATING_9_10,"Patients who gave their hospital a rating of 9 or 10 on a scale from 0 (lowest) to 10 (highest) — Patients who gave a rating of ""9"" or ""10"" (high)",63.0,418.0
450128,KNAPP MEDICAL CENTER,HIDALGO,False,Voluntary non-profit - Private,H_QUIET_HSP_A_P,"Patients who reported that the area around their room was ""Always"" quiet at night — ""Always"" quiet at night",49.0,418.0
450128,KNAPP MEDICAL CENTER,HIDALGO,False,Voluntary non-profit - Private,H_RECMND_DY,"Patients who reported YES, they would definitely recommend the hospital — ""YES"", patients would definitely recommend the hospital",63.0,418.0
450596,LAKE GRANBURY MEDICAL CENTER,HOOD,False,Proprietary,H_CLEAN_HSP_A_P,"Patients who reported that their room and bathroom were ""Always"" clean — Room was ""always"" clean",77.0,449.0
450596,LAKE GRANBURY MEDICAL CENTER,HOOD,False,Proprietary,H_COMP_1_A_P,"Patients who reported that their nurses ""Always"" communicated well — Nurses ""always"" communicated well",73.0,449.0
450596,LAKE GRANBURY MEDICAL CENTER,HOOD,False,Proprietary,H_COMP_2_A_P,"Patients who reported that their doctors ""Always"" communicated well — Doctors ""always"" communicated well",74.0,449.0
450596,LAKE GRANBURY MEDICAL CENTER,HOOD,False,Proprietary,H_COMP_5_A_P,"Patients who reported that staff ""Always"" explained about medicines before giving it to them — Staff ""always"" explained",58.0,449.0
450596,LAKE GRANBURY MEDICAL CENTER,HOOD,False,Proprietary,H_COMP_6_Y_P,"Patients who reported that YES, they were given information about what to do during their recovery at home — Yes, staff ""did"" give patients this information",83.0,449.0
450596,LAKE GRANBURY MEDICAL CENTER,HOOD,False,Proprietary,H_HSP_RATING_9_10,"Patients who gave their hospital a rating of 9 or 10 on a scale from 0 (lowest) to 10 (highest) — Patients who gave a rating of ""9"" or ""10"" (high)",57.0,449.0
450596,LAKE GRANBURY MEDICAL CENTER,HOOD,False,Proprietary,H_QUIET_HSP_A_P,"Patients who reported that the area around their room was ""Always"" quiet at night — ""Always"" quiet at night",53.0,449.0
450596,LAKE GRANBURY MEDICAL CENTER,HOOD,False,Proprietary,H_RECMND_DY,"Patients who reported YES, they would definitely recommend the hospital — ""YES"", patients would definitely recommend the hospital",51.0,449.0
450698,LAMB HEALTHCARE CENTER,LAMB,False,Government - Local,H_CLEAN_HSP_A_P,"Patients who reported that their room and bathroom were ""Always"" clean — Room was ""always"" clean",76.0,44.0
450698,LAMB HEALTHCARE CENTER,LAMB,False,Government - Local,H_COMP_1_A_P,"Patients who reported that their nurses ""Always"" communicated well — Nurses ""always"" communicated well",81.0,44.0
450698,LAMB HEALTHCARE CENTER,LAMB,False,Government - Local,H_COMP_2_A_P,"Patients who reported that their doctors ""Always"" communicated well — Doctors ""always"" communicated well",93.0,44.0
450698,LAMB HEALTHCARE CENTER,LAMB,False,Government - Local,H_COMP_5_A_P,"Patients who reported that staff ""Always"" explained about medicines before giving it to them — Staff ""always"" explained",71.0,44.0
450698,LAMB HEALTHCARE CENTER,LAMB,False,Government - Local,H_COMP_6_Y_P,"Patients who reported that YES, they were given information about what to do during their recovery at home — Yes, staff ""did"" give patients this information",87.0,44.0
450698,LAMB HEALTHCARE CENTER,LAMB,False,Government - Local,H_HSP_RATING_9_10,"Patients who gave their hospital a rating of 9 or 10 on a scale from 0 (lowest) to 10 (highest) — Patients who gave a rating of ""9"" or ""10"" (high)",70.0,44.0
450698,LAMB HEALTHCARE CENTER,LAMB,False,Government - Local,H_QUIET_HSP_A_P,"Patients who reported that the area around their room was ""Always"" quiet at night — ""Always"" quiet at night",73.0,44.0
450698,LAMB HEALTHCARE CENTER,LAMB,False,Government - Local,H_RECMND_DY,"Patients who reported YES, they would definitely recommend the hospital — ""YES"", patients would definitely recommend the hospital",74.0,44.0
450029,LAREDO MEDICAL CENTER,WEBB,False,Proprietary,H_CLEAN_HSP_A_P,"Patients who reported that their room and bathroom were ""Always"" clean — Room was ""always"" clean",73.0,386.0
450029,LAREDO MEDICAL CENTER,WEBB,False,Proprietary,H_COMP_1_A_P,"Patients who reported that their nurses ""Always"" communicated well — Nurses ""always"" communicated well",74.0,386.0
450029,LAREDO MEDICAL CENTER,WEBB,False,Proprietary,H_COMP_2_A_P,"Patients who reported that their doctors ""Always"" communicated well — Doctors ""always"" communicated well",73.0,386.0
450029,LAREDO MEDICAL CENTER,WEBB,False,Proprietary,H_COMP_5_A_P,"Patients who reported that staff ""Always"" explained about medicines before giving it to them — Staff ""always"" explained",53.0,386.0
450029,LAREDO MEDICAL CENTER,WEBB,False,Proprietary,H_COMP_6_Y_P,"Patients who reported that YES, they were given information about what to do during their recovery at home — Yes, staff ""did"" give patients this information",80.0,386.0
450029,LAREDO MEDICAL CENTER,WEBB,False,Proprietary,H_HSP_RATING_9_10,"Patients who gave their hospital a rating of 9 or 10 on a scale from 0 (lowest) to 10 (highest) — Patients who gave a rating of ""9"" or ""10"" (high)",58.0,386.0
450029,LAREDO MEDICAL CENTER,WEBB,False,Proprietary,H_QUIET_HSP_A_P,"Patients who reported that the area around their room was ""Always"" quiet at night — ""Always"" quiet at night",53.0,386.0
450029,LAREDO MEDICAL CENTER,WEBB,False,Proprietary,H_RECMND_DY,"Patients who reported YES, they would definitely recommend the hospital — ""YES"", patients would definitely recommend the hospital",59.0,386.0
450107,LAS PALMAS MEDICAL CENTER A CAMPUS OF LPDS HEALTHC,EL PASO,False,Proprietary,H_CLEAN_HSP_A_P,"Patients who reported that their room and bathroom were ""Always"" clean — Room was ""always"" clean",72.0,1372.0
450107,LAS PALMAS MEDICAL CENTER A CAMPUS OF LPDS HEALTHC,EL PASO,False,Proprietary,H_COMP_1_A_P,"Patients who reported that their nurses ""Always"" communicated well — Nurses ""always"" communicated well",74.0,1372.0
450107,LAS PALMAS MEDICAL CENTER A CAMPUS OF LPDS HEALTHC,EL PASO,False,Proprietary,H_COMP_2_A_P,"Patients who reported that their doctors ""Always"" communicated well — Doctors ""always"" communicated well",70.0,1372.0
450107,LAS PALMAS MEDICAL CENTER A CAMPUS OF LPDS HEALTHC,EL PASO,False,Proprietary,H_COMP_5_A_P,"Patients who reported that staff ""Always"" explained about medicines before giving it to them — Staff ""always"" explained",55.0,1372.0
450107,LAS PALMAS MEDICAL CENTER A CAMPUS OF LPDS HEALTHC,EL PASO,False,Proprietary,H_COMP_6_Y_P,"Patients who reported that YES, they were given information about what to do during their recovery at home — Yes, staff ""did"" give patients this information",82.0,1372.0
450107,LAS PALMAS MEDICAL CENTER A CAMPUS OF LPDS HEALTHC,EL PASO,False,Proprietary,H_HSP_RATING_9_10,"Patients who gave their hospital a rating of 9 or 10 on a scale from 0 (lowest) to 10 (highest) — Patients who gave a rating of ""9"" or ""10"" (high)",64.0,1372.0
450107,LAS PALMAS MEDICAL CENTER A CAMPUS OF LPDS HEALTHC,EL PASO,False,Proprietary,H_QUIET_HSP_A_P,"Patients who reported that the area around their room was ""Always"" quiet at night — ""Always"" quiet at night",54.0,1372.0
450107,LAS PALMAS MEDICAL CENTER A CAMPUS OF LPDS HEALTHC,EL PASO,False,Proprietary,H_RECMND_DY,"Patients who reported YES, they would definitely recommend the hospital — ""YES"", patients would definitely recommend the hospital",60.0,1372.0
670112,LEGENT ORTHOPEDIC + SPINE,BEXAR,False,Proprietary,H_CLEAN_HSP_A_P,"Patients who reported that their room and bathroom were ""Always"" clean — Room was ""always"" clean",81.0,119.0
670112,LEGENT ORTHOPEDIC + SPINE,BEXAR,False,Proprietary,H_COMP_1_A_P,"Patients who reported that their nurses ""Always"" communicated well — Nurses ""always"" communicated well",88.0,119.0
670112,LEGENT ORTHOPEDIC + SPINE,BEXAR,False,Proprietary,H_COMP_2_A_P,"Patients who reported that their doctors ""Always"" communicated well — Doctors ""always"" communicated well",83.0,119.0
670112,LEGENT ORTHOPEDIC + SPINE,BEXAR,False,Proprietary,H_COMP_5_A_P,"Patients who reported that staff ""Always"" explained about medicines before giving it to them — Staff ""always"" explained",77.0,119.0
670112,LEGENT ORTHOPEDIC + SPINE,BEXAR,False,Proprietary,H_COMP_6_Y_P,"Patients who reported that YES, they were given information about what to do during their recovery at home — Yes, staff ""did"" give patients this information",89.0,119.0
670112,LEGENT ORTHOPEDIC + SPINE,BEXAR,False,Proprietary,H_HSP_RATING_9_10,"Patients who gave their hospital a rating of 9 or 10 on a scale from 0 (lowest) to 10 (highest) — Patients who gave a rating of ""9"" or ""10"" (high)",84.0,119.0
670112,LEGENT ORTHOPEDIC + SPINE,BEXAR,False,Proprietary,H_QUIET_HSP_A_P,"Patients who reported that the area around their room was ""Always"" quiet at night — ""Always"" quiet at night",77.0,119.0
670112,LEGENT ORTHOPEDIC + SPINE,BEXAR,False,Proprietary,H_RECMND_DY,"Patients who reported YES, they would definitely recommend the hospital — ""YES"", patients would definitely recommend the hospital",83.0,119.0
670265,LEGENT ORTHOPEDIC HOSPITAL,TARRANT,False,Proprietary,H_CLEAN_HSP_A_P,"Patients who reported that their room and bathroom were ""Always"" clean — Room was ""always"" clean",74.0,122.0
670265,LEGENT ORTHOPEDIC HOSPITAL,TARRANT,False,Proprietary,H_COMP_1_A_P,"Patients who reported that their nurses ""Always"" communicated well — Nurses ""always"" communicated well",80.0,122.0
670265,LEGENT ORTHOPEDIC HOSPITAL,TARRANT,False,Proprietary,H_COMP_2_A_P,"Patients who reported that their doctors ""Always"" communicated well — Doctors ""always"" communicated well",73.0,122.0
670265,LEGENT ORTHOPEDIC HOSPITAL,TARRANT,False,Proprietary,H_COMP_5_A_P,"Patients who reported that staff ""Always"" explained about medicines before giving it to them — Staff ""always"" explained",62.0,122.0
670265,LEGENT ORTHOPEDIC HOSPITAL,TARRANT,False,Proprietary,H_COMP_6_Y_P,"Patients who reported that YES, they were given information about what to do during their recovery at home — Yes, staff ""did"" give patients this information",85.0,122.0
670265,LEGENT ORTHOPEDIC HOSPITAL,TARRANT,False,Proprietary,H_HSP_RATING_9_10,"Patients who gave their hospital a rating of 9 or 10 on a scale from 0 (lowest) to 10 (highest) — Patients who gave a rating of ""9"" or ""10"" (high)",67.0,122.0
670265,LEGENT ORTHOPEDIC HOSPITAL,TARRANT,False,Proprietary,H_QUIET_HSP_A_P,"Patients who reported that the area around their room was ""Always"" quiet at night — ""Always"" quiet at night",80.0,122.0
670265,LEGENT ORTHOPEDIC HOSPITAL,TARRANT,False,Proprietary,H_RECMND_DY,"Patients who reported YES, they would definitely recommend the hospital — ""YES"", patients would definitely recommend the hospital",70.0,122.0
670322,LEGENT SURGICAL HOSPITAL PLANO,COLLIN,False,Proprietary,H_CLEAN_HSP_A_P,"Patients who reported that their room and bathroom were ""Always"" clean — Room was ""always"" clean",83.0,36.0
670322,LEGENT SURGICAL HOSPITAL PLANO,COLLIN,False,Proprietary,H_COMP_1_A_P,"Patients who reported that their nurses ""Always"" communicated well — Nurses ""always"" communicated well",83.0,36.0
670322,LEGENT SURGICAL HOSPITAL PLANO,COLLIN,False,Proprietary,H_COMP_2_A_P,"Patients who reported that their doctors ""Always"" communicated well — Doctors ""always"" communicated well",80.0,36.0
670322,LEGENT SURGICAL HOSPITAL PLANO,COLLIN,False,Proprietary,H_COMP_5_A_P,"Patients who reported that staff ""Always"" explained about medicines before giving it to them — Staff ""always"" explained",58.0,36.0
670322,LEGENT SURGICAL HOSPITAL PLANO,COLLIN,False,Proprietary,H_COMP_6_Y_P,"Patients who reported that YES, they were given information about what to do during their recovery at home — Yes, staff ""did"" give patients this information",91.0,36.0
670322,LEGENT SURGICAL HOSPITAL PLANO,COLLIN,False,Proprietary,H_HSP_RATING_9_10,"Patients who gave their hospital a rating of 9 or 10 on a scale from 0 (lowest) to 10 (highest) — Patients who gave a rating of ""9"" or ""10"" (high)",72.0,36.0
670322,LEGENT SURGICAL HOSPITAL PLANO,COLLIN,False,Proprietary,H_QUIET_HSP_A_P,"Patients who reported that the area around their room was ""Always"" quiet at night — ""Always"" quiet at night",73.0,36.0
670322,LEGENT SURGICAL HOSPITAL PLANO,COLLIN,False,Proprietary,H_RECMND_DY,"Patients who reported YES, they would definitely recommend the hospital — ""YES"", patients would definitely recommend the hospital",75.0,36.0
450702,LONGVIEW REGIONAL MEDICAL CENTER,GREGG,False,Proprietary,H_CLEAN_HSP_A_P,"Patients who reported that their room and bathroom were ""Always"" clean — Room was ""always"" clean",68.0,719.0
450702,LONGVIEW REGIONAL MEDICAL CENTER,GREGG,False,Proprietary,H_COMP_1_A_P,"Patients who reported that their nurses ""Always"" communicated well — Nurses ""always"" communicated well",77.0,719.0
450702,LONGVIEW REGIONAL MEDICAL CENTER,GREGG,False,Proprietary,H_COMP_2_A_P,"Patients who reported that their doctors ""Always"" communicated well — Doctors ""always"" communicated well",77.0,719.0
450702,LONGVIEW REGIONAL MEDICAL CENTER,GREGG,False,Proprietary,H_COMP_5_A_P,"Patients who reported that staff ""Always"" explained about medicines before giving it to them — Staff ""always"" explained",59.0,719.0
450702,LONGVIEW REGIONAL MEDICAL CENTER,GREGG,False,Proprietary,H_COMP_6_Y_P,"Patients who reported that YES, they were given information about what to do during their recovery at home — Yes, staff ""did"" give patients this information",84.0,719.0
450702,LONGVIEW REGIONAL MEDICAL CENTER,GREGG,False,Proprietary,H_HSP_RATING_9_10,"Patients who gave their hospital a rating of 9 or 10 on a scale from 0 (lowest) to 10 (highest) — Patients who gave a rating of ""9"" or ""10"" (high)",70.0,719.0
450702,LONGVIEW REGIONAL MEDICAL CENTER,GREGG,False,Proprietary,H_QUIET_HSP_A_P,"Patients who reported that the area around their room was ""Always"" quiet at night — ""Always"" quiet at night",65.0,719.0
450702,LONGVIEW REGIONAL MEDICAL CENTER,GREGG,False,Proprietary,H_RECMND_DY,"Patients who reported YES, they would definitely recommend the hospital — ""YES"", patients would definitely recommend the hospital",73.0,719.0
450876,LUBBOCK HEART HOSPITAL LP,LUBBOCK,False,Government - Hospital District or Authority,H_CLEAN_HSP_A_P,"Patients who reported that their room and bathroom were ""Always"" clean — Room was ""always"" clean",67.0,339.0
450876,LUBBOCK HEART HOSPITAL LP,LUBBOCK,False,Government - Hospital District or Authority,H_COMP_1_A_P,"Patients who reported that their nurses ""Always"" communicated well — Nurses ""always"" communicated well",80.0,339.0
450876,LUBBOCK HEART HOSPITAL LP,LUBBOCK,False,Government - Hospital District or Authority,H_COMP_2_A_P,"Patients who reported that their doctors ""Always"" communicated well — Doctors ""always"" communicated well",81.0,339.0
450876,LUBBOCK HEART HOSPITAL LP,LUBBOCK,False,Government - Hospital District or Authority,H_COMP_5_A_P,"Patients who reported that staff ""Always"" explained about medicines before giving it to them — Staff ""always"" explained",58.0,339.0
450876,LUBBOCK HEART HOSPITAL LP,LUBBOCK,False,Government - Hospital District or Authority,H_COMP_6_Y_P,"Patients who reported that YES, they were given information about what to do during their recovery at home — Yes, staff ""did"" give patients this information",84.0,339.0
450876,LUBBOCK HEART HOSPITAL LP,LUBBOCK,False,Government - Hospital District or Authority,H_HSP_RATING_9_10,"Patients who gave their hospital a rating of 9 or 10 on a scale from 0 (lowest) to 10 (highest) — Patients who gave a rating of ""9"" or ""10"" (high)",80.0,339.0
450876,LUBBOCK HEART HOSPITAL LP,LUBBOCK,False,Government - Hospital District or Authority,H_QUIET_HSP_A_P,"Patients who reported that the area around their room was ""Always"" quiet at night — ""Always"" quiet at night",60.0,339.0
450876,LUBBOCK HEART HOSPITAL LP,LUBBOCK,False,Government - Hospital District or Authority,H_RECMND_DY,"Patients who reported YES, they would definitely recommend the hospital — ""YES"", patients would definitely recommend the hospital",81.0,339.0
451351,LYNN COUNTY HOSPITAL DISTRICT,LYNN,False,Government - Hospital District or Authority,H_CLEAN_HSP_A_P,"Patients who reported that their room and bathroom were ""Always"" clean — Room was ""always"" clean",85.0,80.0
451351,LYNN COUNTY HOSPITAL DISTRICT,LYNN,False,Government - Hospital District or Authority,H_COMP_1_A_P,"Patients who reported that their nurses ""Always"" communicated well — Nurses ""always"" communicated well",92.0,80.0
451351,LYNN COUNTY HOSPITAL DISTRICT,LYNN,False,Government - Hospital District or Authority,H_COMP_2_A_P,"Patients who reported that their doctors ""Always"" communicated well — Doctors ""always"" communicated well",90.0,80.0
451351,LYNN COUNTY HOSPITAL DISTRICT,LYNN,False,Government - Hospital District or Authority,H_COMP_5_A_P,"Patients who reported that staff ""Always"" explained about medicines before giving it to them — Staff ""always"" explained",81.0,80.0
451351,LYNN COUNTY HOSPITAL DISTRICT,LYNN,False,Government - Hospital District or Authority,H_COMP_6_Y_P,"Patients who reported that YES, they were given information about what to do during their recovery at home — Yes, staff ""did"" give patients this information",91.0,80.0
451351,LYNN COUNTY HOSPITAL DISTRICT,LYNN,False,Government - Hospital District or Authority,H_HSP_RATING_9_10,"Patients who gave their hospital a rating of 9 or 10 on a scale from 0 (lowest) to 10 (highest) — Patients who gave a rating of ""9"" or ""10"" (high)",85.0,80.0
451351,LYNN COUNTY HOSPITAL DISTRICT,LYNN,False,Government - Hospital District or Authority,H_QUIET_HSP_A_P,"Patients who reported that the area around their room was ""Always"" quiet at night — ""Always"" quiet at night",79.0,80.0
451351,LYNN COUNTY HOSPITAL DISTRICT,LYNN,False,Government - Hospital District or Authority,H_RECMND_DY,"Patients who reported YES, they would definitely recommend the hospital — ""YES"", patients would definitely recommend the hospital",82.0,80.0
451333,MARTIN COUNTY HOSPITAL DISTRICT,MARTIN,False,Government - Hospital District or Authority,H_CLEAN_HSP_A_P,"Patients who reported that their room and bathroom were ""Always"" clean — Room was ""always"" clean",89.0,38.0
451333,MARTIN COUNTY HOSPITAL DISTRICT,MARTIN,False,Government - Hospital District or Authority,H_COMP_1_A_P,"Patients who reported that their nurses ""Always"" communicated well — Nurses ""always"" communicated well",93.0,38.0
451333,MARTIN COUNTY HOSPITAL DISTRICT,MARTIN,False,Government - Hospital District or Authority,H_COMP_2_A_P,"Patients who reported that their doctors ""Always"" communicated well — Doctors ""always"" communicated well",94.0,38.0
451333,MARTIN COUNTY HOSPITAL DISTRICT,MARTIN,False,Government - Hospital District or Authority,H_COMP_5_A_P,"Patients who reported that staff ""Always"" explained about medicines before giving it to them — Staff ""always"" explained",73.0,38.0
451333,MARTIN COUNTY HOSPITAL DISTRICT,MARTIN,False,Government - Hospital District or Authority,H_COMP_6_Y_P,"Patients who reported that YES, they were given information about what to do during their recovery at home — Yes, staff ""did"" give patients this information",86.0,38.0
451333,MARTIN COUNTY HOSPITAL DISTRICT,MARTIN,False,Government - Hospital District or Authority,H_HSP_RATING_9_10,"Patients who gave their hospital a rating of 9 or 10 on a scale from 0 (lowest) to 10 (highest) — Patients who gave a rating of ""9"" or ""10"" (high)",93.0,38.0
451333,MARTIN COUNTY HOSPITAL DISTRICT,MARTIN,False,Government - Hospital District or Authority,H_QUIET_HSP_A_P,"Patients who reported that the area around their room was ""Always"" quiet at night — ""Always"" quiet at night",70.0,38.0
451333,MARTIN COUNTY HOSPITAL DISTRICT,MARTIN,False,Government - Hospital District or Authority,H_RECMND_DY,"Patients who reported YES, they would definitely recommend the hospital — ""YES"", patients would definitely recommend the hospital",93.0,38.0
450465,MATAGORDA REGIONAL MEDICAL CENTER,MATAGORDA,False,Government - Hospital District or Authority,H_CLEAN_HSP_A_P,"Patients who reported that their room and bathroom were ""Always"" clean — Room was ""always"" clean",84.0,145.0
450465,MATAGORDA REGIONAL MEDICAL CENTER,MATAGORDA,False,Government - Hospital District or Authority,H_COMP_1_A_P,"Patients who reported that their nurses ""Always"" communicated well — Nurses ""always"" communicated well",83.0,145.0
450465,MATAGORDA REGIONAL MEDICAL CENTER,MATAGORDA,False,Government - Hospital District or Authority,H_COMP_2_A_P,"Patients who reported that their doctors ""Always"" communicated well — Doctors ""always"" communicated well",81.0,145.0
450465,MATAGORDA REGIONAL MEDICAL CENTER,MATAGORDA,False,Government - Hospital District or Authority,H_COMP_5_A_P,"Patients who reported that staff ""Always"" explained about medicines before giving it to them — Staff ""always"" explained",66.0,145.0
450465,MATAGORDA REGIONAL MEDICAL CENTER,MATAGORDA,False,Government - Hospital District or Authority,H_COMP_6_Y_P,"Patients who reported that YES, they were given information about what to do during their recovery at home — Yes, staff ""did"" give patients this information",81.0,145.0
450465,MATAGORDA REGIONAL MEDICAL CENTER,MATAGORDA,False,Government - Hospital District or Authority,H_HSP_RATING_9_10,"Patients who gave their hospital a rating of 9 or 10 on a scale from 0 (lowest) to 10 (highest) — Patients who gave a rating of ""9"" or ""10"" (high)",75.0,145.0
450465,MATAGORDA REGIONAL MEDICAL CENTER,MATAGORDA,False,Government - Hospital District or Authority,H_QUIET_HSP_A_P,"Patients who reported that the area around their room was ""Always"" quiet at night — ""Always"" quiet at night",73.0,145.0
450465,MATAGORDA REGIONAL MEDICAL CENTER,MATAGORDA,False,Government - Hospital District or Authority,H_RECMND_DY,"Patients who reported YES, they would definitely recommend the hospital — ""YES"", patients would definitely recommend the hospital",67.0,145.0
450132,MEDICAL CENTER HOSPITAL,ECTOR,False,Government - Hospital District or Authority,H_CLEAN_HSP_A_P,"Patients who reported that their room and bathroom were ""Always"" clean — Room was ""always"" clean",66.0,2131.0
450132,MEDICAL CENTER HOSPITAL,ECTOR,False,Government - Hospital District or Authority,H_COMP_1_A_P,"Patients who reported that their nurses ""Always"" communicated well — Nurses ""always"" communicated well",77.0,2131.0
450132,MEDICAL CENTER HOSPITAL,ECTOR,False,Government - Hospital District or Authority,H_COMP_2_A_P,"Patients who reported that their doctors ""Always"" communicated well — Doctors ""always"" communicated well",75.0,2131.0
450132,MEDICAL CENTER HOSPITAL,ECTOR,False,Government - Hospital District or Authority,H_COMP_5_A_P,"Patients who reported that staff ""Always"" explained about medicines before giving it to them — Staff ""always"" explained",60.0,2131.0
450132,MEDICAL CENTER HOSPITAL,ECTOR,False,Government - Hospital District or Authority,H_COMP_6_Y_P,"Patients who reported that YES, they were given information about what to do during their recovery at home — Yes, staff ""did"" give patients this information",83.0,2131.0
450132,MEDICAL CENTER HOSPITAL,ECTOR,False,Government - Hospital District or Authority,H_HSP_RATING_9_10,"Patients who gave their hospital a rating of 9 or 10 on a scale from 0 (lowest) to 10 (highest) — Patients who gave a rating of ""9"" or ""10"" (high)",69.0,2131.0
450132,MEDICAL CENTER HOSPITAL,ECTOR,False,Government - Hospital District or Authority,H_QUIET_HSP_A_P,"Patients who reported that the area around their room was ""Always"" quiet at night — ""Always"" quiet at night",63.0,2131.0
450132,MEDICAL CENTER HOSPITAL,ECTOR,False,Government - Hospital District or Authority,H_RECMND_DY,"Patients who reported YES, they would definitely recommend the hospital — ""YES"", patients would definitely recommend the hospital",70.0,2131.0
450403,MEDICAL CENTER OF MCKINNEY,COLLIN,False,Proprietary,H_CLEAN_HSP_A_P,"Patients who reported that their room and bathroom were ""Always"" clean — Room was ""always"" clean",74.0,688.0
450403,MEDICAL CENTER OF MCKINNEY,COLLIN,False,Proprietary,H_COMP_1_A_P,"Patients who reported that their nurses ""Always"" communicated well — Nurses ""always"" communicated well",74.0,688.0
450403,MEDICAL CENTER OF MCKINNEY,COLLIN,False,Proprietary,H_COMP_2_A_P,"Patients who reported that their doctors ""Always"" communicated well — Doctors ""always"" communicated well",73.0,688.0
450403,MEDICAL CENTER OF MCKINNEY,COLLIN,False,Proprietary,H_COMP_5_A_P,"Patients who reported that staff ""Always"" explained about medicines before giving it to them — Staff ""always"" explained",56.0,688.0
450403,MEDICAL CENTER OF MCKINNEY,COLLIN,False,Proprietary,H_COMP_6_Y_P,"Patients who reported that YES, they were given information about what to do during their recovery at home — Yes, staff ""did"" give patients this information",82.0,688.0
450403,MEDICAL CENTER OF MCKINNEY,COLLIN,False,Proprietary,H_HSP_RATING_9_10,"Patients who gave their hospital a rating of 9 or 10 on a scale from 0 (lowest) to 10 (highest) — Patients who gave a rating of ""9"" or ""10"" (high)",67.0,688.0
450403,MEDICAL CENTER OF MCKINNEY,COLLIN,False,Proprietary,H_QUIET_HSP_A_P,"Patients who reported that the area around their room was ""Always"" quiet at night — ""Always"" quiet at night",64.0,688.0
450403,MEDICAL CENTER OF MCKINNEY,COLLIN,False,Proprietary,H_RECMND_DY,"Patients who reported YES, they would definitely recommend the hospital — ""YES"", patients would definitely recommend the hospital",67.0,688.0
670103,MEDICAL CITY ALLIANCE,TARRANT,False,Voluntary non-profit - Private,H_CLEAN_HSP_A_P,"Patients who reported that their room and bathroom were ""Always"" clean — Room was ""always"" clean",78.0,669.0
670103,MEDICAL CITY ALLIANCE,TARRANT,False,Voluntary non-profit - Private,H_COMP_1_A_P,"Patients who reported that their nurses ""Always"" communicated well — Nurses ""always"" communicated well",75.0,669.0
670103,MEDICAL CITY ALLIANCE,TARRANT,False,Voluntary non-profit - Private,H_COMP_2_A_P,"Patients who reported that their doctors ""Always"" communicated well — Doctors ""always"" communicated well",74.0,669.0
670103,MEDICAL CITY ALLIANCE,TARRANT,False,Voluntary non-profit - Private,H_COMP_5_A_P,"Patients who reported that staff ""Always"" explained about medicines before giving it to them — Staff ""always"" explained",57.0,669.0
670103,MEDICAL CITY ALLIANCE,TARRANT,False,Voluntary non-profit - Private,H_COMP_6_Y_P,"Patients who reported that YES, they were given information about what to do during their recovery at home — Yes, staff ""did"" give patients this information",83.0,669.0
670103,MEDICAL CITY ALLIANCE,TARRANT,False,Voluntary non-profit - Private,H_HSP_RATING_9_10,"Patients who gave their hospital a rating of 9 or 10 on a scale from 0 (lowest) to 10 (highest) — Patients who gave a rating of ""9"" or ""10"" (high)",71.0,669.0
670103,MEDICAL CITY ALLIANCE,TARRANT,False,Voluntary non-profit - Private,H_QUIET_HSP_A_P,"Patients who reported that the area around their room was ""Always"" quiet at night — ""Always"" quiet at night",63.0,669.0
670103,MEDICAL CITY ALLIANCE,TARRANT,False,Voluntary non-profit - Private,H_RECMND_DY,"Patients who reported YES, they would definitely recommend the hospital — ""YES"", patients would definitely recommend the hospital",69.0,669.0
450675,MEDICAL CITY ARLINGTON,TARRANT,False,Proprietary,H_CLEAN_HSP_A_P,"Patients who reported that their room and bathroom were ""Always"" clean — Room was ""always"" clean",69.0,810.0
450675,MEDICAL CITY ARLINGTON,TARRANT,False,Proprietary,H_COMP_1_A_P,"Patients who reported that their nurses ""Always"" communicated well — Nurses ""always"" communicated well",71.0,810.0
450675,MEDICAL CITY ARLINGTON,TARRANT,False,Proprietary,H_COMP_2_A_P,"Patients who reported that their doctors ""Always"" communicated well — Doctors ""always"" communicated well",70.0,810.0
450675,MEDICAL CITY ARLINGTON,TARRANT,False,Proprietary,H_COMP_5_A_P,"Patients who reported that staff ""Always"" explained about medicines before giving it to them — Staff ""always"" explained",54.0,810.0
450675,MEDICAL CITY ARLINGTON,TARRANT,False,Proprietary,H_COMP_6_Y_P,"Patients who reported that YES, they were given information about what to do during their recovery at home — Yes, staff ""did"" give patients this information",80.0,810.0
450675,MEDICAL CITY ARLINGTON,TARRANT,False,Proprietary,H_HSP_RATING_9_10,"Patients who gave their hospital a rating of 9 or 10 on a scale from 0 (lowest) to 10 (highest) — Patients who gave a rating of ""9"" or ""10"" (high)",59.0,810.0
450675,MEDICAL CITY ARLINGTON,TARRANT,False,Proprietary,H_QUIET_HSP_A_P,"Patients who reported that the area around their room was ""Always"" quiet at night — ""Always"" quiet at night",58.0,810.0
450675,MEDICAL CITY ARLINGTON,TARRANT,False,Proprietary,H_RECMND_DY,"Patients who reported YES, they would definitely recommend the hospital — ""YES"", patients would definitely recommend the hospital",58.0,810.0
450647,MEDICAL CITY DALLAS HOSPITAL,DALLAS,False,Proprietary,H_CLEAN_HSP_A_P,"Patients who reported that their room and bathroom were ""Always"" clean — Room was ""always"" clean",67.0,1291.0
450647,MEDICAL CITY DALLAS HOSPITAL,DALLAS,False,Proprietary,H_COMP_1_A_P,"Patients who reported that their nurses ""Always"" communicated well — Nurses ""always"" communicated well",71.0,1291.0
450647,MEDICAL CITY DALLAS HOSPITAL,DALLAS,False,Proprietary,H_COMP_2_A_P,"Patients who reported that their doctors ""Always"" communicated well — Doctors ""always"" communicated well",74.0,1291.0
450647,MEDICAL CITY DALLAS HOSPITAL,DALLAS,False,Proprietary,H_COMP_5_A_P,"Patients who reported that staff ""Always"" explained about medicines before giving it to them — Staff ""always"" explained",54.0,1291.0
450647,MEDICAL CITY DALLAS HOSPITAL,DALLAS,False,Proprietary,H_COMP_6_Y_P,"Patients who reported that YES, they were given information about what to do during their recovery at home — Yes, staff ""did"" give patients this information",80.0,1291.0
450647,MEDICAL CITY DALLAS HOSPITAL,DALLAS,False,Proprietary,H_HSP_RATING_9_10,"Patients who gave their hospital a rating of 9 or 10 on a scale from 0 (lowest) to 10 (highest) — Patients who gave a rating of ""9"" or ""10"" (high)",65.0,1291.0
450647,MEDICAL CITY DALLAS HOSPITAL,DALLAS,False,Proprietary,H_QUIET_HSP_A_P,"Patients who reported that the area around their room was ""Always"" quiet at night — ""Always"" quiet at night",64.0,1291.0
450647,MEDICAL CITY DALLAS HOSPITAL,DALLAS,False,Proprietary,H_RECMND_DY,"Patients who reported YES, they would definitely recommend the hospital — ""YES"", patients would definitely recommend the hospital",66.0,1291.0
450634,MEDICAL CITY DENTON,DENTON,False,Proprietary,H_CLEAN_HSP_A_P,"Patients who reported that their room and bathroom were ""Always"" clean — Room was ""always"" clean",76.0,1338.0
450634,MEDICAL CITY DENTON,DENTON,False,Proprietary,H_COMP_1_A_P,"Patients who reported that their nurses ""Always"" communicated well — Nurses ""always"" communicated well",75.0,1338.0
450634,MEDICAL CITY DENTON,DENTON,False,Proprietary,H_COMP_2_A_P,"Patients who reported that their doctors ""Always"" communicated well — Doctors ""always"" communicated well",72.0,1338.0
450634,MEDICAL CITY DENTON,DENTON,False,Proprietary,H_COMP_5_A_P,"Patients who reported that staff ""Always"" explained about medicines before giving it to them — Staff ""always"" explained",56.0,1338.0
450634,MEDICAL CITY DENTON,DENTON,False,Proprietary,H_COMP_6_Y_P,"Patients who reported that YES, they were given information about what to do during their recovery at home — Yes, staff ""did"" give patients this information",84.0,1338.0
450634,MEDICAL CITY DENTON,DENTON,False,Proprietary,H_HSP_RATING_9_10,"Patients who gave their hospital a rating of 9 or 10 on a scale from 0 (lowest) to 10 (highest) — Patients who gave a rating of ""9"" or ""10"" (high)",65.0,1338.0
450634,MEDICAL CITY DENTON,DENTON,False,Proprietary,H_QUIET_HSP_A_P,"Patients who reported that the area around their room was ""Always"" quiet at night — ""Always"" quiet at night",60.0,1338.0
450634,MEDICAL CITY DENTON,DENTON,False,Proprietary,H_RECMND_DY,"Patients who reported YES, they would definitely recommend the hospital — ""YES"", patients would definitely recommend the hospital",67.0,1338.0
450672,MEDICAL CITY FORT WORTH,TARRANT,False,Proprietary,H_CLEAN_HSP_A_P,"Patients who reported that their room and bathroom were ""Always"" clean — Room was ""always"" clean",70.0,719.0
450672,MEDICAL CITY FORT WORTH,TARRANT,False,Proprietary,H_COMP_1_A_P,"Patients who reported that their nurses ""Always"" communicated well — Nurses ""always"" communicated well",75.0,719.0
450672,MEDICAL CITY FORT WORTH,TARRANT,False,Proprietary,H_COMP_2_A_P,"Patients who reported that their doctors ""Always"" communicated well — Doctors ""always"" communicated well",76.0,719.0
450672,MEDICAL CITY FORT WORTH,TARRANT,False,Proprietary,H_COMP_5_A_P,"Patients who reported that staff ""Always"" explained about medicines before giving it to them — Staff ""always"" explained",55.0,719.0
450672,MEDICAL CITY FORT WORTH,TARRANT,False,Proprietary,H_COMP_6_Y_P,"Patients who reported that YES, they were given information about what to do during their recovery at home — Yes, staff ""did"" give patients this information",84.0,719.0
450672,MEDICAL CITY FORT WORTH,TARRANT,False,Proprietary,H_HSP_RATING_9_10,"Patients who gave their hospital a rating of 9 or 10 on a scale from 0 (lowest) to 10 (highest) — Patients who gave a rating of ""9"" or ""10"" (high)",69.0,719.0
450672,MEDICAL CITY FORT WORTH,TARRANT,False,Proprietary,H_QUIET_HSP_A_P,"Patients who reported that the area around their room was ""Always"" quiet at night — ""Always"" quiet at night",62.0,719.0
450672,MEDICAL CITY FORT WORTH,TARRANT,False,Proprietary,H_RECMND_DY,"Patients who reported YES, they would definitely recommend the hospital — ""YES"", patients would definitely recommend the hospital",68.0,719.0
450822,MEDICAL CITY LAS COLINAS,DALLAS,False,Proprietary,H_CLEAN_HSP_A_P,"Patients who reported that their room and bathroom were ""Always"" clean — Room was ""always"" clean",72.0,531.0
450822,MEDICAL CITY LAS COLINAS,DALLAS,False,Proprietary,H_COMP_1_A_P,"Patients who reported that their nurses ""Always"" communicated well — Nurses ""always"" communicated well",74.0,531.0
450822,MEDICAL CITY LAS COLINAS,DALLAS,False,Proprietary,H_COMP_2_A_P,"Patients who reported that their doctors ""Always"" communicated well — Doctors ""always"" communicated well",71.0,531.0
450822,MEDICAL CITY LAS COLINAS,DALLAS,False,Proprietary,H_COMP_5_A_P,"Patients who reported that staff ""Always"" explained about medicines before giving it to them — Staff ""always"" explained",52.0,531.0
450822,MEDICAL CITY LAS COLINAS,DALLAS,False,Proprietary,H_COMP_6_Y_P,"Patients who reported that YES, they were given information about what to do during their recovery at home — Yes, staff ""did"" give patients this information",80.0,531.0
450822,MEDICAL CITY LAS COLINAS,DALLAS,False,Proprietary,H_HSP_RATING_9_10,"Patients who gave their hospital a rating of 9 or 10 on a scale from 0 (lowest) to 10 (highest) — Patients who gave a rating of ""9"" or ""10"" (high)",66.0,531.0
450822,MEDICAL CITY LAS COLINAS,DALLAS,False,Proprietary,H_QUIET_HSP_A_P,"Patients who reported that the area around their room was ""Always"" quiet at night — ""Always"" quiet at night",65.0,531.0
450822,MEDICAL CITY LAS COLINAS,DALLAS,False,Proprietary,H_RECMND_DY,"Patients who reported YES, they would definitely recommend the hospital — ""YES"", patients would definitely recommend the hospital",64.0,531.0
450669,MEDICAL CITY LEWISVILLE,DENTON,False,Voluntary non-profit - Private,H_CLEAN_HSP_A_P,"Patients who reported that their room and bathroom were ""Always"" clean — Room was ""always"" clean",77.0,564.0
450669,MEDICAL CITY LEWISVILLE,DENTON,False,Voluntary non-profit - Private,H_COMP_1_A_P,"Patients who reported that their nurses ""Always"" communicated well — Nurses ""always"" communicated well",79.0,564.0
450669,MEDICAL CITY LEWISVILLE,DENTON,False,Voluntary non-profit - Private,H_COMP_2_A_P,"Patients who reported that their doctors ""Always"" communicated well — Doctors ""always"" communicated well",76.0,564.0
450669,MEDICAL CITY LEWISVILLE,DENTON,False,Voluntary non-profit - Private,H_COMP_5_A_P,"Patients who reported that staff ""Always"" explained about medicines before giving it to them — Staff ""always"" explained",56.0,564.0
450669,MEDICAL CITY LEWISVILLE,DENTON,False,Voluntary non-profit - Private,H_COMP_6_Y_P,"Patients who reported that YES, they were given information about what to do during their recovery at home — Yes, staff ""did"" give patients this information",84.0,564.0
450669,MEDICAL CITY LEWISVILLE,DENTON,False,Voluntary non-profit - Private,H_HSP_RATING_9_10,"Patients who gave their hospital a rating of 9 or 10 on a scale from 0 (lowest) to 10 (highest) — Patients who gave a rating of ""9"" or ""10"" (high)",70.0,564.0
450669,MEDICAL CITY LEWISVILLE,DENTON,False,Voluntary non-profit - Private,H_QUIET_HSP_A_P,"Patients who reported that the area around their room was ""Always"" quiet at night — ""Always"" quiet at night",61.0,564.0
450669,MEDICAL CITY LEWISVILLE,DENTON,False,Voluntary non-profit - Private,H_RECMND_DY,"Patients who reported YES, they would definitely recommend the hospital — ""YES"", patients would definitely recommend the hospital",71.0,564.0
450087,MEDICAL CITY NORTH HILLS,TARRANT,False,Proprietary,H_CLEAN_HSP_A_P,"Patients who reported that their room and bathroom were ""Always"" clean — Room was ""always"" clean",78.0,540.0
450087,MEDICAL CITY NORTH HILLS,TARRANT,False,Proprietary,H_COMP_1_A_P,"Patients who reported that their nurses ""Always"" communicated well — Nurses ""always"" communicated well",77.0,540.0
450087,MEDICAL CITY NORTH HILLS,TARRANT,False,Proprietary,H_COMP_2_A_P,"Patients who reported that their doctors ""Always"" communicated well — Doctors ""always"" communicated well",72.0,540.0
450087,MEDICAL CITY NORTH HILLS,TARRANT,False,Proprietary,H_COMP_5_A_P,"Patients who reported that staff ""Always"" explained about medicines before giving it to them — Staff ""always"" explained",60.0,540.0
450087,MEDICAL CITY NORTH HILLS,TARRANT,False,Proprietary,H_COMP_6_Y_P,"Patients who reported that YES, they were given information about what to do during their recovery at home — Yes, staff ""did"" give patients this information",79.0,540.0
450087,MEDICAL CITY NORTH HILLS,TARRANT,False,Proprietary,H_HSP_RATING_9_10,"Patients who gave their hospital a rating of 9 or 10 on a scale from 0 (lowest) to 10 (highest) — Patients who gave a rating of ""9"" or ""10"" (high)",71.0,540.0
450087,MEDICAL CITY NORTH HILLS,TARRANT,False,Proprietary,H_QUIET_HSP_A_P,"Patients who reported that the area around their room was ""Always"" quiet at night — ""Always"" quiet at night",66.0,540.0
450087,MEDICAL CITY NORTH HILLS,TARRANT,False,Proprietary,H_RECMND_DY,"Patients who reported YES, they would definitely recommend the hospital — ""YES"", patients would definitely recommend the hospital",70.0,540.0
450651,MEDICAL CITY PLANO,COLLIN,False,Proprietary,H_CLEAN_HSP_A_P,"Patients who reported that their room and bathroom were ""Always"" clean — Room was ""always"" clean",74.0,1436.0
450651,MEDICAL CITY PLANO,COLLIN,False,Proprietary,H_COMP_1_A_P,"Patients who reported that their nurses ""Always"" communicated well — Nurses ""always"" communicated well",72.0,1436.0
450651,MEDICAL CITY PLANO,COLLIN,False,Proprietary,H_COMP_2_A_P,"Patients who reported that their doctors ""Always"" communicated well — Doctors ""always"" communicated well",73.0,1436.0
450651,MEDICAL CITY PLANO,COLLIN,False,Proprietary,H_COMP_5_A_P,"Patients who reported that staff ""Always"" explained about medicines before giving it to them — Staff ""always"" explained",55.0,1436.0
450651,MEDICAL CITY PLANO,COLLIN,False,Proprietary,H_COMP_6_Y_P,"Patients who reported that YES, they were given information about what to do during their recovery at home — Yes, staff ""did"" give patients this information",82.0,1436.0
450651,MEDICAL CITY PLANO,COLLIN,False,Proprietary,H_HSP_RATING_9_10,"Patients who gave their hospital a rating of 9 or 10 on a scale from 0 (lowest) to 10 (highest) — Patients who gave a rating of ""9"" or ""10"" (high)",65.0,1436.0
450651,MEDICAL CITY PLANO,COLLIN,False,Proprietary,H_QUIET_HSP_A_P,"Patients who reported that the area around their room was ""Always"" quiet at night — ""Always"" quiet at night",62.0,1436.0
450651,MEDICAL CITY PLANO,COLLIN,False,Proprietary,H_RECMND_DY,"Patients who reported YES, they would definitely recommend the hospital — ""YES"", patients would definitely recommend the hospital",66.0,1436.0
450203,MEDICAL CITY WEATHERFORD,PARKER,False,Proprietary,H_CLEAN_HSP_A_P,"Patients who reported that their room and bathroom were ""Always"" clean — Room was ""always"" clean",73.0,700.0
450203,MEDICAL CITY WEATHERFORD,PARKER,False,Proprietary,H_COMP_1_A_P,"Patients who reported that their nurses ""Always"" communicated well — Nurses ""always"" communicated well",77.0,700.0
450203,MEDICAL CITY WEATHERFORD,PARKER,False,Proprietary,H_COMP_2_A_P,"Patients who reported that their doctors ""Always"" communicated well — Doctors ""always"" communicated well",77.0,700.0
450203,MEDICAL CITY WEATHERFORD,PARKER,False,Proprietary,H_COMP_5_A_P,"Patients who reported that staff ""Always"" explained about medicines before giving it to them — Staff ""always"" explained",59.0,700.0
450203,MEDICAL CITY WEATHERFORD,PARKER,False,Proprietary,H_COMP_6_Y_P,"Patients who reported that YES, they were given information about what to do during their recovery at home — Yes, staff ""did"" give patients this information",84.0,700.0
450203,MEDICAL CITY WEATHERFORD,PARKER,False,Proprietary,H_HSP_RATING_9_10,"Patients who gave their hospital a rating of 9 or 10 on a scale from 0 (lowest) to 10 (highest) — Patients who gave a rating of ""9"" or ""10"" (high)",69.0,700.0
450203,MEDICAL CITY WEATHERFORD,PARKER,False,Proprietary,H_QUIET_HSP_A_P,"Patients who reported that the area around their room was ""Always"" quiet at night — ""Always"" quiet at night",62.0,700.0
450203,MEDICAL CITY WEATHERFORD,PARKER,False,Proprietary,H_RECMND_DY,"Patients who reported YES, they would definitely recommend the hospital — ""YES"", patients would definitely recommend the hospital",64.0,700.0
451330,MEDINA REGIONAL HOSPITAL,MEDINA,False,Government - Hospital District or Authority,H_CLEAN_HSP_A_P,"Patients who reported that their room and bathroom were ""Always"" clean — Room was ""always"" clean",81.0,62.0
451330,MEDINA REGIONAL HOSPITAL,MEDINA,False,Government - Hospital District or Authority,H_COMP_1_A_P,"Patients who reported that their nurses ""Always"" communicated well — Nurses ""always"" communicated well",84.0,62.0
451330,MEDINA REGIONAL HOSPITAL,MEDINA,False,Government - Hospital District or Authority,H_COMP_2_A_P,"Patients who reported that their doctors ""Always"" communicated well — Doctors ""always"" communicated well",89.0,62.0
451330,MEDINA REGIONAL HOSPITAL,MEDINA,False,Government - Hospital District or Authority,H_COMP_5_A_P,"Patients who reported that staff ""Always"" explained about medicines before giving it to them — Staff ""always"" explained",66.0,62.0
451330,MEDINA REGIONAL HOSPITAL,MEDINA,False,Government - Hospital District or Authority,H_COMP_6_Y_P,"Patients who reported that YES, they were given information about what to do during their recovery at home — Yes, staff ""did"" give patients this information",92.0,62.0
451330,MEDINA REGIONAL HOSPITAL,MEDINA,False,Government - Hospital District or Authority,H_HSP_RATING_9_10,"Patients who gave their hospital a rating of 9 or 10 on a scale from 0 (lowest) to 10 (highest) — Patients who gave a rating of ""9"" or ""10"" (high)",83.0,62.0
451330,MEDINA REGIONAL HOSPITAL,MEDINA,False,Government - Hospital District or Authority,H_QUIET_HSP_A_P,"Patients who reported that the area around their room was ""Always"" quiet at night — ""Always"" quiet at night",72.0,62.0
451330,MEDINA REGIONAL HOSPITAL,MEDINA,False,Government - Hospital District or Authority,H_RECMND_DY,"Patients who reported YES, they would definitely recommend the hospital — ""YES"", patients would definitely recommend the hospital",77.0,62.0
450068,MEMORIAL HERMANN - TEXAS MEDICAL CENTER,HARRIS,True,Voluntary non-profit - Private,H_CLEAN_HSP_A_P,"Patients who reported that their room and bathroom were ""Always"" clean — Room was ""always"" clean",72.0,2509.0
450068,MEMORIAL HERMANN - TEXAS MEDICAL CENTER,HARRIS,True,Voluntary non-profit - Private,H_COMP_1_A_P,"Patients who reported that their nurses ""Always"" communicated well — Nurses ""always"" communicated well",75.0,2509.0
450068,MEMORIAL HERMANN - TEXAS MEDICAL CENTER,HARRIS,True,Voluntary non-profit - Private,H_COMP_2_A_P,"Patients who reported that their doctors ""Always"" communicated well — Doctors ""always"" communicated well",75.0,2509.0
450068,MEMORIAL HERMANN - TEXAS MEDICAL CENTER,HARRIS,True,Voluntary non-profit - Private,H_COMP_5_A_P,"Patients who reported that staff ""Always"" explained about medicines before giving it to them — Staff ""always"" explained",58.0,2509.0
450068,MEMORIAL HERMANN - TEXAS MEDICAL CENTER,HARRIS,True,Voluntary non-profit - Private,H_COMP_6_Y_P,"Patients who reported that YES, they were given information about what to do during their recovery at home — Yes, staff ""did"" give patients this information",84.0,2509.0
450068,MEMORIAL HERMANN - TEXAS MEDICAL CENTER,HARRIS,True,Voluntary non-profit - Private,H_HSP_RATING_9_10,"Patients who gave their hospital a rating of 9 or 10 on a scale from 0 (lowest) to 10 (highest) — Patients who gave a rating of ""9"" or ""10"" (high)",72.0,2509.0
450068,MEMORIAL HERMANN - TEXAS MEDICAL CENTER,HARRIS,True,Voluntary non-profit - Private,H_QUIET_HSP_A_P,"Patients who reported that the area around their room was ""Always"" quiet at night — ""Always"" quiet at night",61.0,2509.0
450068,MEMORIAL HERMANN - TEXAS MEDICAL CENTER,HARRIS,True,Voluntary non-profit - Private,H_RECMND_DY,"Patients who reported YES, they would definitely recommend the hospital — ""YES"", patients would definitely recommend the hospital",71.0,2509.0
450184,MEMORIAL HERMANN HOSPITAL SYSTEM,HARRIS,True,Voluntary non-profit - Private,H_CLEAN_HSP_A_P,"Patients who reported that their room and bathroom were ""Always"" clean — Room was ""always"" clean",75.0,2132.0
450184,MEMORIAL HERMANN HOSPITAL SYSTEM,HARRIS,True,Voluntary non-profit - Private,H_COMP_1_A_P,"Patients who reported that their nurses ""Always"" communicated well — Nurses ""always"" communicated well",75.0,2132.0
450184,MEMORIAL HERMANN HOSPITAL SYSTEM,HARRIS,True,Voluntary non-profit - Private,H_COMP_2_A_P,"Patients who reported that their doctors ""Always"" communicated well — Doctors ""always"" communicated well",76.0,2132.0
450184,MEMORIAL HERMANN HOSPITAL SYSTEM,HARRIS,True,Voluntary non-profit - Private,H_COMP_5_A_P,"Patients who reported that staff ""Always"" explained about medicines before giving it to them — Staff ""always"" explained",57.0,2132.0
450184,MEMORIAL HERMANN HOSPITAL SYSTEM,HARRIS,True,Voluntary non-profit - Private,H_COMP_6_Y_P,"Patients who reported that YES, they were given information about what to do during their recovery at home — Yes, staff ""did"" give patients this information",83.0,2132.0
450184,MEMORIAL HERMANN HOSPITAL SYSTEM,HARRIS,True,Voluntary non-profit - Private,H_HSP_RATING_9_10,"Patients who gave their hospital a rating of 9 or 10 on a scale from 0 (lowest) to 10 (highest) — Patients who gave a rating of ""9"" or ""10"" (high)",72.0,2132.0
450184,MEMORIAL HERMANN HOSPITAL SYSTEM,HARRIS,True,Voluntary non-profit - Private,H_QUIET_HSP_A_P,"Patients who reported that the area around their room was ""Always"" quiet at night — ""Always"" quiet at night",60.0,2132.0
450184,MEMORIAL HERMANN HOSPITAL SYSTEM,HARRIS,True,Voluntary non-profit - Private,H_RECMND_DY,"Patients who reported YES, they would definitely recommend the hospital — ""YES"", patients would definitely recommend the hospital",71.0,2132.0
670008,MEMORIAL HERMANN HOUSTON PHYSICIANS HOSPITAL,HARRIS,True,Physician,H_CLEAN_HSP_A_P,"Patients who reported that their room and bathroom were ""Always"" clean — Room was ""always"" clean",84.0,192.0
670008,MEMORIAL HERMANN HOUSTON PHYSICIANS HOSPITAL,HARRIS,True,Physician,H_COMP_1_A_P,"Patients who reported that their nurses ""Always"" communicated well — Nurses ""always"" communicated well",88.0,192.0
670008,MEMORIAL HERMANN HOUSTON PHYSICIANS HOSPITAL,HARRIS,True,Physician,H_COMP_2_A_P,"Patients who reported that their doctors ""Always"" communicated well — Doctors ""always"" communicated well",83.0,192.0
670008,MEMORIAL HERMANN HOUSTON PHYSICIANS HOSPITAL,HARRIS,True,Physician,H_COMP_5_A_P,"Patients who reported that staff ""Always"" explained about medicines before giving it to them — Staff ""always"" explained",75.0,192.0
670008,MEMORIAL HERMANN HOUSTON PHYSICIANS HOSPITAL,HARRIS,True,Physician,H_COMP_6_Y_P,"Patients who reported that YES, they were given information about what to do during their recovery at home — Yes, staff ""did"" give patients this information",85.0,192.0
670008,MEMORIAL HERMANN HOUSTON PHYSICIANS HOSPITAL,HARRIS,True,Physician,H_HSP_RATING_9_10,"Patients who gave their hospital a rating of 9 or 10 on a scale from 0 (lowest) to 10 (highest) — Patients who gave a rating of ""9"" or ""10"" (high)",83.0,192.0
670008,MEMORIAL HERMANN HOUSTON PHYSICIANS HOSPITAL,HARRIS,True,Physician,H_QUIET_HSP_A_P,"Patients who reported that the area around their room was ""Always"" quiet at night — ""Always"" quiet at night",74.0,192.0
670008,MEMORIAL HERMANN HOUSTON PHYSICIANS HOSPITAL,HARRIS,True,Physician,H_RECMND_DY,"Patients who reported YES, they would definitely recommend the hospital — ""YES"", patients would definitely recommend the hospital",87.0,192.0
450847,MEMORIAL HERMANN KATY HOSPITAL,FORT BEND,True,Voluntary non-profit - Private,H_CLEAN_HSP_A_P,"Patients who reported that their room and bathroom were ""Always"" clean — Room was ""always"" clean",71.0,784.0
450847,MEMORIAL HERMANN KATY HOSPITAL,FORT BEND,True,Voluntary non-profit - Private,H_COMP_1_A_P,"Patients who reported that their nurses ""Always"" communicated well — Nurses ""always"" communicated well",74.0,784.0
450847,MEMORIAL HERMANN KATY HOSPITAL,FORT BEND,True,Voluntary non-profit - Private,H_COMP_2_A_P,"Patients who reported that their doctors ""Always"" communicated well — Doctors ""always"" communicated well",75.0,784.0
450847,MEMORIAL HERMANN KATY HOSPITAL,FORT BEND,True,Voluntary non-profit - Private,H_COMP_5_A_P,"Patients who reported that staff ""Always"" explained about medicines before giving it to them — Staff ""always"" explained",53.0,784.0
450847,MEMORIAL HERMANN KATY HOSPITAL,FORT BEND,True,Voluntary non-profit - Private,H_COMP_6_Y_P,"Patients who reported that YES, they were given information about what to do during their recovery at home — Yes, staff ""did"" give patients this information",84.0,784.0
450847,MEMORIAL HERMANN KATY HOSPITAL,FORT BEND,True,Voluntary non-profit - Private,H_HSP_RATING_9_10,"Patients who gave their hospital a rating of 9 or 10 on a scale from 0 (lowest) to 10 (highest) — Patients who gave a rating of ""9"" or ""10"" (high)",67.0,784.0
450847,MEMORIAL HERMANN KATY HOSPITAL,FORT BEND,True,Voluntary non-profit - Private,H_QUIET_HSP_A_P,"Patients who reported that the area around their room was ""Always"" quiet at night — ""Always"" quiet at night",59.0,784.0
450847,MEMORIAL HERMANN KATY HOSPITAL,FORT BEND,True,Voluntary non-profit - Private,H_RECMND_DY,"Patients who reported YES, they would definitely recommend the hospital — ""YES"", patients would definitely recommend the hospital",67.0,784.0
450610,MEMORIAL HERMANN MEMORIAL CITY HOSPITAL,HARRIS,True,Voluntary non-profit - Private,H_CLEAN_HSP_A_P,"Patients who reported that their room and bathroom were ""Always"" clean — Room was ""always"" clean",74.0,902.0
450610,MEMORIAL HERMANN MEMORIAL CITY HOSPITAL,HARRIS,True,Voluntary non-profit - Private,H_COMP_1_A_P,"Patients who reported that their nurses ""Always"" communicated well — Nurses ""always"" communicated well",74.0,902.0
450610,MEMORIAL HERMANN MEMORIAL CITY HOSPITAL,HARRIS,True,Voluntary non-profit - Private,H_COMP_2_A_P,"Patients who reported that their doctors ""Always"" communicated well — Doctors ""always"" communicated well",78.0,902.0
450610,MEMORIAL HERMANN MEMORIAL CITY HOSPITAL,HARRIS,True,Voluntary non-profit - Private,H_COMP_5_A_P,"Patients who reported that staff ""Always"" explained about medicines before giving it to them — Staff ""always"" explained",58.0,902.0
450610,MEMORIAL HERMANN MEMORIAL CITY HOSPITAL,HARRIS,True,Voluntary non-profit - Private,H_COMP_6_Y_P,"Patients who reported that YES, they were given information about what to do during their recovery at home — Yes, staff ""did"" give patients this information",85.0,902.0
450610,MEMORIAL HERMANN MEMORIAL CITY HOSPITAL,HARRIS,True,Voluntary non-profit - Private,H_HSP_RATING_9_10,"Patients who gave their hospital a rating of 9 or 10 on a scale from 0 (lowest) to 10 (highest) — Patients who gave a rating of ""9"" or ""10"" (high)",70.0,902.0
450610,MEMORIAL HERMANN MEMORIAL CITY HOSPITAL,HARRIS,True,Voluntary non-profit - Private,H_QUIET_HSP_A_P,"Patients who reported that the area around their room was ""Always"" quiet at night — ""Always"" quiet at night",62.0,902.0
450610,MEMORIAL HERMANN MEMORIAL CITY HOSPITAL,HARRIS,True,Voluntary non-profit - Private,H_RECMND_DY,"Patients who reported YES, they would definitely recommend the hospital — ""YES"", patients would definitely recommend the hospital",71.0,902.0
450684,MEMORIAL HERMANN NORTHEAST HOSPITAL,HARRIS,True,Voluntary non-profit - Private,H_CLEAN_HSP_A_P,"Patients who reported that their room and bathroom were ""Always"" clean — Room was ""always"" clean",71.0,619.0
450684,MEMORIAL HERMANN NORTHEAST HOSPITAL,HARRIS,True,Voluntary non-profit - Private,H_COMP_1_A_P,"Patients who reported that their nurses ""Always"" communicated well — Nurses ""always"" communicated well",77.0,619.0
450684,MEMORIAL HERMANN NORTHEAST HOSPITAL,HARRIS,True,Voluntary non-profit - Private,H_COMP_2_A_P,"Patients who reported that their doctors ""Always"" communicated well — Doctors ""always"" communicated well",78.0,619.0
450684,MEMORIAL HERMANN NORTHEAST HOSPITAL,HARRIS,True,Voluntary non-profit - Private,H_COMP_5_A_P,"Patients who reported that staff ""Always"" explained about medicines before giving it to them — Staff ""always"" explained",61.0,619.0
450684,MEMORIAL HERMANN NORTHEAST HOSPITAL,HARRIS,True,Voluntary non-profit - Private,H_COMP_6_Y_P,"Patients who reported that YES, they were given information about what to do during their recovery at home — Yes, staff ""did"" give patients this information",84.0,619.0
450684,MEMORIAL HERMANN NORTHEAST HOSPITAL,HARRIS,True,Voluntary non-profit - Private,H_HSP_RATING_9_10,"Patients who gave their hospital a rating of 9 or 10 on a scale from 0 (lowest) to 10 (highest) — Patients who gave a rating of ""9"" or ""10"" (high)",71.0,619.0
450684,MEMORIAL HERMANN NORTHEAST HOSPITAL,HARRIS,True,Voluntary non-profit - Private,H_QUIET_HSP_A_P,"Patients who reported that the area around their room was ""Always"" quiet at night — ""Always"" quiet at night",60.0,619.0
450684,MEMORIAL HERMANN NORTHEAST HOSPITAL,HARRIS,True,Voluntary non-profit - Private,H_RECMND_DY,"Patients who reported YES, they would definitely recommend the hospital — ""YES"", patients would definitely recommend the hospital",71.0,619.0
450848,MEMORIAL HERMANN SUGAR LAND HOSPITAL,FORT BEND,True,Voluntary non-profit - Private,H_CLEAN_HSP_A_P,"Patients who reported that their room and bathroom were ""Always"" clean — Room was ""always"" clean",71.0,851.0
450848,MEMORIAL HERMANN SUGAR LAND HOSPITAL,FORT BEND,True,Voluntary non-profit - Private,H_COMP_1_A_P,"Patients who reported that their nurses ""Always"" communicated well — Nurses ""always"" communicated well",74.0,851.0
450848,MEMORIAL HERMANN SUGAR LAND HOSPITAL,FORT BEND,True,Voluntary non-profit - Private,H_COMP_2_A_P,"Patients who reported that their doctors ""Always"" communicated well — Doctors ""always"" communicated well",76.0,851.0
450848,MEMORIAL HERMANN SUGAR LAND HOSPITAL,FORT BEND,True,Voluntary non-profit - Private,H_COMP_5_A_P,"Patients who reported that staff ""Always"" explained about medicines before giving it to them — Staff ""always"" explained",56.0,851.0
450848,MEMORIAL HERMANN SUGAR LAND HOSPITAL,FORT BEND,True,Voluntary non-profit - Private,H_COMP_6_Y_P,"Patients who reported that YES, they were given information about what to do during their recovery at home — Yes, staff ""did"" give patients this information",84.0,851.0
450848,MEMORIAL HERMANN SUGAR LAND HOSPITAL,FORT BEND,True,Voluntary non-profit - Private,H_HSP_RATING_9_10,"Patients who gave their hospital a rating of 9 or 10 on a scale from 0 (lowest) to 10 (highest) — Patients who gave a rating of ""9"" or ""10"" (high)",70.0,851.0
450848,MEMORIAL HERMANN SUGAR LAND HOSPITAL,FORT BEND,True,Voluntary non-profit - Private,H_QUIET_HSP_A_P,"Patients who reported that the area around their room was ""Always"" quiet at night — ""Always"" quiet at night",56.0,851.0
450848,MEMORIAL HERMANN SUGAR LAND HOSPITAL,FORT BEND,True,Voluntary non-profit - Private,H_RECMND_DY,"Patients who reported YES, they would definitely recommend the hospital — ""YES"", patients would definitely recommend the hospital",69.0,851.0
670005,MEMORIAL HERMANN SURGICAL HOSPITAL KINGWOOD,HARRIS,True,Proprietary,H_CLEAN_HSP_A_P,"Patients who reported that their room and bathroom were ""Always"" clean — Room was ""always"" clean",52.0,30.0
670005,MEMORIAL HERMANN SURGICAL HOSPITAL KINGWOOD,HARRIS,True,Proprietary,H_COMP_1_A_P,"Patients who reported that their nurses ""Always"" communicated well — Nurses ""always"" communicated well",79.0,30.0
670005,MEMORIAL HERMANN SURGICAL HOSPITAL KINGWOOD,HARRIS,True,Proprietary,H_COMP_2_A_P,"Patients who reported that their doctors ""Always"" communicated well — Doctors ""always"" communicated well",76.0,30.0
670005,MEMORIAL HERMANN SURGICAL HOSPITAL KINGWOOD,HARRIS,True,Proprietary,H_COMP_5_A_P,"Patients who reported that staff ""Always"" explained about medicines before giving it to them — Staff ""always"" explained",35.0,30.0
670005,MEMORIAL HERMANN SURGICAL HOSPITAL KINGWOOD,HARRIS,True,Proprietary,H_COMP_6_Y_P,"Patients who reported that YES, they were given information about what to do during their recovery at home — Yes, staff ""did"" give patients this information",83.0,30.0
670005,MEMORIAL HERMANN SURGICAL HOSPITAL KINGWOOD,HARRIS,True,Proprietary,H_HSP_RATING_9_10,"Patients who gave their hospital a rating of 9 or 10 on a scale from 0 (lowest) to 10 (highest) — Patients who gave a rating of ""9"" or ""10"" (high)",72.0,30.0
670005,MEMORIAL HERMANN SURGICAL HOSPITAL KINGWOOD,HARRIS,True,Proprietary,H_QUIET_HSP_A_P,"Patients who reported that the area around their room was ""Always"" quiet at night — ""Always"" quiet at night",72.0,30.0
670005,MEMORIAL HERMANN SURGICAL HOSPITAL KINGWOOD,HARRIS,True,Proprietary,H_RECMND_DY,"Patients who reported YES, they would definitely recommend the hospital — ""YES"", patients would definitely recommend the hospital",73.0,30.0
450235,MEMORIAL HOSPITAL,GONZALES,False,Government - Hospital District or Authority,H_CLEAN_HSP_A_P,"Patients who reported that their room and bathroom were ""Always"" clean — Room was ""always"" clean",70.0,40.0
451386,MEMORIAL HOSPITAL,MOORE,False,Government - Hospital District or Authority,H_CLEAN_HSP_A_P,"Patients who reported that their room and bathroom were ""Always"" clean — Room was ""always"" clean",85.0,48.0
451386,MEMORIAL HOSPITAL,MOORE,False,Government - Hospital District or Authority,H_COMP_1_A_P,"Patients who reported that their nurses ""Always"" communicated well — Nurses ""always"" communicated well",87.0,48.0
450235,MEMORIAL HOSPITAL,GONZALES,False,Government - Hospital District or Authority,H_COMP_1_A_P,"Patients who reported that their nurses ""Always"" communicated well — Nurses ""always"" communicated well",83.0,40.0
451386,MEMORIAL HOSPITAL,MOORE,False,Government - Hospital District or Authority,H_COMP_2_A_P,"Patients who reported that their doctors ""Always"" communicated well — Doctors ""always"" communicated well",87.0,48.0
450235,MEMORIAL HOSPITAL,GONZALES,False,Government - Hospital District or Authority,H_COMP_2_A_P,"Patients who reported that their doctors ""Always"" communicated well — Doctors ""always"" communicated well",81.0,40.0
451386,MEMORIAL HOSPITAL,MOORE,False,Government - Hospital District or Authority,H_COMP_5_A_P,"Patients who reported that staff ""Always"" explained about medicines before giving it to them — Staff ""always"" explained",75.0,48.0
450235,MEMORIAL HOSPITAL,GONZALES,False,Government - Hospital District or Authority,H_COMP_5_A_P,"Patients who reported that staff ""Always"" explained about medicines before giving it to them — Staff ""always"" explained",73.0,40.0
450235,MEMORIAL HOSPITAL,GONZALES,False,Government - Hospital District or Authority,H_COMP_6_Y_P,"Patients who reported that YES, they were given information about what to do during their recovery at home — Yes, staff ""did"" give patients this information",94.0,40.0
451386,MEMORIAL HOSPITAL,MOORE,False,Government - Hospital District or Authority,H_COMP_6_Y_P,"Patients who reported that YES, they were given information about what to do during their recovery at home — Yes, staff ""did"" give patients this information",93.0,48.0
451386,MEMORIAL HOSPITAL,MOORE,False,Government - Hospital District or Authority,H_HSP_RATING_9_10,"Patients who gave their hospital a rating of 9 or 10 on a scale from 0 (lowest) to 10 (highest) — Patients who gave a rating of ""9"" or ""10"" (high)",84.0,48.0
450235,MEMORIAL HOSPITAL,GONZALES,False,Government - Hospital District or Authority,H_HSP_RATING_9_10,"Patients who gave their hospital a rating of 9 or 10 on a scale from 0 (lowest) to 10 (highest) — Patients who gave a rating of ""9"" or ""10"" (high)",77.0,40.0
451386,MEMORIAL HOSPITAL,MOORE,False,Government - Hospital District or Authority,H_QUIET_HSP_A_P,"Patients who reported that the area around their room was ""Always"" quiet at night — ""Always"" quiet at night",75.0,48.0
450235,MEMORIAL HOSPITAL,GONZALES,False,Government - Hospital District or Authority,H_QUIET_HSP_A_P,"Patients who reported that the area around their room was ""Always"" quiet at night — ""Always"" quiet at night",54.0,40.0
451386,MEMORIAL HOSPITAL,MOORE,False,Government - Hospital District or Authority,H_RECMND_DY,"Patients who reported YES, they would definitely recommend the hospital — ""YES"", patients would definitely recommend the hospital",87.0,48.0
450235,MEMORIAL HOSPITAL,GONZALES,False,Government - Hospital District or Authority,H_RECMND_DY,"Patients who reported YES, they would definitely recommend the hospital — ""YES"", patients would definitely recommend the hospital",70.0,40.0
451356,MEMORIAL MEDICAL CENTER,CALHOUN,False,Government - Local,H_CLEAN_HSP_A_P,"Patients who reported that their room and bathroom were ""Always"" clean — Room was ""always"" clean",82.0,59.0
451356,MEMORIAL MEDICAL CENTER,CALHOUN,False,Government - Local,H_COMP_1_A_P,"Patients who reported that their nurses ""Always"" communicated well — Nurses ""always"" communicated well",86.0,59.0
451356,MEMORIAL MEDICAL CENTER,CALHOUN,False,Government - Local,H_COMP_2_A_P,"Patients who reported that their doctors ""Always"" communicated well — Doctors ""always"" communicated well",87.0,59.0
451356,MEMORIAL MEDICAL CENTER,CALHOUN,False,Government - Local,H_COMP_5_A_P,"Patients who reported that staff ""Always"" explained about medicines before giving it to them — Staff ""always"" explained",72.0,59.0
451356,MEMORIAL MEDICAL CENTER,CALHOUN,False,Government - Local,H_COMP_6_Y_P,"Patients who reported that YES, they were given information about what to do during their recovery at home — Yes, staff ""did"" give patients this information",82.0,59.0
451356,MEMORIAL MEDICAL CENTER,CALHOUN,False,Government - Local,H_HSP_RATING_9_10,"Patients who gave their hospital a rating of 9 or 10 on a scale from 0 (lowest) to 10 (highest) — Patients who gave a rating of ""9"" or ""10"" (high)",77.0,59.0
451356,MEMORIAL MEDICAL CENTER,CALHOUN,False,Government - Local,H_QUIET_HSP_A_P,"Patients who reported that the area around their room was ""Always"" quiet at night — ""Always"" quiet at night",75.0,59.0
451356,MEMORIAL MEDICAL CENTER,CALHOUN,False,Government - Local,H_RECMND_DY,"Patients who reported YES, they would definitely recommend the hospital — ""YES"", patients would definitely recommend the hospital",74.0,59.0
450723,METHODIST CHARLTON MEDICAL CENTER,DALLAS,False,Voluntary non-profit - Private,H_CLEAN_HSP_A_P,"Patients who reported that their room and bathroom were ""Always"" clean — Room was ""always"" clean",77.0,861.0
450723,METHODIST CHARLTON MEDICAL CENTER,DALLAS,False,Voluntary non-profit - Private,H_COMP_1_A_P,"Patients who reported that their nurses ""Always"" communicated well — Nurses ""always"" communicated well",80.0,861.0
450723,METHODIST CHARLTON MEDICAL CENTER,DALLAS,False,Voluntary non-profit - Private,H_COMP_2_A_P,"Patients who reported that their doctors ""Always"" communicated well — Doctors ""always"" communicated well",78.0,861.0
450723,METHODIST CHARLTON MEDICAL CENTER,DALLAS,False,Voluntary non-profit - Private,H_COMP_5_A_P,"Patients who reported that staff ""Always"" explained about medicines before giving it to them — Staff ""always"" explained",62.0,861.0
450723,METHODIST CHARLTON MEDICAL CENTER,DALLAS,False,Voluntary non-profit - Private,H_COMP_6_Y_P,"Patients who reported that YES, they were given information about what to do during their recovery at home — Yes, staff ""did"" give patients this information",87.0,861.0
450723,METHODIST CHARLTON MEDICAL CENTER,DALLAS,False,Voluntary non-profit - Private,H_HSP_RATING_9_10,"Patients who gave their hospital a rating of 9 or 10 on a scale from 0 (lowest) to 10 (highest) — Patients who gave a rating of ""9"" or ""10"" (high)",72.0,861.0
450723,METHODIST CHARLTON MEDICAL CENTER,DALLAS,False,Voluntary non-profit - Private,H_QUIET_HSP_A_P,"Patients who reported that the area around their room was ""Always"" quiet at night — ""Always"" quiet at night",68.0,861.0
450723,METHODIST CHARLTON MEDICAL CENTER,DALLAS,False,Voluntary non-profit - Private,H_RECMND_DY,"Patients who reported YES, they would definitely recommend the hospital — ""YES"", patients would definitely recommend the hospital",68.0,861.0
450051,METHODIST DALLAS MEDICAL CENTER,DALLAS,False,Voluntary non-profit - Other,H_CLEAN_HSP_A_P,"Patients who reported that their room and bathroom were ""Always"" clean — Room was ""always"" clean",77.0,1126.0
450051,METHODIST DALLAS MEDICAL CENTER,DALLAS,False,Voluntary non-profit - Other,H_COMP_1_A_P,"Patients who reported that their nurses ""Always"" communicated well — Nurses ""always"" communicated well",80.0,1126.0
450051,METHODIST DALLAS MEDICAL CENTER,DALLAS,False,Voluntary non-profit - Other,H_COMP_2_A_P,"Patients who reported that their doctors ""Always"" communicated well — Doctors ""always"" communicated well",80.0,1126.0
450051,METHODIST DALLAS MEDICAL CENTER,DALLAS,False,Voluntary non-profit - Other,H_COMP_5_A_P,"Patients who reported that staff ""Always"" explained about medicines before giving it to them — Staff ""always"" explained",61.0,1126.0
450051,METHODIST DALLAS MEDICAL CENTER,DALLAS,False,Voluntary non-profit - Other,H_COMP_6_Y_P,"Patients who reported that YES, they were given information about what to do during their recovery at home — Yes, staff ""did"" give patients this information",87.0,1126.0
450051,METHODIST DALLAS MEDICAL CENTER,DALLAS,False,Voluntary non-profit - Other,H_HSP_RATING_9_10,"Patients who gave their hospital a rating of 9 or 10 on a scale from 0 (lowest) to 10 (highest) — Patients who gave a rating of ""9"" or ""10"" (high)",75.0,1126.0
450051,METHODIST DALLAS MEDICAL CENTER,DALLAS,False,Voluntary non-profit - Other,H_QUIET_HSP_A_P,"Patients who reported that the area around their room was ""Always"" quiet at night — ""Always"" quiet at night",59.0,1126.0
450051,METHODIST DALLAS MEDICAL CENTER,DALLAS,False,Voluntary non-profit - Other,H_RECMND_DY,"Patients who reported YES, they would definitely recommend the hospital — ""YES"", patients would definitely recommend the hospital",74.0,1126.0
450388,METHODIST HOSPITAL,BEXAR,False,Proprietary,H_CLEAN_HSP_A_P,"Patients who reported that their room and bathroom were ""Always"" clean — Room was ""always"" clean",72.0,4150.0
450388,METHODIST HOSPITAL,BEXAR,False,Proprietary,H_COMP_1_A_P,"Patients who reported that their nurses ""Always"" communicated well — Nurses ""always"" communicated well",75.0,4150.0
450388,METHODIST HOSPITAL,BEXAR,False,Proprietary,H_COMP_2_A_P,"Patients who reported that their doctors ""Always"" communicated well — Doctors ""always"" communicated well",74.0,4150.0
450388,METHODIST HOSPITAL,BEXAR,False,Proprietary,H_COMP_5_A_P,"Patients who reported that staff ""Always"" explained about medicines before giving it to them — Staff ""always"" explained",56.0,4150.0
450388,METHODIST HOSPITAL,BEXAR,False,Proprietary,H_COMP_6_Y_P,"Patients who reported that YES, they were given information about what to do during their recovery at home — Yes, staff ""did"" give patients this information",83.0,4150.0
450388,METHODIST HOSPITAL,BEXAR,False,Proprietary,H_HSP_RATING_9_10,"Patients who gave their hospital a rating of 9 or 10 on a scale from 0 (lowest) to 10 (highest) — Patients who gave a rating of ""9"" or ""10"" (high)",69.0,4150.0
450388,METHODIST HOSPITAL,BEXAR,False,Proprietary,H_QUIET_HSP_A_P,"Patients who reported that the area around their room was ""Always"" quiet at night — ""Always"" quiet at night",61.0,4150.0
450388,METHODIST HOSPITAL,BEXAR,False,Proprietary,H_RECMND_DY,"Patients who reported YES, they would definitely recommend the hospital — ""YES"", patients would definitely recommend the hospital",67.0,4150.0
670055,METHODIST HOSPITAL  STONE OAK,BEXAR,False,Proprietary,H_CLEAN_HSP_A_P,"Patients who reported that their room and bathroom were ""Always"" clean — Room was ""always"" clean",69.0,682.0
670055,METHODIST HOSPITAL  STONE OAK,BEXAR,False,Proprietary,H_COMP_1_A_P,"Patients who reported that their nurses ""Always"" communicated well — Nurses ""always"" communicated well",75.0,682.0
670055,METHODIST HOSPITAL  STONE OAK,BEXAR,False,Proprietary,H_COMP_2_A_P,"Patients who reported that their doctors ""Always"" communicated well — Doctors ""always"" communicated well",76.0,682.0
670055,METHODIST HOSPITAL  STONE OAK,BEXAR,False,Proprietary,H_COMP_5_A_P,"Patients who reported that staff ""Always"" explained about medicines before giving it to them — Staff ""always"" explained",58.0,682.0
670055,METHODIST HOSPITAL  STONE OAK,BEXAR,False,Proprietary,H_COMP_6_Y_P,"Patients who reported that YES, they were given information about what to do during their recovery at home — Yes, staff ""did"" give patients this information",83.0,682.0
670055,METHODIST HOSPITAL  STONE OAK,BEXAR,False,Proprietary,H_HSP_RATING_9_10,"Patients who gave their hospital a rating of 9 or 10 on a scale from 0 (lowest) to 10 (highest) — Patients who gave a rating of ""9"" or ""10"" (high)",70.0,682.0
670055,METHODIST HOSPITAL  STONE OAK,BEXAR,False,Proprietary,H_QUIET_HSP_A_P,"Patients who reported that the area around their room was ""Always"" quiet at night — ""Always"" quiet at night",61.0,682.0
670055,METHODIST HOSPITAL  STONE OAK,BEXAR,False,Proprietary,H_RECMND_DY,"Patients who reported YES, they would definitely recommend the hospital — ""YES"", patients would definitely recommend the hospital",72.0,682.0
450165,METHODIST HOSPITAL ATASCOSA,ATASCOSA,False,Proprietary,H_CLEAN_HSP_A_P,"Patients who reported that their room and bathroom were ""Always"" clean — Room was ""always"" clean",83.0,139.0
450165,METHODIST HOSPITAL ATASCOSA,ATASCOSA,False,Proprietary,H_COMP_1_A_P,"Patients who reported that their nurses ""Always"" communicated well — Nurses ""always"" communicated well",79.0,139.0
450165,METHODIST HOSPITAL ATASCOSA,ATASCOSA,False,Proprietary,H_COMP_2_A_P,"Patients who reported that their doctors ""Always"" communicated well — Doctors ""always"" communicated well",78.0,139.0
450165,METHODIST HOSPITAL ATASCOSA,ATASCOSA,False,Proprietary,H_COMP_5_A_P,"Patients who reported that staff ""Always"" explained about medicines before giving it to them — Staff ""always"" explained",63.0,139.0
450165,METHODIST HOSPITAL ATASCOSA,ATASCOSA,False,Proprietary,H_COMP_6_Y_P,"Patients who reported that YES, they were given information about what to do during their recovery at home — Yes, staff ""did"" give patients this information",81.0,139.0
450165,METHODIST HOSPITAL ATASCOSA,ATASCOSA,False,Proprietary,H_HSP_RATING_9_10,"Patients who gave their hospital a rating of 9 or 10 on a scale from 0 (lowest) to 10 (highest) — Patients who gave a rating of ""9"" or ""10"" (high)",69.0,139.0
450165,METHODIST HOSPITAL ATASCOSA,ATASCOSA,False,Proprietary,H_QUIET_HSP_A_P,"Patients who reported that the area around their room was ""Always"" quiet at night — ""Always"" quiet at night",74.0,139.0
450165,METHODIST HOSPITAL ATASCOSA,ATASCOSA,False,Proprietary,H_RECMND_DY,"Patients who reported YES, they would definitely recommend the hospital — ""YES"", patients would definitely recommend the hospital",68.0,139.0
670073,METHODIST HOSPITAL FOR SURGERY,DALLAS,False,Proprietary,H_CLEAN_HSP_A_P,"Patients who reported that their room and bathroom were ""Always"" clean — Room was ""always"" clean",77.0,392.0
670073,METHODIST HOSPITAL FOR SURGERY,DALLAS,False,Proprietary,H_COMP_1_A_P,"Patients who reported that their nurses ""Always"" communicated well — Nurses ""always"" communicated well",83.0,392.0
670073,METHODIST HOSPITAL FOR SURGERY,DALLAS,False,Proprietary,H_COMP_2_A_P,"Patients who reported that their doctors ""Always"" communicated well — Doctors ""always"" communicated well",84.0,392.0
670073,METHODIST HOSPITAL FOR SURGERY,DALLAS,False,Proprietary,H_COMP_5_A_P,"Patients who reported that staff ""Always"" explained about medicines before giving it to them — Staff ""always"" explained",66.0,392.0
670073,METHODIST HOSPITAL FOR SURGERY,DALLAS,False,Proprietary,H_COMP_6_Y_P,"Patients who reported that YES, they were given information about what to do during their recovery at home — Yes, staff ""did"" give patients this information",88.0,392.0
670073,METHODIST HOSPITAL FOR SURGERY,DALLAS,False,Proprietary,H_HSP_RATING_9_10,"Patients who gave their hospital a rating of 9 or 10 on a scale from 0 (lowest) to 10 (highest) — Patients who gave a rating of ""9"" or ""10"" (high)",84.0,392.0
670073,METHODIST HOSPITAL FOR SURGERY,DALLAS,False,Proprietary,H_QUIET_HSP_A_P,"Patients who reported that the area around their room was ""Always"" quiet at night — ""Always"" quiet at night",79.0,392.0
670073,METHODIST HOSPITAL FOR SURGERY,DALLAS,False,Proprietary,H_RECMND_DY,"Patients who reported YES, they would definitely recommend the hospital — ""YES"", patients would definitely recommend the hospital",84.0,392.0
670023,METHODIST MANSFIELD MEDICAL CENTER,TARRANT,False,Voluntary non-profit - Private,H_CLEAN_HSP_A_P,"Patients who reported that their room and bathroom were ""Always"" clean — Room was ""always"" clean",81.0,1371.0
670023,METHODIST MANSFIELD MEDICAL CENTER,TARRANT,False,Voluntary non-profit - Private,H_COMP_1_A_P,"Patients who reported that their nurses ""Always"" communicated well — Nurses ""always"" communicated well",80.0,1371.0
670023,METHODIST MANSFIELD MEDICAL CENTER,TARRANT,False,Voluntary non-profit - Private,H_COMP_2_A_P,"Patients who reported that their doctors ""Always"" communicated well — Doctors ""always"" communicated well",79.0,1371.0
670023,METHODIST MANSFIELD MEDICAL CENTER,TARRANT,False,Voluntary non-profit - Private,H_COMP_5_A_P,"Patients who reported that staff ""Always"" explained about medicines before giving it to them — Staff ""always"" explained",62.0,1371.0
670023,METHODIST MANSFIELD MEDICAL CENTER,TARRANT,False,Voluntary non-profit - Private,H_COMP_6_Y_P,"Patients who reported that YES, they were given information about what to do during their recovery at home — Yes, staff ""did"" give patients this information",89.0,1371.0
670023,METHODIST MANSFIELD MEDICAL CENTER,TARRANT,False,Voluntary non-profit - Private,H_HSP_RATING_9_10,"Patients who gave their hospital a rating of 9 or 10 on a scale from 0 (lowest) to 10 (highest) — Patients who gave a rating of ""9"" or ""10"" (high)",80.0,1371.0
670023,METHODIST MANSFIELD MEDICAL CENTER,TARRANT,False,Voluntary non-profit - Private,H_QUIET_HSP_A_P,"Patients who reported that the area around their room was ""Always"" quiet at night — ""Always"" quiet at night",63.0,1371.0
670023,METHODIST MANSFIELD MEDICAL CENTER,TARRANT,False,Voluntary non-profit - Private,H_RECMND_DY,"Patients who reported YES, they would definitely recommend the hospital — ""YES"", patients would definitely recommend the hospital",83.0,1371.0
670069,METHODIST MCKINNEY HOSPITAL,COLLIN,False,Physician,H_CLEAN_HSP_A_P,"Patients who reported that their room and bathroom were ""Always"" clean — Room was ""always"" clean",76.0,98.0
670069,METHODIST MCKINNEY HOSPITAL,COLLIN,False,Physician,H_COMP_1_A_P,"Patients who reported that their nurses ""Always"" communicated well — Nurses ""always"" communicated well",86.0,98.0
670069,METHODIST MCKINNEY HOSPITAL,COLLIN,False,Physician,H_COMP_2_A_P,"Patients who reported that their doctors ""Always"" communicated well — Doctors ""always"" communicated well",86.0,98.0
670069,METHODIST MCKINNEY HOSPITAL,COLLIN,False,Physician,H_COMP_5_A_P,"Patients who reported that staff ""Always"" explained about medicines before giving it to them — Staff ""always"" explained",69.0,98.0
670069,METHODIST MCKINNEY HOSPITAL,COLLIN,False,Physician,H_COMP_6_Y_P,"Patients who reported that YES, they were given information about what to do during their recovery at home — Yes, staff ""did"" give patients this information",90.0,98.0
670069,METHODIST MCKINNEY HOSPITAL,COLLIN,False,Physician,H_HSP_RATING_9_10,"Patients who gave their hospital a rating of 9 or 10 on a scale from 0 (lowest) to 10 (highest) — Patients who gave a rating of ""9"" or ""10"" (high)",87.0,98.0
670069,METHODIST MCKINNEY HOSPITAL,COLLIN,False,Physician,H_QUIET_HSP_A_P,"Patients who reported that the area around their room was ""Always"" quiet at night — ""Always"" quiet at night",74.0,98.0
670069,METHODIST MCKINNEY HOSPITAL,COLLIN,False,Physician,H_RECMND_DY,"Patients who reported YES, they would definitely recommend the hospital — ""YES"", patients would definitely recommend the hospital",89.0,98.0
670300,METHODIST MIDLOTHIAN MEDICAL CENTER,ELLIS,False,Voluntary non-profit - Private,H_CLEAN_HSP_A_P,"Patients who reported that their room and bathroom were ""Always"" clean — Room was ""always"" clean",84.0,382.0
670300,METHODIST MIDLOTHIAN MEDICAL CENTER,ELLIS,False,Voluntary non-profit - Private,H_COMP_1_A_P,"Patients who reported that their nurses ""Always"" communicated well — Nurses ""always"" communicated well",80.0,382.0
670300,METHODIST MIDLOTHIAN MEDICAL CENTER,ELLIS,False,Voluntary non-profit - Private,H_COMP_2_A_P,"Patients who reported that their doctors ""Always"" communicated well — Doctors ""always"" communicated well",79.0,382.0
670300,METHODIST MIDLOTHIAN MEDICAL CENTER,ELLIS,False,Voluntary non-profit - Private,H_COMP_5_A_P,"Patients who reported that staff ""Always"" explained about medicines before giving it to them — Staff ""always"" explained",64.0,382.0
670300,METHODIST MIDLOTHIAN MEDICAL CENTER,ELLIS,False,Voluntary non-profit - Private,H_COMP_6_Y_P,"Patients who reported that YES, they were given information about what to do during their recovery at home — Yes, staff ""did"" give patients this information",88.0,382.0
670300,METHODIST MIDLOTHIAN MEDICAL CENTER,ELLIS,False,Voluntary non-profit - Private,H_HSP_RATING_9_10,"Patients who gave their hospital a rating of 9 or 10 on a scale from 0 (lowest) to 10 (highest) — Patients who gave a rating of ""9"" or ""10"" (high)",83.0,382.0
670300,METHODIST MIDLOTHIAN MEDICAL CENTER,ELLIS,False,Voluntary non-profit - Private,H_QUIET_HSP_A_P,"Patients who reported that the area around their room was ""Always"" quiet at night — ""Always"" quiet at night",72.0,382.0
670300,METHODIST MIDLOTHIAN MEDICAL CENTER,ELLIS,False,Voluntary non-profit - Private,H_RECMND_DY,"Patients who reported YES, they would definitely recommend the hospital — ""YES"", patients would definitely recommend the hospital",83.0,382.0
450537,METHODIST RICHARDSON MEDICAL CENTER,COLLIN,False,Voluntary non-profit - Private,H_CLEAN_HSP_A_P,"Patients who reported that their room and bathroom were ""Always"" clean — Room was ""always"" clean",81.0,1275.0
450537,METHODIST RICHARDSON MEDICAL CENTER,COLLIN,False,Voluntary non-profit - Private,H_COMP_1_A_P,"Patients who reported that their nurses ""Always"" communicated well — Nurses ""always"" communicated well",78.0,1275.0
450537,METHODIST RICHARDSON MEDICAL CENTER,COLLIN,False,Voluntary non-profit - Private,H_COMP_2_A_P,"Patients who reported that their doctors ""Always"" communicated well — Doctors ""always"" communicated well",79.0,1275.0
450537,METHODIST RICHARDSON MEDICAL CENTER,COLLIN,False,Voluntary non-profit - Private,H_COMP_5_A_P,"Patients who reported that staff ""Always"" explained about medicines before giving it to them — Staff ""always"" explained",60.0,1275.0
450537,METHODIST RICHARDSON MEDICAL CENTER,COLLIN,False,Voluntary non-profit - Private,H_COMP_6_Y_P,"Patients who reported that YES, they were given information about what to do during their recovery at home — Yes, staff ""did"" give patients this information",88.0,1275.0
450537,METHODIST RICHARDSON MEDICAL CENTER,COLLIN,False,Voluntary non-profit - Private,H_HSP_RATING_9_10,"Patients who gave their hospital a rating of 9 or 10 on a scale from 0 (lowest) to 10 (highest) — Patients who gave a rating of ""9"" or ""10"" (high)",79.0,1275.0
450537,METHODIST RICHARDSON MEDICAL CENTER,COLLIN,False,Voluntary non-profit - Private,H_QUIET_HSP_A_P,"Patients who reported that the area around their room was ""Always"" quiet at night — ""Always"" quiet at night",62.0,1275.0
450537,METHODIST RICHARDSON MEDICAL CENTER,COLLIN,False,Voluntary non-profit - Private,H_RECMND_DY,"Patients who reported YES, they would definitely recommend the hospital — ""YES"", patients would definitely recommend the hospital",78.0,1275.0
670132,METHODIST SOUTHLAKE MEDICAL CENTER,TARRANT,False,Proprietary,H_CLEAN_HSP_A_P,"Patients who reported that their room and bathroom were ""Always"" clean — Room was ""always"" clean",82.0,111.0
670132,METHODIST SOUTHLAKE MEDICAL CENTER,TARRANT,False,Proprietary,H_COMP_1_A_P,"Patients who reported that their nurses ""Always"" communicated well — Nurses ""always"" communicated well",88.0,111.0
670132,METHODIST SOUTHLAKE MEDICAL CENTER,TARRANT,False,Proprietary,H_COMP_2_A_P,"Patients who reported that their doctors ""Always"" communicated well — Doctors ""always"" communicated well",86.0,111.0
670132,METHODIST SOUTHLAKE MEDICAL CENTER,TARRANT,False,Proprietary,H_COMP_5_A_P,"Patients who reported that staff ""Always"" explained about medicines before giving it to them — Staff ""always"" explained",70.0,111.0
670132,METHODIST SOUTHLAKE MEDICAL CENTER,TARRANT,False,Proprietary,H_COMP_6_Y_P,"Patients who reported that YES, they were given information about what to do during their recovery at home — Yes, staff ""did"" give patients this information",93.0,111.0
670132,METHODIST SOUTHLAKE MEDICAL CENTER,TARRANT,False,Proprietary,H_HSP_RATING_9_10,"Patients who gave their hospital a rating of 9 or 10 on a scale from 0 (lowest) to 10 (highest) — Patients who gave a rating of ""9"" or ""10"" (high)",90.0,111.0
670132,METHODIST SOUTHLAKE MEDICAL CENTER,TARRANT,False,Proprietary,H_QUIET_HSP_A_P,"Patients who reported that the area around their room was ""Always"" quiet at night — ""Always"" quiet at night",69.0,111.0
670132,METHODIST SOUTHLAKE MEDICAL CENTER,TARRANT,False,Proprietary,H_RECMND_DY,"Patients who reported YES, they would definitely recommend the hospital — ""YES"", patients would definitely recommend the hospital",90.0,111.0
450133,MIDLAND MEMORIAL HOSPITAL,MIDLAND,False,Government - Hospital District or Authority,H_CLEAN_HSP_A_P,"Patients who reported that their room and bathroom were ""Always"" clean — Room was ""always"" clean",69.0,783.0
450133,MIDLAND MEMORIAL HOSPITAL,MIDLAND,False,Government - Hospital District or Authority,H_COMP_1_A_P,"Patients who reported that their nurses ""Always"" communicated well — Nurses ""always"" communicated well",74.0,783.0
450133,MIDLAND MEMORIAL HOSPITAL,MIDLAND,False,Government - Hospital District or Authority,H_COMP_2_A_P,"Patients who reported that their doctors ""Always"" communicated well — Doctors ""always"" communicated well",74.0,783.0
450133,MIDLAND MEMORIAL HOSPITAL,MIDLAND,False,Government - Hospital District or Authority,H_COMP_5_A_P,"Patients who reported that staff ""Always"" explained about medicines before giving it to them — Staff ""always"" explained",59.0,783.0
450133,MIDLAND MEMORIAL HOSPITAL,MIDLAND,False,Government - Hospital District or Authority,H_COMP_6_Y_P,"Patients who reported that YES, they were given information about what to do during their recovery at home — Yes, staff ""did"" give patients this information",84.0,783.0
450133,MIDLAND MEMORIAL HOSPITAL,MIDLAND,False,Government - Hospital District or Authority,H_HSP_RATING_9_10,"Patients who gave their hospital a rating of 9 or 10 on a scale from 0 (lowest) to 10 (highest) — Patients who gave a rating of ""9"" or ""10"" (high)",62.0,783.0
450133,MIDLAND MEMORIAL HOSPITAL,MIDLAND,False,Government - Hospital District or Authority,H_QUIET_HSP_A_P,"Patients who reported that the area around their room was ""Always"" quiet at night — ""Always"" quiet at night",55.0,783.0
450133,MIDLAND MEMORIAL HOSPITAL,MIDLAND,False,Government - Hospital District or Authority,H_RECMND_DY,"Patients who reported YES, they would definitely recommend the hospital — ""YES"", patients would definitely recommend the hospital",67.0,783.0
450176,MISSION REGIONAL MEDICAL CENTER,HIDALGO,False,Voluntary non-profit - Private,H_CLEAN_HSP_A_P,"Patients who reported that their room and bathroom were ""Always"" clean — Room was ""always"" clean",76.0,531.0
450176,MISSION REGIONAL MEDICAL CENTER,HIDALGO,False,Voluntary non-profit - Private,H_COMP_1_A_P,"Patients who reported that their nurses ""Always"" communicated well — Nurses ""always"" communicated well",75.0,531.0
450176,MISSION REGIONAL MEDICAL CENTER,HIDALGO,False,Voluntary non-profit - Private,H_COMP_2_A_P,"Patients who reported that their doctors ""Always"" communicated well — Doctors ""always"" communicated well",76.0,531.0
450176,MISSION REGIONAL MEDICAL CENTER,HIDALGO,False,Voluntary non-profit - Private,H_COMP_5_A_P,"Patients who reported that staff ""Always"" explained about medicines before giving it to them — Staff ""always"" explained",56.0,531.0
450176,MISSION REGIONAL MEDICAL CENTER,HIDALGO,False,Voluntary non-profit - Private,H_COMP_6_Y_P,"Patients who reported that YES, they were given information about what to do during their recovery at home — Yes, staff ""did"" give patients this information",81.0,531.0
450176,MISSION REGIONAL MEDICAL CENTER,HIDALGO,False,Voluntary non-profit - Private,H_HSP_RATING_9_10,"Patients who gave their hospital a rating of 9 or 10 on a scale from 0 (lowest) to 10 (highest) — Patients who gave a rating of ""9"" or ""10"" (high)",67.0,531.0
450176,MISSION REGIONAL MEDICAL CENTER,HIDALGO,False,Voluntary non-profit - Private,H_QUIET_HSP_A_P,"Patients who reported that the area around their room was ""Always"" quiet at night — ""Always"" quiet at night",50.0,531.0
450176,MISSION REGIONAL MEDICAL CENTER,HIDALGO,False,Voluntary non-profit - Private,H_RECMND_DY,"Patients who reported YES, they would definitely recommend the hospital — ""YES"", patients would definitely recommend the hospital",69.0,531.0
451342,MITCHELL COUNTY HOSPITAL DISTRICT,MITCHELL,False,Government - Hospital District or Authority,H_CLEAN_HSP_A_P,"Patients who reported that their room and bathroom were ""Always"" clean — Room was ""always"" clean",88.0,44.0
451342,MITCHELL COUNTY HOSPITAL DISTRICT,MITCHELL,False,Government - Hospital District or Authority,H_COMP_1_A_P,"Patients who reported that their nurses ""Always"" communicated well — Nurses ""always"" communicated well",85.0,44.0
451342,MITCHELL COUNTY HOSPITAL DISTRICT,MITCHELL,False,Government - Hospital District or Authority,H_COMP_2_A_P,"Patients who reported that their doctors ""Always"" communicated well — Doctors ""always"" communicated well",89.0,44.0
451342,MITCHELL COUNTY HOSPITAL DISTRICT,MITCHELL,False,Government - Hospital District or Authority,H_COMP_5_A_P,"Patients who reported that staff ""Always"" explained about medicines before giving it to them — Staff ""always"" explained",82.0,44.0
451342,MITCHELL COUNTY HOSPITAL DISTRICT,MITCHELL,False,Government - Hospital District or Authority,H_COMP_6_Y_P,"Patients who reported that YES, they were given information about what to do during their recovery at home — Yes, staff ""did"" give patients this information",95.0,44.0
451342,MITCHELL COUNTY HOSPITAL DISTRICT,MITCHELL,False,Government - Hospital District or Authority,H_HSP_RATING_9_10,"Patients who gave their hospital a rating of 9 or 10 on a scale from 0 (lowest) to 10 (highest) — Patients who gave a rating of ""9"" or ""10"" (high)",80.0,44.0
451342,MITCHELL COUNTY HOSPITAL DISTRICT,MITCHELL,False,Government - Hospital District or Authority,H_QUIET_HSP_A_P,"Patients who reported that the area around their room was ""Always"" quiet at night — ""Always"" quiet at night",77.0,44.0
451342,MITCHELL COUNTY HOSPITAL DISTRICT,MITCHELL,False,Government - Hospital District or Authority,H_RECMND_DY,"Patients who reported YES, they would definitely recommend the hospital — ""YES"", patients would definitely recommend the hospital",83.0,44.0
450656,NACOGDOCHES MEDICAL CENTER,NACOGDOCHES,False,Voluntary non-profit - Other,H_CLEAN_HSP_A_P,"Patients who reported that their room and bathroom were ""Always"" clean — Room was ""always"" clean",69.0,629.0
450656,NACOGDOCHES MEDICAL CENTER,NACOGDOCHES,False,Voluntary non-profit - Other,H_COMP_1_A_P,"Patients who reported that their nurses ""Always"" communicated well — Nurses ""always"" communicated well",83.0,629.0
450656,NACOGDOCHES MEDICAL CENTER,NACOGDOCHES,False,Voluntary non-profit - Other,H_COMP_2_A_P,"Patients who reported that their doctors ""Always"" communicated well — Doctors ""always"" communicated well",82.0,629.0
450656,NACOGDOCHES MEDICAL CENTER,NACOGDOCHES,False,Voluntary non-profit - Other,H_COMP_5_A_P,"Patients who reported that staff ""Always"" explained about medicines before giving it to them — Staff ""always"" explained",61.0,629.0
450656,NACOGDOCHES MEDICAL CENTER,NACOGDOCHES,False,Voluntary non-profit - Other,H_COMP_6_Y_P,"Patients who reported that YES, they were given information about what to do during their recovery at home — Yes, staff ""did"" give patients this information",87.0,629.0
450656,NACOGDOCHES MEDICAL CENTER,NACOGDOCHES,False,Voluntary non-profit - Other,H_HSP_RATING_9_10,"Patients who gave their hospital a rating of 9 or 10 on a scale from 0 (lowest) to 10 (highest) — Patients who gave a rating of ""9"" or ""10"" (high)",73.0,629.0
450656,NACOGDOCHES MEDICAL CENTER,NACOGDOCHES,False,Voluntary non-profit - Other,H_QUIET_HSP_A_P,"Patients who reported that the area around their room was ""Always"" quiet at night — ""Always"" quiet at night",62.0,629.0
450656,NACOGDOCHES MEDICAL CENTER,NACOGDOCHES,False,Voluntary non-profit - Other,H_RECMND_DY,"Patients who reported YES, they would definitely recommend the hospital — ""YES"", patients would definitely recommend the hospital",70.0,629.0
450508,NACOGDOCHES MEMORIAL HOSPITAL,NACOGDOCHES,False,Proprietary,H_CLEAN_HSP_A_P,"Patients who reported that their room and bathroom were ""Always"" clean — Room was ""always"" clean",58.0,142.0
450508,NACOGDOCHES MEMORIAL HOSPITAL,NACOGDOCHES,False,Proprietary,H_COMP_1_A_P,"Patients who reported that their nurses ""Always"" communicated well — Nurses ""always"" communicated well",76.0,142.0
450508,NACOGDOCHES MEMORIAL HOSPITAL,NACOGDOCHES,False,Proprietary,H_COMP_2_A_P,"Patients who reported that their doctors ""Always"" communicated well — Doctors ""always"" communicated well",75.0,142.0
450508,NACOGDOCHES MEMORIAL HOSPITAL,NACOGDOCHES,False,Proprietary,H_COMP_5_A_P,"Patients who reported that staff ""Always"" explained about medicines before giving it to them — Staff ""always"" explained",61.0,142.0
450508,NACOGDOCHES MEMORIAL HOSPITAL,NACOGDOCHES,False,Proprietary,H_COMP_6_Y_P,"Patients who reported that YES, they were given information about what to do during their recovery at home — Yes, staff ""did"" give patients this information",86.0,142.0
450508,NACOGDOCHES MEMORIAL HOSPITAL,NACOGDOCHES,False,Proprietary,H_HSP_RATING_9_10,"Patients who gave their hospital a rating of 9 or 10 on a scale from 0 (lowest) to 10 (highest) — Patients who gave a rating of ""9"" or ""10"" (high)",71.0,142.0
450508,NACOGDOCHES MEMORIAL HOSPITAL,NACOGDOCHES,False,Proprietary,H_QUIET_HSP_A_P,"Patients who reported that the area around their room was ""Always"" quiet at night — ""Always"" quiet at night",61.0,142.0
450508,NACOGDOCHES MEMORIAL HOSPITAL,NACOGDOCHES,False,Proprietary,H_RECMND_DY,"Patients who reported YES, they would definitely recommend the hospital — ""YES"", patients would definitely recommend the hospital",78.0,142.0
450447,NAVARRO REGIONAL HOSPITAL,NAVARRO,False,Government - Hospital District or Authority,H_CLEAN_HSP_A_P,"Patients who reported that their room and bathroom were ""Always"" clean — Room was ""always"" clean",71.0,213.0
450447,NAVARRO REGIONAL HOSPITAL,NAVARRO,False,Government - Hospital District or Authority,H_COMP_1_A_P,"Patients who reported that their nurses ""Always"" communicated well — Nurses ""always"" communicated well",78.0,213.0
450447,NAVARRO REGIONAL HOSPITAL,NAVARRO,False,Government - Hospital District or Authority,H_COMP_2_A_P,"Patients who reported that their doctors ""Always"" communicated well — Doctors ""always"" communicated well",79.0,213.0
450447,NAVARRO REGIONAL HOSPITAL,NAVARRO,False,Government - Hospital District or Authority,H_COMP_5_A_P,"Patients who reported that staff ""Always"" explained about medicines before giving it to them — Staff ""always"" explained",61.0,213.0
450447,NAVARRO REGIONAL HOSPITAL,NAVARRO,False,Government - Hospital District or Authority,H_COMP_6_Y_P,"Patients who reported that YES, they were given information about what to do during their recovery at home — Yes, staff ""did"" give patients this information",84.0,213.0
450447,NAVARRO REGIONAL HOSPITAL,NAVARRO,False,Government - Hospital District or Authority,H_HSP_RATING_9_10,"Patients who gave their hospital a rating of 9 or 10 on a scale from 0 (lowest) to 10 (highest) — Patients who gave a rating of ""9"" or ""10"" (high)",61.0,213.0
450447,NAVARRO REGIONAL HOSPITAL,NAVARRO,False,Government - Hospital District or Authority,H_QUIET_HSP_A_P,"Patients who reported that the area around their room was ""Always"" quiet at night — ""Always"" quiet at night",60.0,213.0
450447,NAVARRO REGIONAL HOSPITAL,NAVARRO,False,Government - Hospital District or Authority,H_RECMND_DY,"Patients who reported YES, they would definitely recommend the hospital — ""YES"", patients would definitely recommend the hospital",53.0,213.0
450641,NOCONA GENERAL HOSPITAL,MONTAGUE,False,Government - Hospital District or Authority,H_CLEAN_HSP_A_P,"Patients who reported that their room and bathroom were ""Always"" clean — Room was ""always"" clean",94.0,56.0
450641,NOCONA GENERAL HOSPITAL,MONTAGUE,False,Government - Hospital District or Authority,H_COMP_1_A_P,"Patients who reported that their nurses ""Always"" communicated well — Nurses ""always"" communicated well",89.0,56.0
450641,NOCONA GENERAL HOSPITAL,MONTAGUE,False,Government - Hospital District or Authority,H_COMP_2_A_P,"Patients who reported that their doctors ""Always"" communicated well — Doctors ""always"" communicated well",96.0,56.0
450641,NOCONA GENERAL HOSPITAL,MONTAGUE,False,Government - Hospital District or Authority,H_COMP_5_A_P,"Patients who reported that staff ""Always"" explained about medicines before giving it to them — Staff ""always"" explained",83.0,56.0
450641,NOCONA GENERAL HOSPITAL,MONTAGUE,False,Government - Hospital District or Authority,H_COMP_6_Y_P,"Patients who reported that YES, they were given information about what to do during their recovery at home — Yes, staff ""did"" give patients this information",91.0,56.0
450641,NOCONA GENERAL HOSPITAL,MONTAGUE,False,Government - Hospital District or Authority,H_HSP_RATING_9_10,"Patients who gave their hospital a rating of 9 or 10 on a scale from 0 (lowest) to 10 (highest) — Patients who gave a rating of ""9"" or ""10"" (high)",78.0,56.0
450641,NOCONA GENERAL HOSPITAL,MONTAGUE,False,Government - Hospital District or Authority,H_QUIET_HSP_A_P,"Patients who reported that the area around their room was ""Always"" quiet at night — ""Always"" quiet at night",77.0,56.0
450641,NOCONA GENERAL HOSPITAL,MONTAGUE,False,Government - Hospital District or Authority,H_RECMND_DY,"Patients who reported YES, they would definitely recommend the hospital — ""YES"", patients would definitely recommend the hospital",85.0,56.0
450809,NORTH AUSTIN MEDICAL CENTER,TRAVIS,False,Proprietary,H_CLEAN_HSP_A_P,"Patients who reported that their room and bathroom were ""Always"" clean — Room was ""always"" clean",71.0,1005.0
450809,NORTH AUSTIN MEDICAL CENTER,TRAVIS,False,Proprietary,H_COMP_1_A_P,"Patients who reported that their nurses ""Always"" communicated well — Nurses ""always"" communicated well",72.0,1005.0
450809,NORTH AUSTIN MEDICAL CENTER,TRAVIS,False,Proprietary,H_COMP_2_A_P,"Patients who reported that their doctors ""Always"" communicated well — Doctors ""always"" communicated well",76.0,1005.0
450809,NORTH AUSTIN MEDICAL CENTER,TRAVIS,False,Proprietary,H_COMP_5_A_P,"Patients who reported that staff ""Always"" explained about medicines before giving it to them — Staff ""always"" explained",53.0,1005.0
450809,NORTH AUSTIN MEDICAL CENTER,TRAVIS,False,Proprietary,H_COMP_6_Y_P,"Patients who reported that YES, they were given information about what to do during their recovery at home — Yes, staff ""did"" give patients this information",80.0,1005.0
450809,NORTH AUSTIN MEDICAL CENTER,TRAVIS,False,Proprietary,H_HSP_RATING_9_10,"Patients who gave their hospital a rating of 9 or 10 on a scale from 0 (lowest) to 10 (highest) — Patients who gave a rating of ""9"" or ""10"" (high)",66.0,1005.0
450809,NORTH AUSTIN MEDICAL CENTER,TRAVIS,False,Proprietary,H_QUIET_HSP_A_P,"Patients who reported that the area around their room was ""Always"" quiet at night — ""Always"" quiet at night",59.0,1005.0
450809,NORTH AUSTIN MEDICAL CENTER,TRAVIS,False,Proprietary,H_RECMND_DY,"Patients who reported YES, they would definitely recommend the hospital — ""YES"", patients would definitely recommend the hospital",69.0,1005.0
670049,NORTH CENTRAL SURGICAL CENTER LLP,DALLAS,False,Voluntary non-profit - Other,H_CLEAN_HSP_A_P,"Patients who reported that their room and bathroom were ""Always"" clean — Room was ""always"" clean",76.0,361.0
670049,NORTH CENTRAL SURGICAL CENTER LLP,DALLAS,False,Voluntary non-profit - Other,H_COMP_1_A_P,"Patients who reported that their nurses ""Always"" communicated well — Nurses ""always"" communicated well",78.0,361.0
670049,NORTH CENTRAL SURGICAL CENTER LLP,DALLAS,False,Voluntary non-profit - Other,H_COMP_2_A_P,"Patients who reported that their doctors ""Always"" communicated well — Doctors ""always"" communicated well",84.0,361.0
670049,NORTH CENTRAL SURGICAL CENTER LLP,DALLAS,False,Voluntary non-profit - Other,H_COMP_5_A_P,"Patients who reported that staff ""Always"" explained about medicines before giving it to them — Staff ""always"" explained",64.0,361.0
670049,NORTH CENTRAL SURGICAL CENTER LLP,DALLAS,False,Voluntary non-profit - Other,H_COMP_6_Y_P,"Patients who reported that YES, they were given information about what to do during their recovery at home — Yes, staff ""did"" give patients this information",90.0,361.0
670049,NORTH CENTRAL SURGICAL CENTER LLP,DALLAS,False,Voluntary non-profit - Other,H_HSP_RATING_9_10,"Patients who gave their hospital a rating of 9 or 10 on a scale from 0 (lowest) to 10 (highest) — Patients who gave a rating of ""9"" or ""10"" (high)",77.0,361.0
670049,NORTH CENTRAL SURGICAL CENTER LLP,DALLAS,False,Voluntary non-profit - Other,H_QUIET_HSP_A_P,"Patients who reported that the area around their room was ""Always"" quiet at night — ""Always"" quiet at night",65.0,361.0
670049,NORTH CENTRAL SURGICAL CENTER LLP,DALLAS,False,Voluntary non-profit - Other,H_RECMND_DY,"Patients who reported YES, they would definitely recommend the hospital — ""YES"", patients would definitely recommend the hospital",79.0,361.0
451315,NORTH RUNNELS HOSPITAL,RUNNELS,False,Government - Hospital District or Authority,H_CLEAN_HSP_A_P,"Patients who reported that their room and bathroom were ""Always"" clean — Room was ""always"" clean",85.0,56.0
451315,NORTH RUNNELS HOSPITAL,RUNNELS,False,Government - Hospital District or Authority,H_COMP_1_A_P,"Patients who reported that their nurses ""Always"" communicated well — Nurses ""always"" communicated well",90.0,56.0
451315,NORTH RUNNELS HOSPITAL,RUNNELS,False,Government - Hospital District or Authority,H_COMP_2_A_P,"Patients who reported that their doctors ""Always"" communicated well — Doctors ""always"" communicated well",85.0,56.0
451315,NORTH RUNNELS HOSPITAL,RUNNELS,False,Government - Hospital District or Authority,H_COMP_5_A_P,"Patients who reported that staff ""Always"" explained about medicines before giving it to them — Staff ""always"" explained",67.0,56.0
451315,NORTH RUNNELS HOSPITAL,RUNNELS,False,Government - Hospital District or Authority,H_COMP_6_Y_P,"Patients who reported that YES, they were given information about what to do during their recovery at home — Yes, staff ""did"" give patients this information",88.0,56.0
451315,NORTH RUNNELS HOSPITAL,RUNNELS,False,Government - Hospital District or Authority,H_HSP_RATING_9_10,"Patients who gave their hospital a rating of 9 or 10 on a scale from 0 (lowest) to 10 (highest) — Patients who gave a rating of ""9"" or ""10"" (high)",87.0,56.0
451315,NORTH RUNNELS HOSPITAL,RUNNELS,False,Government - Hospital District or Authority,H_QUIET_HSP_A_P,"Patients who reported that the area around their room was ""Always"" quiet at night — ""Always"" quiet at night",89.0,56.0
451315,NORTH RUNNELS HOSPITAL,RUNNELS,False,Government - Hospital District or Authority,H_RECMND_DY,"Patients who reported YES, they would definitely recommend the hospital — ""YES"", patients would definitely recommend the hospital",86.0,56.0
450090,NORTH TEXAS MEDICAL CENTER,COOKE,False,Voluntary non-profit - Private,H_CLEAN_HSP_A_P,"Patients who reported that their room and bathroom were ""Always"" clean — Room was ""always"" clean",76.0,300.0
450090,NORTH TEXAS MEDICAL CENTER,COOKE,False,Voluntary non-profit - Private,H_COMP_1_A_P,"Patients who reported that their nurses ""Always"" communicated well — Nurses ""always"" communicated well",85.0,300.0
450090,NORTH TEXAS MEDICAL CENTER,COOKE,False,Voluntary non-profit - Private,H_COMP_2_A_P,"Patients who reported that their doctors ""Always"" communicated well — Doctors ""always"" communicated well",76.0,300.0
450090,NORTH TEXAS MEDICAL CENTER,COOKE,False,Voluntary non-profit - Private,H_COMP_5_A_P,"Patients who reported that staff ""Always"" explained about medicines before giving it to them — Staff ""always"" explained",64.0,300.0
450090,NORTH TEXAS MEDICAL CENTER,COOKE,False,Voluntary non-profit - Private,H_COMP_6_Y_P,"Patients who reported that YES, they were given information about what to do during their recovery at home — Yes, staff ""did"" give patients this information",86.0,300.0
450090,NORTH TEXAS MEDICAL CENTER,COOKE,False,Voluntary non-profit - Private,H_HSP_RATING_9_10,"Patients who gave their hospital a rating of 9 or 10 on a scale from 0 (lowest) to 10 (highest) — Patients who gave a rating of ""9"" or ""10"" (high)",71.0,300.0
450090,NORTH TEXAS MEDICAL CENTER,COOKE,False,Voluntary non-profit - Private,H_QUIET_HSP_A_P,"Patients who reported that the area around their room was ""Always"" quiet at night — ""Always"" quiet at night",67.0,300.0
450090,NORTH TEXAS MEDICAL CENTER,COOKE,False,Voluntary non-profit - Private,H_RECMND_DY,"Patients who reported YES, they would definitely recommend the hospital — ""YES"", patients would definitely recommend the hospital",73.0,300.0
450808,NORTHWEST HILLS SURGICAL HOSPITAL,TRAVIS,False,Voluntary non-profit - Private,H_CLEAN_HSP_A_P,"Patients who reported that their room and bathroom were ""Always"" clean — Room was ""always"" clean",83.0,69.0
450808,NORTHWEST HILLS SURGICAL HOSPITAL,TRAVIS,False,Voluntary non-profit - Private,H_COMP_1_A_P,"Patients who reported that their nurses ""Always"" communicated well — Nurses ""always"" communicated well",88.0,69.0
450808,NORTHWEST HILLS SURGICAL HOSPITAL,TRAVIS,False,Voluntary non-profit - Private,H_COMP_2_A_P,"Patients who reported that their doctors ""Always"" communicated well — Doctors ""always"" communicated well",85.0,69.0
450808,NORTHWEST HILLS SURGICAL HOSPITAL,TRAVIS,False,Voluntary non-profit - Private,H_COMP_5_A_P,"Patients who reported that staff ""Always"" explained about medicines before giving it to them — Staff ""always"" explained",77.0,69.0
450808,NORTHWEST HILLS SURGICAL HOSPITAL,TRAVIS,False,Voluntary non-profit - Private,H_COMP_6_Y_P,"Patients who reported that YES, they were given information about what to do during their recovery at home — Yes, staff ""did"" give patients this information",93.0,69.0
450808,NORTHWEST HILLS SURGICAL HOSPITAL,TRAVIS,False,Voluntary non-profit - Private,H_HSP_RATING_9_10,"Patients who gave their hospital a rating of 9 or 10 on a scale from 0 (lowest) to 10 (highest) — Patients who gave a rating of ""9"" or ""10"" (high)",81.0,69.0
450808,NORTHWEST HILLS SURGICAL HOSPITAL,TRAVIS,False,Voluntary non-profit - Private,H_QUIET_HSP_A_P,"Patients who reported that the area around their room was ""Always"" quiet at night — ""Always"" quiet at night",78.0,69.0
450808,NORTHWEST HILLS SURGICAL HOSPITAL,TRAVIS,False,Voluntary non-profit - Private,H_RECMND_DY,"Patients who reported YES, they would definitely recommend the hospital — ""YES"", patients would definitely recommend the hospital",79.0,69.0
450209,NORTHWEST TEXAS HOSPITAL,POTTER,False,Voluntary non-profit - Private,H_CLEAN_HSP_A_P,"Patients who reported that their room and bathroom were ""Always"" clean — Room was ""always"" clean",66.0,671.0
450209,NORTHWEST TEXAS HOSPITAL,POTTER,False,Voluntary non-profit - Private,H_COMP_1_A_P,"Patients who reported that their nurses ""Always"" communicated well — Nurses ""always"" communicated well",77.0,671.0
450209,NORTHWEST TEXAS HOSPITAL,POTTER,False,Voluntary non-profit - Private,H_COMP_2_A_P,"Patients who reported that their doctors ""Always"" communicated well — Doctors ""always"" communicated well",72.0,671.0
450209,NORTHWEST TEXAS HOSPITAL,POTTER,False,Voluntary non-profit - Private,H_COMP_5_A_P,"Patients who reported that staff ""Always"" explained about medicines before giving it to them — Staff ""always"" explained",57.0,671.0
450209,NORTHWEST TEXAS HOSPITAL,POTTER,False,Voluntary non-profit - Private,H_COMP_6_Y_P,"Patients who reported that YES, they were given information about what to do during their recovery at home — Yes, staff ""did"" give patients this information",81.0,671.0
450209,NORTHWEST TEXAS HOSPITAL,POTTER,False,Voluntary non-profit - Private,H_HSP_RATING_9_10,"Patients who gave their hospital a rating of 9 or 10 on a scale from 0 (lowest) to 10 (highest) — Patients who gave a rating of ""9"" or ""10"" (high)",65.0,671.0
450209,NORTHWEST TEXAS HOSPITAL,POTTER,False,Voluntary non-profit - Private,H_QUIET_HSP_A_P,"Patients who reported that the area around their room was ""Always"" quiet at night — ""Always"" quiet at night",55.0,671.0
450209,NORTHWEST TEXAS HOSPITAL,POTTER,False,Voluntary non-profit - Private,H_RECMND_DY,"Patients who reported YES, they would definitely recommend the hospital — ""YES"", patients would definitely recommend the hospital",66.0,671.0
450330,OAKBEND MEDICAL CENTER,FORT BEND,True,Government - Hospital District or Authority,H_CLEAN_HSP_A_P,"Patients who reported that their room and bathroom were ""Always"" clean — Room was ""always"" clean",71.0,227.0
450330,OAKBEND MEDICAL CENTER,FORT BEND,True,Government - Hospital District or Authority,H_COMP_1_A_P,"Patients who reported that their nurses ""Always"" communicated well — Nurses ""always"" communicated well",73.0,227.0
450330,OAKBEND MEDICAL CENTER,FORT BEND,True,Government - Hospital District or Authority,H_COMP_2_A_P,"Patients who reported that their doctors ""Always"" communicated well — Doctors ""always"" communicated well",74.0,227.0
450330,OAKBEND MEDICAL CENTER,FORT BEND,True,Government - Hospital District or Authority,H_COMP_5_A_P,"Patients who reported that staff ""Always"" explained about medicines before giving it to them — Staff ""always"" explained",55.0,227.0
450330,OAKBEND MEDICAL CENTER,FORT BEND,True,Government - Hospital District or Authority,H_COMP_6_Y_P,"Patients who reported that YES, they were given information about what to do during their recovery at home — Yes, staff ""did"" give patients this information",77.0,227.0
450330,OAKBEND MEDICAL CENTER,FORT BEND,True,Government - Hospital District or Authority,H_HSP_RATING_9_10,"Patients who gave their hospital a rating of 9 or 10 on a scale from 0 (lowest) to 10 (highest) — Patients who gave a rating of ""9"" or ""10"" (high)",60.0,227.0
450330,OAKBEND MEDICAL CENTER,FORT BEND,True,Government - Hospital District or Authority,H_QUIET_HSP_A_P,"Patients who reported that the area around their room was ""Always"" quiet at night — ""Always"" quiet at night",58.0,227.0
450330,OAKBEND MEDICAL CENTER,FORT BEND,True,Government - Hospital District or Authority,H_RECMND_DY,"Patients who reported YES, they would definitely recommend the hospital — ""YES"", patients would definitely recommend the hospital",59.0,227.0
451359,OCHILTREE GENERAL HOSPITAL,OCHILTREE,False,Government - Hospital District or Authority,H_CLEAN_HSP_A_P,"Patients who reported that their room and bathroom were ""Always"" clean — Room was ""always"" clean",92.0,35.0
451359,OCHILTREE GENERAL HOSPITAL,OCHILTREE,False,Government - Hospital District or Authority,H_COMP_1_A_P,"Patients who reported that their nurses ""Always"" communicated well — Nurses ""always"" communicated well",77.0,35.0
451359,OCHILTREE GENERAL HOSPITAL,OCHILTREE,False,Government - Hospital District or Authority,H_COMP_2_A_P,"Patients who reported that their doctors ""Always"" communicated well — Doctors ""always"" communicated well",86.0,35.0
451359,OCHILTREE GENERAL HOSPITAL,OCHILTREE,False,Government - Hospital District or Authority,H_COMP_5_A_P,"Patients who reported that staff ""Always"" explained about medicines before giving it to them — Staff ""always"" explained",68.0,35.0
451359,OCHILTREE GENERAL HOSPITAL,OCHILTREE,False,Government - Hospital District or Authority,H_COMP_6_Y_P,"Patients who reported that YES, they were given information about what to do during their recovery at home — Yes, staff ""did"" give patients this information",92.0,35.0
451359,OCHILTREE GENERAL HOSPITAL,OCHILTREE,False,Government - Hospital District or Authority,H_HSP_RATING_9_10,"Patients who gave their hospital a rating of 9 or 10 on a scale from 0 (lowest) to 10 (highest) — Patients who gave a rating of ""9"" or ""10"" (high)",85.0,35.0
451359,OCHILTREE GENERAL HOSPITAL,OCHILTREE,False,Government - Hospital District or Authority,H_QUIET_HSP_A_P,"Patients who reported that the area around their room was ""Always"" quiet at night — ""Always"" quiet at night",68.0,35.0
451359,OCHILTREE GENERAL HOSPITAL,OCHILTREE,False,Government - Hospital District or Authority,H_RECMND_DY,"Patients who reported YES, they would definitely recommend the hospital — ""YES"", patients would definitely recommend the hospital",81.0,35.0
450661,ODESSA REGIONAL MEDICAL CENTER,ECTOR,False,Proprietary,H_CLEAN_HSP_A_P,"Patients who reported that their room and bathroom were ""Always"" clean — Room was ""always"" clean",68.0,304.0
450661,ODESSA REGIONAL MEDICAL CENTER,ECTOR,False,Proprietary,H_COMP_1_A_P,"Patients who reported that their nurses ""Always"" communicated well — Nurses ""always"" communicated well",73.0,304.0
450661,ODESSA REGIONAL MEDICAL CENTER,ECTOR,False,Proprietary,H_COMP_2_A_P,"Patients who reported that their doctors ""Always"" communicated well — Doctors ""always"" communicated well",79.0,304.0
450661,ODESSA REGIONAL MEDICAL CENTER,ECTOR,False,Proprietary,H_COMP_5_A_P,"Patients who reported that staff ""Always"" explained about medicines before giving it to them — Staff ""always"" explained",59.0,304.0
450661,ODESSA REGIONAL MEDICAL CENTER,ECTOR,False,Proprietary,H_COMP_6_Y_P,"Patients who reported that YES, they were given information about what to do during their recovery at home — Yes, staff ""did"" give patients this information",81.0,304.0
450661,ODESSA REGIONAL MEDICAL CENTER,ECTOR,False,Proprietary,H_HSP_RATING_9_10,"Patients who gave their hospital a rating of 9 or 10 on a scale from 0 (lowest) to 10 (highest) — Patients who gave a rating of ""9"" or ""10"" (high)",61.0,304.0
450661,ODESSA REGIONAL MEDICAL CENTER,ECTOR,False,Proprietary,H_QUIET_HSP_A_P,"Patients who reported that the area around their room was ""Always"" quiet at night — ""Always"" quiet at night",57.0,304.0
450661,ODESSA REGIONAL MEDICAL CENTER,ECTOR,False,Proprietary,H_RECMND_DY,"Patients who reported YES, they would definitely recommend the hospital — ""YES"", patients would definitely recommend the hospital",61.0,304.0
450747,PALESTINE REGIONAL MEDICAL CENTER,ANDERSON,False,Proprietary,H_CLEAN_HSP_A_P,"Patients who reported that their room and bathroom were ""Always"" clean — Room was ""always"" clean",66.0,217.0
450747,PALESTINE REGIONAL MEDICAL CENTER,ANDERSON,False,Proprietary,H_COMP_1_A_P,"Patients who reported that their nurses ""Always"" communicated well — Nurses ""always"" communicated well",79.0,217.0
450747,PALESTINE REGIONAL MEDICAL CENTER,ANDERSON,False,Proprietary,H_COMP_2_A_P,"Patients who reported that their doctors ""Always"" communicated well — Doctors ""always"" communicated well",82.0,217.0
450747,PALESTINE REGIONAL MEDICAL CENTER,ANDERSON,False,Proprietary,H_COMP_5_A_P,"Patients who reported that staff ""Always"" explained about medicines before giving it to them — Staff ""always"" explained",62.0,217.0
450747,PALESTINE REGIONAL MEDICAL CENTER,ANDERSON,False,Proprietary,H_COMP_6_Y_P,"Patients who reported that YES, they were given information about what to do during their recovery at home — Yes, staff ""did"" give patients this information",84.0,217.0
450747,PALESTINE REGIONAL MEDICAL CENTER,ANDERSON,False,Proprietary,H_HSP_RATING_9_10,"Patients who gave their hospital a rating of 9 or 10 on a scale from 0 (lowest) to 10 (highest) — Patients who gave a rating of ""9"" or ""10"" (high)",61.0,217.0
450747,PALESTINE REGIONAL MEDICAL CENTER,ANDERSON,False,Proprietary,H_QUIET_HSP_A_P,"Patients who reported that the area around their room was ""Always"" quiet at night — ""Always"" quiet at night",63.0,217.0
450747,PALESTINE REGIONAL MEDICAL CENTER,ANDERSON,False,Proprietary,H_RECMND_DY,"Patients who reported YES, they would definitely recommend the hospital — ""YES"", patients would definitely recommend the hospital",60.0,217.0
450565,PALO PINTO GENERAL HOSPITAL,PALO PINTO,False,Government - Hospital District or Authority,H_CLEAN_HSP_A_P,"Patients who reported that their room and bathroom were ""Always"" clean — Room was ""always"" clean",83.0,127.0
450565,PALO PINTO GENERAL HOSPITAL,PALO PINTO,False,Government - Hospital District or Authority,H_COMP_1_A_P,"Patients who reported that their nurses ""Always"" communicated well — Nurses ""always"" communicated well",80.0,127.0
450565,PALO PINTO GENERAL HOSPITAL,PALO PINTO,False,Government - Hospital District or Authority,H_COMP_2_A_P,"Patients who reported that their doctors ""Always"" communicated well — Doctors ""always"" communicated well",75.0,127.0
450565,PALO PINTO GENERAL HOSPITAL,PALO PINTO,False,Government - Hospital District or Authority,H_COMP_5_A_P,"Patients who reported that staff ""Always"" explained about medicines before giving it to them — Staff ""always"" explained",59.0,127.0
450565,PALO PINTO GENERAL HOSPITAL,PALO PINTO,False,Government - Hospital District or Authority,H_COMP_6_Y_P,"Patients who reported that YES, they were given information about what to do during their recovery at home — Yes, staff ""did"" give patients this information",85.0,127.0
450565,PALO PINTO GENERAL HOSPITAL,PALO PINTO,False,Government - Hospital District or Authority,H_HSP_RATING_9_10,"Patients who gave their hospital a rating of 9 or 10 on a scale from 0 (lowest) to 10 (highest) — Patients who gave a rating of ""9"" or ""10"" (high)",68.0,127.0
450565,PALO PINTO GENERAL HOSPITAL,PALO PINTO,False,Government - Hospital District or Authority,H_QUIET_HSP_A_P,"Patients who reported that the area around their room was ""Always"" quiet at night — ""Always"" quiet at night",62.0,127.0
450565,PALO PINTO GENERAL HOSPITAL,PALO PINTO,False,Government - Hospital District or Authority,H_RECMND_DY,"Patients who reported YES, they would definitely recommend the hospital — ""YES"", patients would definitely recommend the hospital",67.0,127.0
450196,PARIS REGIONAL MEDICAL CENTER,LAMAR,False,Proprietary,H_CLEAN_HSP_A_P,"Patients who reported that their room and bathroom were ""Always"" clean — Room was ""always"" clean",65.0,1114.0
450196,PARIS REGIONAL MEDICAL CENTER,LAMAR,False,Proprietary,H_COMP_1_A_P,"Patients who reported that their nurses ""Always"" communicated well — Nurses ""always"" communicated well",75.0,1114.0
450196,PARIS REGIONAL MEDICAL CENTER,LAMAR,False,Proprietary,H_COMP_2_A_P,"Patients who reported that their doctors ""Always"" communicated well — Doctors ""always"" communicated well",74.0,1114.0
450196,PARIS REGIONAL MEDICAL CENTER,LAMAR,False,Proprietary,H_COMP_5_A_P,"Patients who reported that staff ""Always"" explained about medicines before giving it to them — Staff ""always"" explained",59.0,1114.0
450196,PARIS REGIONAL MEDICAL CENTER,LAMAR,False,Proprietary,H_COMP_6_Y_P,"Patients who reported that YES, they were given information about what to do during their recovery at home — Yes, staff ""did"" give patients this information",81.0,1114.0
450196,PARIS REGIONAL MEDICAL CENTER,LAMAR,False,Proprietary,H_HSP_RATING_9_10,"Patients who gave their hospital a rating of 9 or 10 on a scale from 0 (lowest) to 10 (highest) — Patients who gave a rating of ""9"" or ""10"" (high)",56.0,1114.0
450196,PARIS REGIONAL MEDICAL CENTER,LAMAR,False,Proprietary,H_QUIET_HSP_A_P,"Patients who reported that the area around their room was ""Always"" quiet at night — ""Always"" quiet at night",58.0,1114.0
450196,PARIS REGIONAL MEDICAL CENTER,LAMAR,False,Proprietary,H_RECMND_DY,"Patients who reported YES, they would definitely recommend the hospital — ""YES"", patients would definitely recommend the hospital",54.0,1114.0
450015,PARKLAND HEALTH & HOSPITAL SYSTEM,DALLAS,False,Government - Hospital District or Authority,H_CLEAN_HSP_A_P,"Patients who reported that their room and bathroom were ""Always"" clean — Room was ""always"" clean",77.0,1989.0
450015,PARKLAND HEALTH & HOSPITAL SYSTEM,DALLAS,False,Government - Hospital District or Authority,H_COMP_1_A_P,"Patients who reported that their nurses ""Always"" communicated well — Nurses ""always"" communicated well",74.0,1989.0
450015,PARKLAND HEALTH & HOSPITAL SYSTEM,DALLAS,False,Government - Hospital District or Authority,H_COMP_2_A_P,"Patients who reported that their doctors ""Always"" communicated well — Doctors ""always"" communicated well",75.0,1989.0
450015,PARKLAND HEALTH & HOSPITAL SYSTEM,DALLAS,False,Government - Hospital District or Authority,H_COMP_5_A_P,"Patients who reported that staff ""Always"" explained about medicines before giving it to them — Staff ""always"" explained",53.0,1989.0
450015,PARKLAND HEALTH & HOSPITAL SYSTEM,DALLAS,False,Government - Hospital District or Authority,H_COMP_6_Y_P,"Patients who reported that YES, they were given information about what to do during their recovery at home — Yes, staff ""did"" give patients this information",85.0,1989.0
450015,PARKLAND HEALTH & HOSPITAL SYSTEM,DALLAS,False,Government - Hospital District or Authority,H_HSP_RATING_9_10,"Patients who gave their hospital a rating of 9 or 10 on a scale from 0 (lowest) to 10 (highest) — Patients who gave a rating of ""9"" or ""10"" (high)",70.0,1989.0
450015,PARKLAND HEALTH & HOSPITAL SYSTEM,DALLAS,False,Government - Hospital District or Authority,H_QUIET_HSP_A_P,"Patients who reported that the area around their room was ""Always"" quiet at night — ""Always"" quiet at night",60.0,1989.0
450015,PARKLAND HEALTH & HOSPITAL SYSTEM,DALLAS,False,Government - Hospital District or Authority,H_RECMND_DY,"Patients who reported YES, they would definitely recommend the hospital — ""YES"", patients would definitely recommend the hospital",70.0,1989.0
450400,PARKVIEW REGIONAL HOSPITAL,LIMESTONE,False,Proprietary,H_CLEAN_HSP_A_P,"Patients who reported that their room and bathroom were ""Always"" clean — Room was ""always"" clean",86.0,70.0
450400,PARKVIEW REGIONAL HOSPITAL,LIMESTONE,False,Proprietary,H_COMP_1_A_P,"Patients who reported that their nurses ""Always"" communicated well — Nurses ""always"" communicated well",91.0,70.0
450400,PARKVIEW REGIONAL HOSPITAL,LIMESTONE,False,Proprietary,H_COMP_2_A_P,"Patients who reported that their doctors ""Always"" communicated well — Doctors ""always"" communicated well",95.0,70.0
450400,PARKVIEW REGIONAL HOSPITAL,LIMESTONE,False,Proprietary,H_COMP_5_A_P,"Patients who reported that staff ""Always"" explained about medicines before giving it to them — Staff ""always"" explained",74.0,70.0
450400,PARKVIEW REGIONAL HOSPITAL,LIMESTONE,False,Proprietary,H_COMP_6_Y_P,"Patients who reported that YES, they were given information about what to do during their recovery at home — Yes, staff ""did"" give patients this information",90.0,70.0
450400,PARKVIEW REGIONAL HOSPITAL,LIMESTONE,False,Proprietary,H_HSP_RATING_9_10,"Patients who gave their hospital a rating of 9 or 10 on a scale from 0 (lowest) to 10 (highest) — Patients who gave a rating of ""9"" or ""10"" (high)",89.0,70.0
450400,PARKVIEW REGIONAL HOSPITAL,LIMESTONE,False,Proprietary,H_QUIET_HSP_A_P,"Patients who reported that the area around their room was ""Always"" quiet at night — ""Always"" quiet at night",80.0,70.0
450400,PARKVIEW REGIONAL HOSPITAL,LIMESTONE,False,Proprietary,H_RECMND_DY,"Patients who reported YES, they would definitely recommend the hospital — ""YES"", patients would definitely recommend the hospital",83.0,70.0
450144,PERMIAN REGIONAL MEDICAL CENTER ANDREWS COUNTY HO,ANDREWS,False,Government - Hospital District or Authority,H_CLEAN_HSP_A_P,"Patients who reported that their room and bathroom were ""Always"" clean — Room was ""always"" clean",86.0,89.0
450144,PERMIAN REGIONAL MEDICAL CENTER ANDREWS COUNTY HO,ANDREWS,False,Government - Hospital District or Authority,H_COMP_1_A_P,"Patients who reported that their nurses ""Always"" communicated well — Nurses ""always"" communicated well",85.0,89.0
450144,PERMIAN REGIONAL MEDICAL CENTER ANDREWS COUNTY HO,ANDREWS,False,Government - Hospital District or Authority,H_COMP_2_A_P,"Patients who reported that their doctors ""Always"" communicated well — Doctors ""always"" communicated well",83.0,89.0
450144,PERMIAN REGIONAL MEDICAL CENTER ANDREWS COUNTY HO,ANDREWS,False,Government - Hospital District or Authority,H_COMP_5_A_P,"Patients who reported that staff ""Always"" explained about medicines before giving it to them — Staff ""always"" explained",67.0,89.0
450144,PERMIAN REGIONAL MEDICAL CENTER ANDREWS COUNTY HO,ANDREWS,False,Government - Hospital District or Authority,H_COMP_6_Y_P,"Patients who reported that YES, they were given information about what to do during their recovery at home — Yes, staff ""did"" give patients this information",89.0,89.0
450144,PERMIAN REGIONAL MEDICAL CENTER ANDREWS COUNTY HO,ANDREWS,False,Government - Hospital District or Authority,H_HSP_RATING_9_10,"Patients who gave their hospital a rating of 9 or 10 on a scale from 0 (lowest) to 10 (highest) — Patients who gave a rating of ""9"" or ""10"" (high)",86.0,89.0
450144,PERMIAN REGIONAL MEDICAL CENTER ANDREWS COUNTY HO,ANDREWS,False,Government - Hospital District or Authority,H_QUIET_HSP_A_P,"Patients who reported that the area around their room was ""Always"" quiet at night — ""Always"" quiet at night",67.0,89.0
450144,PERMIAN REGIONAL MEDICAL CENTER ANDREWS COUNTY HO,ANDREWS,False,Government - Hospital District or Authority,H_RECMND_DY,"Patients who reported YES, they would definitely recommend the hospital — ""YES"", patients would definitely recommend the hospital",89.0,89.0
450007,PETERSON REGIONAL MEDICAL CENTER,KERR,False,Voluntary non-profit - Private,H_CLEAN_HSP_A_P,"Patients who reported that their room and bathroom were ""Always"" clean — Room was ""always"" clean",80.0,779.0
450007,PETERSON REGIONAL MEDICAL CENTER,KERR,False,Voluntary non-profit - Private,H_COMP_1_A_P,"Patients who reported that their nurses ""Always"" communicated well — Nurses ""always"" communicated well",81.0,779.0
450007,PETERSON REGIONAL MEDICAL CENTER,KERR,False,Voluntary non-profit - Private,H_COMP_2_A_P,"Patients who reported that their doctors ""Always"" communicated well — Doctors ""always"" communicated well",78.0,779.0
450007,PETERSON REGIONAL MEDICAL CENTER,KERR,False,Voluntary non-profit - Private,H_COMP_5_A_P,"Patients who reported that staff ""Always"" explained about medicines before giving it to them — Staff ""always"" explained",63.0,779.0
450007,PETERSON REGIONAL MEDICAL CENTER,KERR,False,Voluntary non-profit - Private,H_COMP_6_Y_P,"Patients who reported that YES, they were given information about what to do during their recovery at home — Yes, staff ""did"" give patients this information",91.0,779.0
450007,PETERSON REGIONAL MEDICAL CENTER,KERR,False,Voluntary non-profit - Private,H_HSP_RATING_9_10,"Patients who gave their hospital a rating of 9 or 10 on a scale from 0 (lowest) to 10 (highest) — Patients who gave a rating of ""9"" or ""10"" (high)",80.0,779.0
450007,PETERSON REGIONAL MEDICAL CENTER,KERR,False,Voluntary non-profit - Private,H_QUIET_HSP_A_P,"Patients who reported that the area around their room was ""Always"" quiet at night — ""Always"" quiet at night",59.0,779.0
450007,PETERSON REGIONAL MEDICAL CENTER,KERR,False,Voluntary non-profit - Private,H_RECMND_DY,"Patients who reported YES, they would definitely recommend the hospital — ""YES"", patients would definitely recommend the hospital",79.0,779.0
450834,"PHYSICIANS CENTRE,THE",BRAZOS,False,Proprietary,H_CLEAN_HSP_A_P,"Patients who reported that their room and bathroom were ""Always"" clean — Room was ""always"" clean",72.0,199.0
450834,"PHYSICIANS CENTRE,THE",BRAZOS,False,Proprietary,H_COMP_1_A_P,"Patients who reported that their nurses ""Always"" communicated well — Nurses ""always"" communicated well",88.0,199.0
450834,"PHYSICIANS CENTRE,THE",BRAZOS,False,Proprietary,H_COMP_2_A_P,"Patients who reported that their doctors ""Always"" communicated well — Doctors ""always"" communicated well",84.0,199.0
450834,"PHYSICIANS CENTRE,THE",BRAZOS,False,Proprietary,H_COMP_5_A_P,"Patients who reported that staff ""Always"" explained about medicines before giving it to them — Staff ""always"" explained",76.0,199.0
450834,"PHYSICIANS CENTRE,THE",BRAZOS,False,Proprietary,H_COMP_6_Y_P,"Patients who reported that YES, they were given information about what to do during their recovery at home — Yes, staff ""did"" give patients this information",91.0,199.0
450834,"PHYSICIANS CENTRE,THE",BRAZOS,False,Proprietary,H_HSP_RATING_9_10,"Patients who gave their hospital a rating of 9 or 10 on a scale from 0 (lowest) to 10 (highest) — Patients who gave a rating of ""9"" or ""10"" (high)",84.0,199.0
450834,"PHYSICIANS CENTRE,THE",BRAZOS,False,Proprietary,H_QUIET_HSP_A_P,"Patients who reported that the area around their room was ""Always"" quiet at night — ""Always"" quiet at night",81.0,199.0
450834,"PHYSICIANS CENTRE,THE",BRAZOS,False,Proprietary,H_RECMND_DY,"Patients who reported YES, they would definitely recommend the hospital — ""YES"", patients would definitely recommend the hospital",85.0,199.0
450875,QUAIL CREEK SURGICAL HOSPITAL,POTTER,False,Proprietary,H_CLEAN_HSP_A_P,"Patients who reported that their room and bathroom were ""Always"" clean — Room was ""always"" clean",84.0,260.0
450875,QUAIL CREEK SURGICAL HOSPITAL,POTTER,False,Proprietary,H_COMP_1_A_P,"Patients who reported that their nurses ""Always"" communicated well — Nurses ""always"" communicated well",88.0,260.0
450875,QUAIL CREEK SURGICAL HOSPITAL,POTTER,False,Proprietary,H_COMP_2_A_P,"Patients who reported that their doctors ""Always"" communicated well — Doctors ""always"" communicated well",84.0,260.0
450875,QUAIL CREEK SURGICAL HOSPITAL,POTTER,False,Proprietary,H_COMP_5_A_P,"Patients who reported that staff ""Always"" explained about medicines before giving it to them — Staff ""always"" explained",77.0,260.0
450875,QUAIL CREEK SURGICAL HOSPITAL,POTTER,False,Proprietary,H_COMP_6_Y_P,"Patients who reported that YES, they were given information about what to do during their recovery at home — Yes, staff ""did"" give patients this information",91.0,260.0
450875,QUAIL CREEK SURGICAL HOSPITAL,POTTER,False,Proprietary,H_HSP_RATING_9_10,"Patients who gave their hospital a rating of 9 or 10 on a scale from 0 (lowest) to 10 (highest) — Patients who gave a rating of ""9"" or ""10"" (high)",90.0,260.0
450875,QUAIL CREEK SURGICAL HOSPITAL,POTTER,False,Proprietary,H_QUIET_HSP_A_P,"Patients who reported that the area around their room was ""Always"" quiet at night — ""Always"" quiet at night",82.0,260.0
450875,QUAIL CREEK SURGICAL HOSPITAL,POTTER,False,Proprietary,H_RECMND_DY,"Patients who reported YES, they would definitely recommend the hospital — ""YES"", patients would definitely recommend the hospital",90.0,260.0
451377,REEVES REGIONAL HEALTH,REEVES,False,Government - Hospital District or Authority,H_CLEAN_HSP_A_P,"Patients who reported that their room and bathroom were ""Always"" clean — Room was ""always"" clean",85.0,71.0
451377,REEVES REGIONAL HEALTH,REEVES,False,Government - Hospital District or Authority,H_COMP_1_A_P,"Patients who reported that their nurses ""Always"" communicated well — Nurses ""always"" communicated well",82.0,71.0
451377,REEVES REGIONAL HEALTH,REEVES,False,Government - Hospital District or Authority,H_COMP_2_A_P,"Patients who reported that their doctors ""Always"" communicated well — Doctors ""always"" communicated well",86.0,71.0
451377,REEVES REGIONAL HEALTH,REEVES,False,Government - Hospital District or Authority,H_COMP_5_A_P,"Patients who reported that staff ""Always"" explained about medicines before giving it to them — Staff ""always"" explained",73.0,71.0
451377,REEVES REGIONAL HEALTH,REEVES,False,Government - Hospital District or Authority,H_COMP_6_Y_P,"Patients who reported that YES, they were given information about what to do during their recovery at home — Yes, staff ""did"" give patients this information",89.0,71.0
451377,REEVES REGIONAL HEALTH,REEVES,False,Government - Hospital District or Authority,H_HSP_RATING_9_10,"Patients who gave their hospital a rating of 9 or 10 on a scale from 0 (lowest) to 10 (highest) — Patients who gave a rating of ""9"" or ""10"" (high)",84.0,71.0
451377,REEVES REGIONAL HEALTH,REEVES,False,Government - Hospital District or Authority,H_QUIET_HSP_A_P,"Patients who reported that the area around their room was ""Always"" quiet at night — ""Always"" quiet at night",79.0,71.0
451377,REEVES REGIONAL HEALTH,REEVES,False,Government - Hospital District or Authority,H_RECMND_DY,"Patients who reported YES, they would definitely recommend the hospital — ""YES"", patients would definitely recommend the hospital",78.0,71.0
670098,RESOLUTE HEALTH HOSPITAL,COMAL,False,Proprietary,H_CLEAN_HSP_A_P,"Patients who reported that their room and bathroom were ""Always"" clean — Room was ""always"" clean",77.0,784.0
670098,RESOLUTE HEALTH HOSPITAL,COMAL,False,Proprietary,H_COMP_1_A_P,"Patients who reported that their nurses ""Always"" communicated well — Nurses ""always"" communicated well",79.0,784.0
670098,RESOLUTE HEALTH HOSPITAL,COMAL,False,Proprietary,H_COMP_2_A_P,"Patients who reported that their doctors ""Always"" communicated well — Doctors ""always"" communicated well",74.0,784.0
670098,RESOLUTE HEALTH HOSPITAL,COMAL,False,Proprietary,H_COMP_5_A_P,"Patients who reported that staff ""Always"" explained about medicines before giving it to them — Staff ""always"" explained",61.0,784.0
670098,RESOLUTE HEALTH HOSPITAL,COMAL,False,Proprietary,H_COMP_6_Y_P,"Patients who reported that YES, they were given information about what to do during their recovery at home — Yes, staff ""did"" give patients this information",83.0,784.0
670098,RESOLUTE HEALTH HOSPITAL,COMAL,False,Proprietary,H_HSP_RATING_9_10,"Patients who gave their hospital a rating of 9 or 10 on a scale from 0 (lowest) to 10 (highest) — Patients who gave a rating of ""9"" or ""10"" (high)",74.0,784.0
670098,RESOLUTE HEALTH HOSPITAL,COMAL,False,Proprietary,H_QUIET_HSP_A_P,"Patients who reported that the area around their room was ""Always"" quiet at night — ""Always"" quiet at night",64.0,784.0
670098,RESOLUTE HEALTH HOSPITAL,COMAL,False,Proprietary,H_RECMND_DY,"Patients who reported YES, they would definitely recommend the hospital — ""YES"", patients would definitely recommend the hospital",74.0,784.0
450711,RIO GRANDE REGIONAL HOSPITAL,HIDALGO,False,Proprietary,H_CLEAN_HSP_A_P,"Patients who reported that their room and bathroom were ""Always"" clean — Room was ""always"" clean",67.0,527.0
450711,RIO GRANDE REGIONAL HOSPITAL,HIDALGO,False,Proprietary,H_COMP_1_A_P,"Patients who reported that their nurses ""Always"" communicated well — Nurses ""always"" communicated well",74.0,527.0
450711,RIO GRANDE REGIONAL HOSPITAL,HIDALGO,False,Proprietary,H_COMP_2_A_P,"Patients who reported that their doctors ""Always"" communicated well — Doctors ""always"" communicated well",74.0,527.0
450711,RIO GRANDE REGIONAL HOSPITAL,HIDALGO,False,Proprietary,H_COMP_5_A_P,"Patients who reported that staff ""Always"" explained about medicines before giving it to them — Staff ""always"" explained",58.0,527.0
450711,RIO GRANDE REGIONAL HOSPITAL,HIDALGO,False,Proprietary,H_COMP_6_Y_P,"Patients who reported that YES, they were given information about what to do during their recovery at home — Yes, staff ""did"" give patients this information",83.0,527.0
450711,RIO GRANDE REGIONAL HOSPITAL,HIDALGO,False,Proprietary,H_HSP_RATING_9_10,"Patients who gave their hospital a rating of 9 or 10 on a scale from 0 (lowest) to 10 (highest) — Patients who gave a rating of ""9"" or ""10"" (high)",66.0,527.0
450711,RIO GRANDE REGIONAL HOSPITAL,HIDALGO,False,Proprietary,H_QUIET_HSP_A_P,"Patients who reported that the area around their room was ""Always"" quiet at night — ""Always"" quiet at night",62.0,527.0
450711,RIO GRANDE REGIONAL HOSPITAL,HIDALGO,False,Proprietary,H_RECMND_DY,"Patients who reported YES, they would definitely recommend the hospital — ""YES"", patients would definitely recommend the hospital",65.0,527.0
450055,ROLLING PLAINS MEMORIAL HOSPITAL,NOLAN,False,Government - Hospital District or Authority,H_CLEAN_HSP_A_P,"Patients who reported that their room and bathroom were ""Always"" clean — Room was ""always"" clean",85.0,118.0
450055,ROLLING PLAINS MEMORIAL HOSPITAL,NOLAN,False,Government - Hospital District or Authority,H_COMP_1_A_P,"Patients who reported that their nurses ""Always"" communicated well — Nurses ""always"" communicated well",86.0,118.0
450055,ROLLING PLAINS MEMORIAL HOSPITAL,NOLAN,False,Government - Hospital District or Authority,H_COMP_2_A_P,"Patients who reported that their doctors ""Always"" communicated well — Doctors ""always"" communicated well",87.0,118.0
450055,ROLLING PLAINS MEMORIAL HOSPITAL,NOLAN,False,Government - Hospital District or Authority,H_COMP_5_A_P,"Patients who reported that staff ""Always"" explained about medicines before giving it to them — Staff ""always"" explained",69.0,118.0
450055,ROLLING PLAINS MEMORIAL HOSPITAL,NOLAN,False,Government - Hospital District or Authority,H_COMP_6_Y_P,"Patients who reported that YES, they were given information about what to do during their recovery at home — Yes, staff ""did"" give patients this information",86.0,118.0
450055,ROLLING PLAINS MEMORIAL HOSPITAL,NOLAN,False,Government - Hospital District or Authority,H_HSP_RATING_9_10,"Patients who gave their hospital a rating of 9 or 10 on a scale from 0 (lowest) to 10 (highest) — Patients who gave a rating of ""9"" or ""10"" (high)",86.0,118.0
450055,ROLLING PLAINS MEMORIAL HOSPITAL,NOLAN,False,Government - Hospital District or Authority,H_QUIET_HSP_A_P,"Patients who reported that the area around their room was ""Always"" quiet at night — ""Always"" quiet at night",72.0,118.0
450055,ROLLING PLAINS MEMORIAL HOSPITAL,NOLAN,False,Government - Hospital District or Authority,H_RECMND_DY,"Patients who reported YES, they would definitely recommend the hospital — ""YES"", patients would definitely recommend the hospital",75.0,118.0
450718,ROUND ROCK MEDICAL CENTER,WILLIAMSON,False,Proprietary,H_CLEAN_HSP_A_P,"Patients who reported that their room and bathroom were ""Always"" clean — Room was ""always"" clean",79.0,902.0
450718,ROUND ROCK MEDICAL CENTER,WILLIAMSON,False,Proprietary,H_COMP_1_A_P,"Patients who reported that their nurses ""Always"" communicated well — Nurses ""always"" communicated well",76.0,902.0
450718,ROUND ROCK MEDICAL CENTER,WILLIAMSON,False,Proprietary,H_COMP_2_A_P,"Patients who reported that their doctors ""Always"" communicated well — Doctors ""always"" communicated well",73.0,902.0
450718,ROUND ROCK MEDICAL CENTER,WILLIAMSON,False,Proprietary,H_COMP_5_A_P,"Patients who reported that staff ""Always"" explained about medicines before giving it to them — Staff ""always"" explained",54.0,902.0
450718,ROUND ROCK MEDICAL CENTER,WILLIAMSON,False,Proprietary,H_COMP_6_Y_P,"Patients who reported that YES, they were given information about what to do during their recovery at home — Yes, staff ""did"" give patients this information",86.0,902.0
450718,ROUND ROCK MEDICAL CENTER,WILLIAMSON,False,Proprietary,H_HSP_RATING_9_10,"Patients who gave their hospital a rating of 9 or 10 on a scale from 0 (lowest) to 10 (highest) — Patients who gave a rating of ""9"" or ""10"" (high)",71.0,902.0
450718,ROUND ROCK MEDICAL CENTER,WILLIAMSON,False,Proprietary,H_QUIET_HSP_A_P,"Patients who reported that the area around their room was ""Always"" quiet at night — ""Always"" quiet at night",52.0,902.0
450718,ROUND ROCK MEDICAL CENTER,WILLIAMSON,False,Proprietary,H_RECMND_DY,"Patients who reported YES, they would definitely recommend the hospital — ""YES"", patients would definitely recommend the hospital",72.0,902.0
45090F,SAN ANTONIO VA MEDICAL CENTER (VA SOUTH TEXAS HEALTHCARE SYSTEM),BEXAR,False,Veterans Health Administration,H_CLEAN_HSP_A_P,"Patients who reported that their room and bathroom were ""Always"" clean — Room was ""always"" clean",78.0,621.0
45090F,SAN ANTONIO VA MEDICAL CENTER (VA SOUTH TEXAS HEALTHCARE SYSTEM),BEXAR,False,Veterans Health Administration,H_COMP_1_A_P,"Patients who reported that their nurses ""Always"" communicated well — Nurses ""always"" communicated well",83.0,621.0
45090F,SAN ANTONIO VA MEDICAL CENTER (VA SOUTH TEXAS HEALTHCARE SYSTEM),BEXAR,False,Veterans Health Administration,H_COMP_2_A_P,"Patients who reported that their doctors ""Always"" communicated well — Doctors ""always"" communicated well",84.0,621.0
45090F,SAN ANTONIO VA MEDICAL CENTER (VA SOUTH TEXAS HEALTHCARE SYSTEM),BEXAR,False,Veterans Health Administration,H_COMP_5_A_P,"Patients who reported that staff ""Always"" explained about medicines before giving it to them — Staff ""always"" explained",69.0,621.0
45090F,SAN ANTONIO VA MEDICAL CENTER (VA SOUTH TEXAS HEALTHCARE SYSTEM),BEXAR,False,Veterans Health Administration,H_COMP_6_Y_P,"Patients who reported that YES, they were given information about what to do during their recovery at home — Yes, staff ""did"" give patients this information",88.0,621.0
45090F,SAN ANTONIO VA MEDICAL CENTER (VA SOUTH TEXAS HEALTHCARE SYSTEM),BEXAR,False,Veterans Health Administration,H_HSP_RATING_9_10,"Patients who gave their hospital a rating of 9 or 10 on a scale from 0 (lowest) to 10 (highest) — Patients who gave a rating of ""9"" or ""10"" (high)",81.0,621.0
45090F,SAN ANTONIO VA MEDICAL CENTER (VA SOUTH TEXAS HEALTHCARE SYSTEM),BEXAR,False,Veterans Health Administration,H_QUIET_HSP_A_P,"Patients who reported that the area around their room was ""Always"" quiet at night — ""Always"" quiet at night",59.0,621.0
45090F,SAN ANTONIO VA MEDICAL CENTER (VA SOUTH TEXAS HEALTHCARE SYSTEM),BEXAR,False,Veterans Health Administration,H_RECMND_DY,"Patients who reported YES, they would definitely recommend the hospital — ""YES"", patients would definitely recommend the hospital",79.0,621.0
450653,SCENIC MOUNTAIN MEDICAL CENTER,HOWARD,False,Proprietary,H_CLEAN_HSP_A_P,"Patients who reported that their room and bathroom were ""Always"" clean — Room was ""always"" clean",63.0,50.0
450653,SCENIC MOUNTAIN MEDICAL CENTER,HOWARD,False,Proprietary,H_COMP_1_A_P,"Patients who reported that their nurses ""Always"" communicated well — Nurses ""always"" communicated well",79.0,50.0
450653,SCENIC MOUNTAIN MEDICAL CENTER,HOWARD,False,Proprietary,H_COMP_2_A_P,"Patients who reported that their doctors ""Always"" communicated well — Doctors ""always"" communicated well",84.0,50.0
450653,SCENIC MOUNTAIN MEDICAL CENTER,HOWARD,False,Proprietary,H_COMP_5_A_P,"Patients who reported that staff ""Always"" explained about medicines before giving it to them — Staff ""always"" explained",67.0,50.0
450653,SCENIC MOUNTAIN MEDICAL CENTER,HOWARD,False,Proprietary,H_COMP_6_Y_P,"Patients who reported that YES, they were given information about what to do during their recovery at home — Yes, staff ""did"" give patients this information",82.0,50.0
450653,SCENIC MOUNTAIN MEDICAL CENTER,HOWARD,False,Proprietary,H_HSP_RATING_9_10,"Patients who gave their hospital a rating of 9 or 10 on a scale from 0 (lowest) to 10 (highest) — Patients who gave a rating of ""9"" or ""10"" (high)",53.0,50.0
450653,SCENIC MOUNTAIN MEDICAL CENTER,HOWARD,False,Proprietary,H_QUIET_HSP_A_P,"Patients who reported that the area around their room was ""Always"" quiet at night — ""Always"" quiet at night",64.0,50.0
450653,SCENIC MOUNTAIN MEDICAL CENTER,HOWARD,False,Proprietary,H_RECMND_DY,"Patients who reported YES, they would definitely recommend the hospital — ""YES"", patients would definitely recommend the hospital",45.0,50.0
670080,SETON MEDICAL CENTER HARKER HEIGHTS,BELL,False,Proprietary,H_CLEAN_HSP_A_P,"Patients who reported that their room and bathroom were ""Always"" clean — Room was ""always"" clean",75.0,455.0
670080,SETON MEDICAL CENTER HARKER HEIGHTS,BELL,False,Proprietary,H_COMP_1_A_P,"Patients who reported that their nurses ""Always"" communicated well — Nurses ""always"" communicated well",80.0,455.0
670080,SETON MEDICAL CENTER HARKER HEIGHTS,BELL,False,Proprietary,H_COMP_2_A_P,"Patients who reported that their doctors ""Always"" communicated well — Doctors ""always"" communicated well",80.0,455.0
670080,SETON MEDICAL CENTER HARKER HEIGHTS,BELL,False,Proprietary,H_COMP_5_A_P,"Patients who reported that staff ""Always"" explained about medicines before giving it to them — Staff ""always"" explained",65.0,455.0
670080,SETON MEDICAL CENTER HARKER HEIGHTS,BELL,False,Proprietary,H_COMP_6_Y_P,"Patients who reported that YES, they were given information about what to do during their recovery at home — Yes, staff ""did"" give patients this information",86.0,455.0
670080,SETON MEDICAL CENTER HARKER HEIGHTS,BELL,False,Proprietary,H_HSP_RATING_9_10,"Patients who gave their hospital a rating of 9 or 10 on a scale from 0 (lowest) to 10 (highest) — Patients who gave a rating of ""9"" or ""10"" (high)",71.0,455.0
670080,SETON MEDICAL CENTER HARKER HEIGHTS,BELL,False,Proprietary,H_QUIET_HSP_A_P,"Patients who reported that the area around their room was ""Always"" quiet at night — ""Always"" quiet at night",72.0,455.0
670080,SETON MEDICAL CENTER HARKER HEIGHTS,BELL,False,Proprietary,H_RECMND_DY,"Patients who reported YES, they would definitely recommend the hospital — ""YES"", patients would definitely recommend the hospital",70.0,455.0
451399,SEYMOUR HOSPITAL,BAYLOR,False,Government - Hospital District or Authority,H_CLEAN_HSP_A_P,"Patients who reported that their room and bathroom were ""Always"" clean — Room was ""always"" clean",97.0,32.0
451399,SEYMOUR HOSPITAL,BAYLOR,False,Government - Hospital District or Authority,H_COMP_1_A_P,"Patients who reported that their nurses ""Always"" communicated well — Nurses ""always"" communicated well",86.0,32.0
451399,SEYMOUR HOSPITAL,BAYLOR,False,Government - Hospital District or Authority,H_COMP_2_A_P,"Patients who reported that their doctors ""Always"" communicated well — Doctors ""always"" communicated well",90.0,32.0
451399,SEYMOUR HOSPITAL,BAYLOR,False,Government - Hospital District or Authority,H_COMP_5_A_P,"Patients who reported that staff ""Always"" explained about medicines before giving it to them — Staff ""always"" explained",73.0,32.0
451399,SEYMOUR HOSPITAL,BAYLOR,False,Government - Hospital District or Authority,H_COMP_6_Y_P,"Patients who reported that YES, they were given information about what to do during their recovery at home — Yes, staff ""did"" give patients this information",92.0,32.0
451399,SEYMOUR HOSPITAL,BAYLOR,False,Government - Hospital District or Authority,H_HSP_RATING_9_10,"Patients who gave their hospital a rating of 9 or 10 on a scale from 0 (lowest) to 10 (highest) — Patients who gave a rating of ""9"" or ""10"" (high)",82.0,32.0
451399,SEYMOUR HOSPITAL,BAYLOR,False,Government - Hospital District or Authority,H_QUIET_HSP_A_P,"Patients who reported that the area around their room was ""Always"" quiet at night — ""Always"" quiet at night",80.0,32.0
451399,SEYMOUR HOSPITAL,BAYLOR,False,Government - Hospital District or Authority,H_RECMND_DY,"Patients who reported YES, they would definitely recommend the hospital — ""YES"", patients would definitely recommend the hospital",79.0,32.0
450571,SHANNON MEDICAL CENTER,TOM GREEN,False,Voluntary non-profit - Private,H_CLEAN_HSP_A_P,"Patients who reported that their room and bathroom were ""Always"" clean — Room was ""always"" clean",62.0,483.0
450571,SHANNON MEDICAL CENTER,TOM GREEN,False,Voluntary non-profit - Private,H_COMP_1_A_P,"Patients who reported that their nurses ""Always"" communicated well — Nurses ""always"" communicated well",75.0,483.0
450571,SHANNON MEDICAL CENTER,TOM GREEN,False,Voluntary non-profit - Private,H_COMP_2_A_P,"Patients who reported that their doctors ""Always"" communicated well — Doctors ""always"" communicated well",80.0,483.0
450571,SHANNON MEDICAL CENTER,TOM GREEN,False,Voluntary non-profit - Private,H_COMP_5_A_P,"Patients who reported that staff ""Always"" explained about medicines before giving it to them — Staff ""always"" explained",56.0,483.0
450571,SHANNON MEDICAL CENTER,TOM GREEN,False,Voluntary non-profit - Private,H_COMP_6_Y_P,"Patients who reported that YES, they were given information about what to do during their recovery at home — Yes, staff ""did"" give patients this information",86.0,483.0
450571,SHANNON MEDICAL CENTER,TOM GREEN,False,Voluntary non-profit - Private,H_HSP_RATING_9_10,"Patients who gave their hospital a rating of 9 or 10 on a scale from 0 (lowest) to 10 (highest) — Patients who gave a rating of ""9"" or ""10"" (high)",68.0,483.0
450571,SHANNON MEDICAL CENTER,TOM GREEN,False,Voluntary non-profit - Private,H_QUIET_HSP_A_P,"Patients who reported that the area around their room was ""Always"" quiet at night — ""Always"" quiet at night",63.0,483.0
450571,SHANNON MEDICAL CENTER,TOM GREEN,False,Voluntary non-profit - Private,H_RECMND_DY,"Patients who reported YES, they would definitely recommend the hospital — ""YES"", patients would definitely recommend the hospital",66.0,483.0
450668,SIERRA MEDICAL CENTER,EL PASO,False,Proprietary,H_CLEAN_HSP_A_P,"Patients who reported that their room and bathroom were ""Always"" clean — Room was ""always"" clean",62.0,1319.0
450668,SIERRA MEDICAL CENTER,EL PASO,False,Proprietary,H_COMP_1_A_P,"Patients who reported that their nurses ""Always"" communicated well — Nurses ""always"" communicated well",74.0,1319.0
450668,SIERRA MEDICAL CENTER,EL PASO,False,Proprietary,H_COMP_2_A_P,"Patients who reported that their doctors ""Always"" communicated well — Doctors ""always"" communicated well",77.0,1319.0
450668,SIERRA MEDICAL CENTER,EL PASO,False,Proprietary,H_COMP_5_A_P,"Patients who reported that staff ""Always"" explained about medicines before giving it to them — Staff ""always"" explained",57.0,1319.0
450668,SIERRA MEDICAL CENTER,EL PASO,False,Proprietary,H_COMP_6_Y_P,"Patients who reported that YES, they were given information about what to do during their recovery at home — Yes, staff ""did"" give patients this information",80.0,1319.0
450668,SIERRA MEDICAL CENTER,EL PASO,False,Proprietary,H_HSP_RATING_9_10,"Patients who gave their hospital a rating of 9 or 10 on a scale from 0 (lowest) to 10 (highest) — Patients who gave a rating of ""9"" or ""10"" (high)",63.0,1319.0
450668,SIERRA MEDICAL CENTER,EL PASO,False,Proprietary,H_QUIET_HSP_A_P,"Patients who reported that the area around their room was ""Always"" quiet at night — ""Always"" quiet at night",55.0,1319.0
450668,SIERRA MEDICAL CENTER,EL PASO,False,Proprietary,H_RECMND_DY,"Patients who reported YES, they would definitely recommend the hospital — ""YES"", patients would definitely recommend the hospital",64.0,1319.0
450119,SOUTH TEXAS HEALTH SYSTEM,HIDALGO,False,Proprietary,H_CLEAN_HSP_A_P,"Patients who reported that their room and bathroom were ""Always"" clean — Room was ""always"" clean",70.0,1529.0
450119,SOUTH TEXAS HEALTH SYSTEM,HIDALGO,False,Proprietary,H_COMP_1_A_P,"Patients who reported that their nurses ""Always"" communicated well — Nurses ""always"" communicated well",75.0,1529.0
450119,SOUTH TEXAS HEALTH SYSTEM,HIDALGO,False,Proprietary,H_COMP_2_A_P,"Patients who reported that their doctors ""Always"" communicated well — Doctors ""always"" communicated well",73.0,1529.0
450119,SOUTH TEXAS HEALTH SYSTEM,HIDALGO,False,Proprietary,H_COMP_5_A_P,"Patients who reported that staff ""Always"" explained about medicines before giving it to them — Staff ""always"" explained",57.0,1529.0
450119,SOUTH TEXAS HEALTH SYSTEM,HIDALGO,False,Proprietary,H_COMP_6_Y_P,"Patients who reported that YES, they were given information about what to do during their recovery at home — Yes, staff ""did"" give patients this information",81.0,1529.0
450119,SOUTH TEXAS HEALTH SYSTEM,HIDALGO,False,Proprietary,H_HSP_RATING_9_10,"Patients who gave their hospital a rating of 9 or 10 on a scale from 0 (lowest) to 10 (highest) — Patients who gave a rating of ""9"" or ""10"" (high)",67.0,1529.0
450119,SOUTH TEXAS HEALTH SYSTEM,HIDALGO,False,Proprietary,H_QUIET_HSP_A_P,"Patients who reported that the area around their room was ""Always"" quiet at night — ""Always"" quiet at night",62.0,1529.0
450119,SOUTH TEXAS HEALTH SYSTEM,HIDALGO,False,Proprietary,H_RECMND_DY,"Patients who reported YES, they would definitely recommend the hospital — ""YES"", patients would definitely recommend the hospital",67.0,1529.0
450856,SOUTH TEXAS SPINE AND SURGICAL HOSPITAL,BEXAR,False,Physician,H_CLEAN_HSP_A_P,"Patients who reported that their room and bathroom were ""Always"" clean — Room was ""always"" clean",76.0,291.0
450856,SOUTH TEXAS SPINE AND SURGICAL HOSPITAL,BEXAR,False,Physician,H_COMP_1_A_P,"Patients who reported that their nurses ""Always"" communicated well — Nurses ""always"" communicated well",86.0,291.0
450856,SOUTH TEXAS SPINE AND SURGICAL HOSPITAL,BEXAR,False,Physician,H_COMP_2_A_P,"Patients who reported that their doctors ""Always"" communicated well — Doctors ""always"" communicated well",84.0,291.0
450856,SOUTH TEXAS SPINE AND SURGICAL HOSPITAL,BEXAR,False,Physician,H_COMP_5_A_P,"Patients who reported that staff ""Always"" explained about medicines before giving it to them — Staff ""always"" explained",68.0,291.0
450856,SOUTH TEXAS SPINE AND SURGICAL HOSPITAL,BEXAR,False,Physician,H_COMP_6_Y_P,"Patients who reported that YES, they were given information about what to do during their recovery at home — Yes, staff ""did"" give patients this information",89.0,291.0
450856,SOUTH TEXAS SPINE AND SURGICAL HOSPITAL,BEXAR,False,Physician,H_HSP_RATING_9_10,"Patients who gave their hospital a rating of 9 or 10 on a scale from 0 (lowest) to 10 (highest) — Patients who gave a rating of ""9"" or ""10"" (high)",83.0,291.0
450856,SOUTH TEXAS SPINE AND SURGICAL HOSPITAL,BEXAR,False,Physician,H_QUIET_HSP_A_P,"Patients who reported that the area around their room was ""Always"" quiet at night — ""Always"" quiet at night",74.0,291.0
450856,SOUTH TEXAS SPINE AND SURGICAL HOSPITAL,BEXAR,False,Physician,H_RECMND_DY,"Patients who reported YES, they would definitely recommend the hospital — ""YES"", patients would definitely recommend the hospital",83.0,291.0
450431,ST DAVID'S MEDICAL CENTER,TRAVIS,False,Proprietary,H_CLEAN_HSP_A_P,"Patients who reported that their room and bathroom were ""Always"" clean — Room was ""always"" clean",75.0,1827.0
450431,ST DAVID'S MEDICAL CENTER,TRAVIS,False,Proprietary,H_COMP_1_A_P,"Patients who reported that their nurses ""Always"" communicated well — Nurses ""always"" communicated well",77.0,1827.0
450431,ST DAVID'S MEDICAL CENTER,TRAVIS,False,Proprietary,H_COMP_2_A_P,"Patients who reported that their doctors ""Always"" communicated well — Doctors ""always"" communicated well",78.0,1827.0
450431,ST DAVID'S MEDICAL CENTER,TRAVIS,False,Proprietary,H_COMP_5_A_P,"Patients who reported that staff ""Always"" explained about medicines before giving it to them — Staff ""always"" explained",61.0,1827.0
450431,ST DAVID'S MEDICAL CENTER,TRAVIS,False,Proprietary,H_COMP_6_Y_P,"Patients who reported that YES, they were given information about what to do during their recovery at home — Yes, staff ""did"" give patients this information",84.0,1827.0
450431,ST DAVID'S MEDICAL CENTER,TRAVIS,False,Proprietary,H_HSP_RATING_9_10,"Patients who gave their hospital a rating of 9 or 10 on a scale from 0 (lowest) to 10 (highest) — Patients who gave a rating of ""9"" or ""10"" (high)",73.0,1827.0
450431,ST DAVID'S MEDICAL CENTER,TRAVIS,False,Proprietary,H_QUIET_HSP_A_P,"Patients who reported that the area around their room was ""Always"" quiet at night — ""Always"" quiet at night",64.0,1827.0
450431,ST DAVID'S MEDICAL CENTER,TRAVIS,False,Proprietary,H_RECMND_DY,"Patients who reported YES, they would definitely recommend the hospital — ""YES"", patients would definitely recommend the hospital",75.0,1827.0
450713,ST DAVID'S SOUTH AUSTIN MEDICAL CENTER,TRAVIS,False,Proprietary,H_CLEAN_HSP_A_P,"Patients who reported that their room and bathroom were ""Always"" clean — Room was ""always"" clean",76.0,574.0
450713,ST DAVID'S SOUTH AUSTIN MEDICAL CENTER,TRAVIS,False,Proprietary,H_COMP_1_A_P,"Patients who reported that their nurses ""Always"" communicated well — Nurses ""always"" communicated well",76.0,574.0
450713,ST DAVID'S SOUTH AUSTIN MEDICAL CENTER,TRAVIS,False,Proprietary,H_COMP_2_A_P,"Patients who reported that their doctors ""Always"" communicated well — Doctors ""always"" communicated well",76.0,574.0
450713,ST DAVID'S SOUTH AUSTIN MEDICAL CENTER,TRAVIS,False,Proprietary,H_COMP_5_A_P,"Patients who reported that staff ""Always"" explained about medicines before giving it to them — Staff ""always"" explained",56.0,574.0
450713,ST DAVID'S SOUTH AUSTIN MEDICAL CENTER,TRAVIS,False,Proprietary,H_COMP_6_Y_P,"Patients who reported that YES, they were given information about what to do during their recovery at home — Yes, staff ""did"" give patients this information",84.0,574.0
450713,ST DAVID'S SOUTH AUSTIN MEDICAL CENTER,TRAVIS,False,Proprietary,H_HSP_RATING_9_10,"Patients who gave their hospital a rating of 9 or 10 on a scale from 0 (lowest) to 10 (highest) — Patients who gave a rating of ""9"" or ""10"" (high)",66.0,574.0
450713,ST DAVID'S SOUTH AUSTIN MEDICAL CENTER,TRAVIS,False,Proprietary,H_QUIET_HSP_A_P,"Patients who reported that the area around their room was ""Always"" quiet at night — ""Always"" quiet at night",57.0,574.0
450713,ST DAVID'S SOUTH AUSTIN MEDICAL CENTER,TRAVIS,False,Proprietary,H_RECMND_DY,"Patients who reported YES, they would definitely recommend the hospital — ""YES"", patients would definitely recommend the hospital",70.0,574.0
450035,ST JOSEPH MEDICAL CENTER,HARRIS,True,Physician,H_CLEAN_HSP_A_P,"Patients who reported that their room and bathroom were ""Always"" clean — Room was ""always"" clean",77.0,267.0
450035,ST JOSEPH MEDICAL CENTER,HARRIS,True,Physician,H_COMP_1_A_P,"Patients who reported that their nurses ""Always"" communicated well — Nurses ""always"" communicated well",72.0,267.0
450035,ST JOSEPH MEDICAL CENTER,HARRIS,True,Physician,H_COMP_2_A_P,"Patients who reported that their doctors ""Always"" communicated well — Doctors ""always"" communicated well",73.0,267.0
450035,ST JOSEPH MEDICAL CENTER,HARRIS,True,Physician,H_COMP_5_A_P,"Patients who reported that staff ""Always"" explained about medicines before giving it to them — Staff ""always"" explained",56.0,267.0
450035,ST JOSEPH MEDICAL CENTER,HARRIS,True,Physician,H_COMP_6_Y_P,"Patients who reported that YES, they were given information about what to do during their recovery at home — Yes, staff ""did"" give patients this information",74.0,267.0
450035,ST JOSEPH MEDICAL CENTER,HARRIS,True,Physician,H_HSP_RATING_9_10,"Patients who gave their hospital a rating of 9 or 10 on a scale from 0 (lowest) to 10 (highest) — Patients who gave a rating of ""9"" or ""10"" (high)",58.0,267.0
450035,ST JOSEPH MEDICAL CENTER,HARRIS,True,Physician,H_QUIET_HSP_A_P,"Patients who reported that the area around their room was ""Always"" quiet at night — ""Always"" quiet at night",59.0,267.0
450035,ST JOSEPH MEDICAL CENTER,HARRIS,True,Physician,H_RECMND_DY,"Patients who reported YES, they would definitely recommend the hospital — ""YES"", patients would definitely recommend the hospital",55.0,267.0
670075,ST LUKE'S HOSPITAL AT THE VINTAGE,HARRIS,True,Voluntary non-profit - Private,H_CLEAN_HSP_A_P,"Patients who reported that their room and bathroom were ""Always"" clean — Room was ""always"" clean",78.0,432.0
670075,ST LUKE'S HOSPITAL AT THE VINTAGE,HARRIS,True,Voluntary non-profit - Private,H_COMP_1_A_P,"Patients who reported that their nurses ""Always"" communicated well — Nurses ""always"" communicated well",81.0,432.0
670075,ST LUKE'S HOSPITAL AT THE VINTAGE,HARRIS,True,Voluntary non-profit - Private,H_COMP_2_A_P,"Patients who reported that their doctors ""Always"" communicated well — Doctors ""always"" communicated well",77.0,432.0
670075,ST LUKE'S HOSPITAL AT THE VINTAGE,HARRIS,True,Voluntary non-profit - Private,H_COMP_5_A_P,"Patients who reported that staff ""Always"" explained about medicines before giving it to them — Staff ""always"" explained",63.0,432.0
670075,ST LUKE'S HOSPITAL AT THE VINTAGE,HARRIS,True,Voluntary non-profit - Private,H_COMP_6_Y_P,"Patients who reported that YES, they were given information about what to do during their recovery at home — Yes, staff ""did"" give patients this information",83.0,432.0
670075,ST LUKE'S HOSPITAL AT THE VINTAGE,HARRIS,True,Voluntary non-profit - Private,H_HSP_RATING_9_10,"Patients who gave their hospital a rating of 9 or 10 on a scale from 0 (lowest) to 10 (highest) — Patients who gave a rating of ""9"" or ""10"" (high)",79.0,432.0
670075,ST LUKE'S HOSPITAL AT THE VINTAGE,HARRIS,True,Voluntary non-profit - Private,H_QUIET_HSP_A_P,"Patients who reported that the area around their room was ""Always"" quiet at night — ""Always"" quiet at night",62.0,432.0
670075,ST LUKE'S HOSPITAL AT THE VINTAGE,HARRIS,True,Voluntary non-profit - Private,H_RECMND_DY,"Patients who reported YES, they would definitely recommend the hospital — ""YES"", patients would definitely recommend the hospital",81.0,432.0
670031,ST LUKE'S PATIENTS MEDICAL CENTER,HARRIS,True,Proprietary,H_CLEAN_HSP_A_P,"Patients who reported that their room and bathroom were ""Always"" clean — Room was ""always"" clean",63.0,389.0
670031,ST LUKE'S PATIENTS MEDICAL CENTER,HARRIS,True,Proprietary,H_COMP_1_A_P,"Patients who reported that their nurses ""Always"" communicated well — Nurses ""always"" communicated well",76.0,389.0
670031,ST LUKE'S PATIENTS MEDICAL CENTER,HARRIS,True,Proprietary,H_COMP_2_A_P,"Patients who reported that their doctors ""Always"" communicated well — Doctors ""always"" communicated well",72.0,389.0
670031,ST LUKE'S PATIENTS MEDICAL CENTER,HARRIS,True,Proprietary,H_COMP_5_A_P,"Patients who reported that staff ""Always"" explained about medicines before giving it to them — Staff ""always"" explained",60.0,389.0
670031,ST LUKE'S PATIENTS MEDICAL CENTER,HARRIS,True,Proprietary,H_COMP_6_Y_P,"Patients who reported that YES, they were given information about what to do during their recovery at home — Yes, staff ""did"" give patients this information",79.0,389.0
670031,ST LUKE'S PATIENTS MEDICAL CENTER,HARRIS,True,Proprietary,H_HSP_RATING_9_10,"Patients who gave their hospital a rating of 9 or 10 on a scale from 0 (lowest) to 10 (highest) — Patients who gave a rating of ""9"" or ""10"" (high)",69.0,389.0
670031,ST LUKE'S PATIENTS MEDICAL CENTER,HARRIS,True,Proprietary,H_QUIET_HSP_A_P,"Patients who reported that the area around their room was ""Always"" quiet at night — ""Always"" quiet at night",59.0,389.0
670031,ST LUKE'S PATIENTS MEDICAL CENTER,HARRIS,True,Proprietary,H_RECMND_DY,"Patients who reported YES, they would definitely recommend the hospital — ""YES"", patients would definitely recommend the hospital",67.0,389.0
670053,ST LUKE'S SUGAR LAND HOSPITAL,FORT BEND,True,Voluntary non-profit - Private,H_CLEAN_HSP_A_P,"Patients who reported that their room and bathroom were ""Always"" clean — Room was ""always"" clean",76.0,317.0
670053,ST LUKE'S SUGAR LAND HOSPITAL,FORT BEND,True,Voluntary non-profit - Private,H_COMP_1_A_P,"Patients who reported that their nurses ""Always"" communicated well — Nurses ""always"" communicated well",72.0,317.0
670053,ST LUKE'S SUGAR LAND HOSPITAL,FORT BEND,True,Voluntary non-profit - Private,H_COMP_2_A_P,"Patients who reported that their doctors ""Always"" communicated well — Doctors ""always"" communicated well",77.0,317.0
670053,ST LUKE'S SUGAR LAND HOSPITAL,FORT BEND,True,Voluntary non-profit - Private,H_COMP_5_A_P,"Patients who reported that staff ""Always"" explained about medicines before giving it to them — Staff ""always"" explained",56.0,317.0
670053,ST LUKE'S SUGAR LAND HOSPITAL,FORT BEND,True,Voluntary non-profit - Private,H_COMP_6_Y_P,"Patients who reported that YES, they were given information about what to do during their recovery at home — Yes, staff ""did"" give patients this information",85.0,317.0
670053,ST LUKE'S SUGAR LAND HOSPITAL,FORT BEND,True,Voluntary non-profit - Private,H_HSP_RATING_9_10,"Patients who gave their hospital a rating of 9 or 10 on a scale from 0 (lowest) to 10 (highest) — Patients who gave a rating of ""9"" or ""10"" (high)",65.0,317.0
670053,ST LUKE'S SUGAR LAND HOSPITAL,FORT BEND,True,Voluntary non-profit - Private,H_QUIET_HSP_A_P,"Patients who reported that the area around their room was ""Always"" quiet at night — ""Always"" quiet at night",55.0,317.0
670053,ST LUKE'S SUGAR LAND HOSPITAL,FORT BEND,True,Voluntary non-profit - Private,H_RECMND_DY,"Patients who reported YES, they would definitely recommend the hospital — ""YES"", patients would definitely recommend the hospital",63.0,317.0
450862,ST LUKE'S THE WOODLANDS HOSPITAL,MONTGOMERY,True,Voluntary non-profit - Private,H_CLEAN_HSP_A_P,"Patients who reported that their room and bathroom were ""Always"" clean — Room was ""always"" clean",75.0,452.0
450862,ST LUKE'S THE WOODLANDS HOSPITAL,MONTGOMERY,True,Voluntary non-profit - Private,H_COMP_1_A_P,"Patients who reported that their nurses ""Always"" communicated well — Nurses ""always"" communicated well",82.0,452.0
450862,ST LUKE'S THE WOODLANDS HOSPITAL,MONTGOMERY,True,Voluntary non-profit - Private,H_COMP_2_A_P,"Patients who reported that their doctors ""Always"" communicated well — Doctors ""always"" communicated well",77.0,452.0
450862,ST LUKE'S THE WOODLANDS HOSPITAL,MONTGOMERY,True,Voluntary non-profit - Private,H_COMP_5_A_P,"Patients who reported that staff ""Always"" explained about medicines before giving it to them — Staff ""always"" explained",63.0,452.0
450862,ST LUKE'S THE WOODLANDS HOSPITAL,MONTGOMERY,True,Voluntary non-profit - Private,H_COMP_6_Y_P,"Patients who reported that YES, they were given information about what to do during their recovery at home — Yes, staff ""did"" give patients this information",86.0,452.0
450862,ST LUKE'S THE WOODLANDS HOSPITAL,MONTGOMERY,True,Voluntary non-profit - Private,H_HSP_RATING_9_10,"Patients who gave their hospital a rating of 9 or 10 on a scale from 0 (lowest) to 10 (highest) — Patients who gave a rating of ""9"" or ""10"" (high)",78.0,452.0
450862,ST LUKE'S THE WOODLANDS HOSPITAL,MONTGOMERY,True,Voluntary non-profit - Private,H_QUIET_HSP_A_P,"Patients who reported that the area around their room was ""Always"" quiet at night — ""Always"" quiet at night",65.0,452.0
450862,ST LUKE'S THE WOODLANDS HOSPITAL,MONTGOMERY,True,Voluntary non-profit - Private,H_RECMND_DY,"Patients who reported YES, they would definitely recommend the hospital — ""YES"", patients would definitely recommend the hospital",78.0,452.0
450654,STARR COUNTY MEMORIAL HOSPITAL,STARR,False,Government - Hospital District or Authority,H_CLEAN_HSP_A_P,"Patients who reported that their room and bathroom were ""Always"" clean — Room was ""always"" clean",82.0,62.0
450654,STARR COUNTY MEMORIAL HOSPITAL,STARR,False,Government - Hospital District or Authority,H_COMP_1_A_P,"Patients who reported that their nurses ""Always"" communicated well — Nurses ""always"" communicated well",82.0,62.0
450654,STARR COUNTY MEMORIAL HOSPITAL,STARR,False,Government - Hospital District or Authority,H_COMP_2_A_P,"Patients who reported that their doctors ""Always"" communicated well — Doctors ""always"" communicated well",84.0,62.0
450654,STARR COUNTY MEMORIAL HOSPITAL,STARR,False,Government - Hospital District or Authority,H_COMP_5_A_P,"Patients who reported that staff ""Always"" explained about medicines before giving it to them — Staff ""always"" explained",71.0,62.0
450654,STARR COUNTY MEMORIAL HOSPITAL,STARR,False,Government - Hospital District or Authority,H_COMP_6_Y_P,"Patients who reported that YES, they were given information about what to do during their recovery at home — Yes, staff ""did"" give patients this information",90.0,62.0
450654,STARR COUNTY MEMORIAL HOSPITAL,STARR,False,Government - Hospital District or Authority,H_HSP_RATING_9_10,"Patients who gave their hospital a rating of 9 or 10 on a scale from 0 (lowest) to 10 (highest) — Patients who gave a rating of ""9"" or ""10"" (high)",67.0,62.0
450654,STARR COUNTY MEMORIAL HOSPITAL,STARR,False,Government - Hospital District or Authority,H_QUIET_HSP_A_P,"Patients who reported that the area around their room was ""Always"" quiet at night — ""Always"" quiet at night",72.0,62.0
450654,STARR COUNTY MEMORIAL HOSPITAL,STARR,False,Government - Hospital District or Authority,H_RECMND_DY,"Patients who reported YES, they would definitely recommend the hospital — ""YES"", patients would definitely recommend the hospital",62.0,62.0
450860,SUGAR LAND SURGICAL HOSPITAL LLP,FORT BEND,True,Physician,H_CLEAN_HSP_A_P,"Patients who reported that their room and bathroom were ""Always"" clean — Room was ""always"" clean",79.0,35.0
450860,SUGAR LAND SURGICAL HOSPITAL LLP,FORT BEND,True,Physician,H_COMP_1_A_P,"Patients who reported that their nurses ""Always"" communicated well — Nurses ""always"" communicated well",81.0,35.0
450860,SUGAR LAND SURGICAL HOSPITAL LLP,FORT BEND,True,Physician,H_COMP_2_A_P,"Patients who reported that their doctors ""Always"" communicated well — Doctors ""always"" communicated well",82.0,35.0
450860,SUGAR LAND SURGICAL HOSPITAL LLP,FORT BEND,True,Physician,H_COMP_5_A_P,"Patients who reported that staff ""Always"" explained about medicines before giving it to them — Staff ""always"" explained",73.0,35.0
450860,SUGAR LAND SURGICAL HOSPITAL LLP,FORT BEND,True,Physician,H_COMP_6_Y_P,"Patients who reported that YES, they were given information about what to do during their recovery at home — Yes, staff ""did"" give patients this information",88.0,35.0
450860,SUGAR LAND SURGICAL HOSPITAL LLP,FORT BEND,True,Physician,H_HSP_RATING_9_10,"Patients who gave their hospital a rating of 9 or 10 on a scale from 0 (lowest) to 10 (highest) — Patients who gave a rating of ""9"" or ""10"" (high)",88.0,35.0
450860,SUGAR LAND SURGICAL HOSPITAL LLP,FORT BEND,True,Physician,H_QUIET_HSP_A_P,"Patients who reported that the area around their room was ""Always"" quiet at night — ""Always"" quiet at night",75.0,35.0
450860,SUGAR LAND SURGICAL HOSPITAL LLP,FORT BEND,True,Physician,H_RECMND_DY,"Patients who reported YES, they would definitely recommend the hospital — ""YES"", patients would definitely recommend the hospital",82.0,35.0
451311,SWEENY COMMUNITY HOSPITAL,BRAZORIA,True,Government - Hospital District or Authority,H_CLEAN_HSP_A_P,"Patients who reported that their room and bathroom were ""Always"" clean — Room was ""always"" clean",78.0,44.0
451311,SWEENY COMMUNITY HOSPITAL,BRAZORIA,True,Government - Hospital District or Authority,H_COMP_1_A_P,"Patients who reported that their nurses ""Always"" communicated well — Nurses ""always"" communicated well",90.0,44.0
451311,SWEENY COMMUNITY HOSPITAL,BRAZORIA,True,Government - Hospital District or Authority,H_COMP_2_A_P,"Patients who reported that their doctors ""Always"" communicated well — Doctors ""always"" communicated well",78.0,44.0
451311,SWEENY COMMUNITY HOSPITAL,BRAZORIA,True,Government - Hospital District or Authority,H_COMP_5_A_P,"Patients who reported that staff ""Always"" explained about medicines before giving it to them — Staff ""always"" explained",59.0,44.0
451311,SWEENY COMMUNITY HOSPITAL,BRAZORIA,True,Government - Hospital District or Authority,H_COMP_6_Y_P,"Patients who reported that YES, they were given information about what to do during their recovery at home — Yes, staff ""did"" give patients this information",89.0,44.0
451311,SWEENY COMMUNITY HOSPITAL,BRAZORIA,True,Government - Hospital District or Authority,H_HSP_RATING_9_10,"Patients who gave their hospital a rating of 9 or 10 on a scale from 0 (lowest) to 10 (highest) — Patients who gave a rating of ""9"" or ""10"" (high)",78.0,44.0
451311,SWEENY COMMUNITY HOSPITAL,BRAZORIA,True,Government - Hospital District or Authority,H_QUIET_HSP_A_P,"Patients who reported that the area around their room was ""Always"" quiet at night — ""Always"" quiet at night",70.0,44.0
451311,SWEENY COMMUNITY HOSPITAL,BRAZORIA,True,Government - Hospital District or Authority,H_RECMND_DY,"Patients who reported YES, they would definitely recommend the hospital — ""YES"", patients would definitely recommend the hospital",79.0,44.0
45086F,TEMPLE VA MEDICAL CENTER (VA CENTRAL TEXAS HEALTHCARE SYSTEM),BELL,False,Veterans Health Administration,H_CLEAN_HSP_A_P,"Patients who reported that their room and bathroom were ""Always"" clean — Room was ""always"" clean",78.0,480.0
45086F,TEMPLE VA MEDICAL CENTER (VA CENTRAL TEXAS HEALTHCARE SYSTEM),BELL,False,Veterans Health Administration,H_COMP_1_A_P,"Patients who reported that their nurses ""Always"" communicated well — Nurses ""always"" communicated well",88.0,480.0
45086F,TEMPLE VA MEDICAL CENTER (VA CENTRAL TEXAS HEALTHCARE SYSTEM),BELL,False,Veterans Health Administration,H_COMP_2_A_P,"Patients who reported that their doctors ""Always"" communicated well — Doctors ""always"" communicated well",85.0,480.0
45086F,TEMPLE VA MEDICAL CENTER (VA CENTRAL TEXAS HEALTHCARE SYSTEM),BELL,False,Veterans Health Administration,H_COMP_5_A_P,"Patients who reported that staff ""Always"" explained about medicines before giving it to them — Staff ""always"" explained",76.0,480.0
45086F,TEMPLE VA MEDICAL CENTER (VA CENTRAL TEXAS HEALTHCARE SYSTEM),BELL,False,Veterans Health Administration,H_COMP_6_Y_P,"Patients who reported that YES, they were given information about what to do during their recovery at home — Yes, staff ""did"" give patients this information",88.0,480.0
45086F,TEMPLE VA MEDICAL CENTER (VA CENTRAL TEXAS HEALTHCARE SYSTEM),BELL,False,Veterans Health Administration,H_HSP_RATING_9_10,"Patients who gave their hospital a rating of 9 or 10 on a scale from 0 (lowest) to 10 (highest) — Patients who gave a rating of ""9"" or ""10"" (high)",81.0,480.0
45086F,TEMPLE VA MEDICAL CENTER (VA CENTRAL TEXAS HEALTHCARE SYSTEM),BELL,False,Veterans Health Administration,H_QUIET_HSP_A_P,"Patients who reported that the area around their room was ""Always"" quiet at night — ""Always"" quiet at night",63.0,480.0
45086F,TEMPLE VA MEDICAL CENTER (VA CENTRAL TEXAS HEALTHCARE SYSTEM),BELL,False,Veterans Health Administration,H_RECMND_DY,"Patients who reported YES, they would definitely recommend the hospital — ""YES"", patients would definitely recommend the hospital",77.0,480.0
450064,TEXAS HEALTH ARLINGTON MEMORIAL HOSPITAL,TARRANT,False,Voluntary non-profit - Private,H_CLEAN_HSP_A_P,"Patients who reported that their room and bathroom were ""Always"" clean — Room was ""always"" clean",81.0,889.0
450064,TEXAS HEALTH ARLINGTON MEMORIAL HOSPITAL,TARRANT,False,Voluntary non-profit - Private,H_COMP_1_A_P,"Patients who reported that their nurses ""Always"" communicated well — Nurses ""always"" communicated well",76.0,889.0
450064,TEXAS HEALTH ARLINGTON MEMORIAL HOSPITAL,TARRANT,False,Voluntary non-profit - Private,H_COMP_2_A_P,"Patients who reported that their doctors ""Always"" communicated well — Doctors ""always"" communicated well",75.0,889.0
450064,TEXAS HEALTH ARLINGTON MEMORIAL HOSPITAL,TARRANT,False,Voluntary non-profit - Private,H_COMP_5_A_P,"Patients who reported that staff ""Always"" explained about medicines before giving it to them — Staff ""always"" explained",60.0,889.0
450064,TEXAS HEALTH ARLINGTON MEMORIAL HOSPITAL,TARRANT,False,Voluntary non-profit - Private,H_COMP_6_Y_P,"Patients who reported that YES, they were given information about what to do during their recovery at home — Yes, staff ""did"" give patients this information",87.0,889.0
450064,TEXAS HEALTH ARLINGTON MEMORIAL HOSPITAL,TARRANT,False,Voluntary non-profit - Private,H_HSP_RATING_9_10,"Patients who gave their hospital a rating of 9 or 10 on a scale from 0 (lowest) to 10 (highest) — Patients who gave a rating of ""9"" or ""10"" (high)",70.0,889.0
450064,TEXAS HEALTH ARLINGTON MEMORIAL HOSPITAL,TARRANT,False,Voluntary non-profit - Private,H_QUIET_HSP_A_P,"Patients who reported that the area around their room was ""Always"" quiet at night — ""Always"" quiet at night",64.0,889.0
450064,TEXAS HEALTH ARLINGTON MEMORIAL HOSPITAL,TARRANT,False,Voluntary non-profit - Private,H_RECMND_DY,"Patients who reported YES, they would definitely recommend the hospital — ""YES"", patients would definitely recommend the hospital",73.0,889.0
450891,TEXAS HEALTH CENTER FOR DIAGNOSTICS & SURGERY PLAN,COLLIN,False,Physician,H_CLEAN_HSP_A_P,"Patients who reported that their room and bathroom were ""Always"" clean — Room was ""always"" clean",86.0,126.0
450891,TEXAS HEALTH CENTER FOR DIAGNOSTICS & SURGERY PLAN,COLLIN,False,Physician,H_COMP_1_A_P,"Patients who reported that their nurses ""Always"" communicated well — Nurses ""always"" communicated well",88.0,126.0
450891,TEXAS HEALTH CENTER FOR DIAGNOSTICS & SURGERY PLAN,COLLIN,False,Physician,H_COMP_2_A_P,"Patients who reported that their doctors ""Always"" communicated well — Doctors ""always"" communicated well",84.0,126.0
450891,TEXAS HEALTH CENTER FOR DIAGNOSTICS & SURGERY PLAN,COLLIN,False,Physician,H_COMP_5_A_P,"Patients who reported that staff ""Always"" explained about medicines before giving it to them — Staff ""always"" explained",73.0,126.0
450891,TEXAS HEALTH CENTER FOR DIAGNOSTICS & SURGERY PLAN,COLLIN,False,Physician,H_COMP_6_Y_P,"Patients who reported that YES, they were given information about what to do during their recovery at home — Yes, staff ""did"" give patients this information",86.0,126.0
450891,TEXAS HEALTH CENTER FOR DIAGNOSTICS & SURGERY PLAN,COLLIN,False,Physician,H_HSP_RATING_9_10,"Patients who gave their hospital a rating of 9 or 10 on a scale from 0 (lowest) to 10 (highest) — Patients who gave a rating of ""9"" or ""10"" (high)",87.0,126.0
450891,TEXAS HEALTH CENTER FOR DIAGNOSTICS & SURGERY PLAN,COLLIN,False,Physician,H_QUIET_HSP_A_P,"Patients who reported that the area around their room was ""Always"" quiet at night — ""Always"" quiet at night",83.0,126.0
450891,TEXAS HEALTH CENTER FOR DIAGNOSTICS & SURGERY PLAN,COLLIN,False,Physician,H_RECMND_DY,"Patients who reported YES, they would definitely recommend the hospital — ""YES"", patients would definitely recommend the hospital",87.0,126.0
450135,TEXAS HEALTH HARRIS METHODIST FORT WORTH,TARRANT,False,Voluntary non-profit - Private,H_CLEAN_HSP_A_P,"Patients who reported that their room and bathroom were ""Always"" clean — Room was ""always"" clean",70.0,3735.0
450135,TEXAS HEALTH HARRIS METHODIST FORT WORTH,TARRANT,False,Voluntary non-profit - Private,H_COMP_1_A_P,"Patients who reported that their nurses ""Always"" communicated well — Nurses ""always"" communicated well",78.0,3735.0
450135,TEXAS HEALTH HARRIS METHODIST FORT WORTH,TARRANT,False,Voluntary non-profit - Private,H_COMP_2_A_P,"Patients who reported that their doctors ""Always"" communicated well — Doctors ""always"" communicated well",76.0,3735.0
450135,TEXAS HEALTH HARRIS METHODIST FORT WORTH,TARRANT,False,Voluntary non-profit - Private,H_COMP_5_A_P,"Patients who reported that staff ""Always"" explained about medicines before giving it to them — Staff ""always"" explained",60.0,3735.0
450135,TEXAS HEALTH HARRIS METHODIST FORT WORTH,TARRANT,False,Voluntary non-profit - Private,H_COMP_6_Y_P,"Patients who reported that YES, they were given information about what to do during their recovery at home — Yes, staff ""did"" give patients this information",88.0,3735.0
450135,TEXAS HEALTH HARRIS METHODIST FORT WORTH,TARRANT,False,Voluntary non-profit - Private,H_HSP_RATING_9_10,"Patients who gave their hospital a rating of 9 or 10 on a scale from 0 (lowest) to 10 (highest) — Patients who gave a rating of ""9"" or ""10"" (high)",75.0,3735.0
450135,TEXAS HEALTH HARRIS METHODIST FORT WORTH,TARRANT,False,Voluntary non-profit - Private,H_QUIET_HSP_A_P,"Patients who reported that the area around their room was ""Always"" quiet at night — ""Always"" quiet at night",59.0,3735.0
450135,TEXAS HEALTH HARRIS METHODIST FORT WORTH,TARRANT,False,Voluntary non-profit - Private,H_RECMND_DY,"Patients who reported YES, they would definitely recommend the hospital — ""YES"", patients would definitely recommend the hospital",76.0,3735.0
670085,TEXAS HEALTH HARRIS METHODIST HOSPITAL ALLIANCE,TARRANT,False,Voluntary non-profit - Private,H_CLEAN_HSP_A_P,"Patients who reported that their room and bathroom were ""Always"" clean — Room was ""always"" clean",67.0,650.0
670085,TEXAS HEALTH HARRIS METHODIST HOSPITAL ALLIANCE,TARRANT,False,Voluntary non-profit - Private,H_COMP_1_A_P,"Patients who reported that their nurses ""Always"" communicated well — Nurses ""always"" communicated well",76.0,650.0
670085,TEXAS HEALTH HARRIS METHODIST HOSPITAL ALLIANCE,TARRANT,False,Voluntary non-profit - Private,H_COMP_2_A_P,"Patients who reported that their doctors ""Always"" communicated well — Doctors ""always"" communicated well",75.0,650.0
670085,TEXAS HEALTH HARRIS METHODIST HOSPITAL ALLIANCE,TARRANT,False,Voluntary non-profit - Private,H_COMP_5_A_P,"Patients who reported that staff ""Always"" explained about medicines before giving it to them — Staff ""always"" explained",58.0,650.0
670085,TEXAS HEALTH HARRIS METHODIST HOSPITAL ALLIANCE,TARRANT,False,Voluntary non-profit - Private,H_COMP_6_Y_P,"Patients who reported that YES, they were given information about what to do during their recovery at home — Yes, staff ""did"" give patients this information",88.0,650.0
670085,TEXAS HEALTH HARRIS METHODIST HOSPITAL ALLIANCE,TARRANT,False,Voluntary non-profit - Private,H_HSP_RATING_9_10,"Patients who gave their hospital a rating of 9 or 10 on a scale from 0 (lowest) to 10 (highest) — Patients who gave a rating of ""9"" or ""10"" (high)",71.0,650.0
670085,TEXAS HEALTH HARRIS METHODIST HOSPITAL ALLIANCE,TARRANT,False,Voluntary non-profit - Private,H_QUIET_HSP_A_P,"Patients who reported that the area around their room was ""Always"" quiet at night — ""Always"" quiet at night",60.0,650.0
670085,TEXAS HEALTH HARRIS METHODIST HOSPITAL ALLIANCE,TARRANT,False,Voluntary non-profit - Private,H_RECMND_DY,"Patients who reported YES, they would definitely recommend the hospital — ""YES"", patients would definitely recommend the hospital",72.0,650.0
450419,TEXAS HEALTH HARRIS METHODIST HOSPITAL AZLE,TARRANT,False,Voluntary non-profit - Private,H_CLEAN_HSP_A_P,"Patients who reported that their room and bathroom were ""Always"" clean — Room was ""always"" clean",78.0,196.0
450419,TEXAS HEALTH HARRIS METHODIST HOSPITAL AZLE,TARRANT,False,Voluntary non-profit - Private,H_COMP_1_A_P,"Patients who reported that their nurses ""Always"" communicated well — Nurses ""always"" communicated well",79.0,196.0
450419,TEXAS HEALTH HARRIS METHODIST HOSPITAL AZLE,TARRANT,False,Voluntary non-profit - Private,H_COMP_2_A_P,"Patients who reported that their doctors ""Always"" communicated well — Doctors ""always"" communicated well",80.0,196.0
450419,TEXAS HEALTH HARRIS METHODIST HOSPITAL AZLE,TARRANT,False,Voluntary non-profit - Private,H_COMP_5_A_P,"Patients who reported that staff ""Always"" explained about medicines before giving it to them — Staff ""always"" explained",60.0,196.0
450419,TEXAS HEALTH HARRIS METHODIST HOSPITAL AZLE,TARRANT,False,Voluntary non-profit - Private,H_COMP_6_Y_P,"Patients who reported that YES, they were given information about what to do during their recovery at home — Yes, staff ""did"" give patients this information",88.0,196.0
450419,TEXAS HEALTH HARRIS METHODIST HOSPITAL AZLE,TARRANT,False,Voluntary non-profit - Private,H_HSP_RATING_9_10,"Patients who gave their hospital a rating of 9 or 10 on a scale from 0 (lowest) to 10 (highest) — Patients who gave a rating of ""9"" or ""10"" (high)",67.0,196.0
450419,TEXAS HEALTH HARRIS METHODIST HOSPITAL AZLE,TARRANT,False,Voluntary non-profit - Private,H_QUIET_HSP_A_P,"Patients who reported that the area around their room was ""Always"" quiet at night — ""Always"" quiet at night",58.0,196.0
450419,TEXAS HEALTH HARRIS METHODIST HOSPITAL AZLE,TARRANT,False,Voluntary non-profit - Private,H_RECMND_DY,"Patients who reported YES, they would definitely recommend the hospital — ""YES"", patients would definitely recommend the hospital",67.0,196.0
450148,TEXAS HEALTH HARRIS METHODIST HOSPITAL CLEBURNE,JOHNSON,False,Voluntary non-profit - Private,H_CLEAN_HSP_A_P,"Patients who reported that their room and bathroom were ""Always"" clean — Room was ""always"" clean",76.0,327.0
450148,TEXAS HEALTH HARRIS METHODIST HOSPITAL CLEBURNE,JOHNSON,False,Voluntary non-profit - Private,H_COMP_1_A_P,"Patients who reported that their nurses ""Always"" communicated well — Nurses ""always"" communicated well",81.0,327.0
450148,TEXAS HEALTH HARRIS METHODIST HOSPITAL CLEBURNE,JOHNSON,False,Voluntary non-profit - Private,H_COMP_2_A_P,"Patients who reported that their doctors ""Always"" communicated well — Doctors ""always"" communicated well",78.0,327.0
450148,TEXAS HEALTH HARRIS METHODIST HOSPITAL CLEBURNE,JOHNSON,False,Voluntary non-profit - Private,H_COMP_5_A_P,"Patients who reported that staff ""Always"" explained about medicines before giving it to them — Staff ""always"" explained",59.0,327.0
450148,TEXAS HEALTH HARRIS METHODIST HOSPITAL CLEBURNE,JOHNSON,False,Voluntary non-profit - Private,H_COMP_6_Y_P,"Patients who reported that YES, they were given information about what to do during their recovery at home — Yes, staff ""did"" give patients this information",90.0,327.0
450148,TEXAS HEALTH HARRIS METHODIST HOSPITAL CLEBURNE,JOHNSON,False,Voluntary non-profit - Private,H_HSP_RATING_9_10,"Patients who gave their hospital a rating of 9 or 10 on a scale from 0 (lowest) to 10 (highest) — Patients who gave a rating of ""9"" or ""10"" (high)",72.0,327.0
450148,TEXAS HEALTH HARRIS METHODIST HOSPITAL CLEBURNE,JOHNSON,False,Voluntary non-profit - Private,H_QUIET_HSP_A_P,"Patients who reported that the area around their room was ""Always"" quiet at night — ""Always"" quiet at night",66.0,327.0
450148,TEXAS HEALTH HARRIS METHODIST HOSPITAL CLEBURNE,JOHNSON,False,Voluntary non-profit - Private,H_RECMND_DY,"Patients who reported YES, they would definitely recommend the hospital — ""YES"", patients would definitely recommend the hospital",71.0,327.0
450888,TEXAS HEALTH HARRIS METHODIST HOSPITAL SOUTHLAKE,TARRANT,False,Proprietary,H_CLEAN_HSP_A_P,"Patients who reported that their room and bathroom were ""Always"" clean — Room was ""always"" clean",79.0,147.0
450888,TEXAS HEALTH HARRIS METHODIST HOSPITAL SOUTHLAKE,TARRANT,False,Proprietary,H_COMP_1_A_P,"Patients who reported that their nurses ""Always"" communicated well — Nurses ""always"" communicated well",85.0,147.0
450888,TEXAS HEALTH HARRIS METHODIST HOSPITAL SOUTHLAKE,TARRANT,False,Proprietary,H_COMP_2_A_P,"Patients who reported that their doctors ""Always"" communicated well — Doctors ""always"" communicated well",83.0,147.0
450888,TEXAS HEALTH HARRIS METHODIST HOSPITAL SOUTHLAKE,TARRANT,False,Proprietary,H_COMP_5_A_P,"Patients who reported that staff ""Always"" explained about medicines before giving it to them — Staff ""always"" explained",71.0,147.0
450888,TEXAS HEALTH HARRIS METHODIST HOSPITAL SOUTHLAKE,TARRANT,False,Proprietary,H_COMP_6_Y_P,"Patients who reported that YES, they were given information about what to do during their recovery at home — Yes, staff ""did"" give patients this information",89.0,147.0
450888,TEXAS HEALTH HARRIS METHODIST HOSPITAL SOUTHLAKE,TARRANT,False,Proprietary,H_HSP_RATING_9_10,"Patients who gave their hospital a rating of 9 or 10 on a scale from 0 (lowest) to 10 (highest) — Patients who gave a rating of ""9"" or ""10"" (high)",86.0,147.0
450888,TEXAS HEALTH HARRIS METHODIST HOSPITAL SOUTHLAKE,TARRANT,False,Proprietary,H_QUIET_HSP_A_P,"Patients who reported that the area around their room was ""Always"" quiet at night — ""Always"" quiet at night",78.0,147.0
450888,TEXAS HEALTH HARRIS METHODIST HOSPITAL SOUTHLAKE,TARRANT,False,Proprietary,H_RECMND_DY,"Patients who reported YES, they would definitely recommend the hospital — ""YES"", patients would definitely recommend the hospital",87.0,147.0
450779,TEXAS HEALTH HARRIS METHODIST HOSPITAL SOUTHWEST F,TARRANT,False,Voluntary non-profit - Private,H_CLEAN_HSP_A_P,"Patients who reported that their room and bathroom were ""Always"" clean — Room was ""always"" clean",78.0,1609.0
450779,TEXAS HEALTH HARRIS METHODIST HOSPITAL SOUTHWEST F,TARRANT,False,Voluntary non-profit - Private,H_COMP_1_A_P,"Patients who reported that their nurses ""Always"" communicated well — Nurses ""always"" communicated well",80.0,1609.0
450779,TEXAS HEALTH HARRIS METHODIST HOSPITAL SOUTHWEST F,TARRANT,False,Voluntary non-profit - Private,H_COMP_2_A_P,"Patients who reported that their doctors ""Always"" communicated well — Doctors ""always"" communicated well",77.0,1609.0
450779,TEXAS HEALTH HARRIS METHODIST HOSPITAL SOUTHWEST F,TARRANT,False,Voluntary non-profit - Private,H_COMP_5_A_P,"Patients who reported that staff ""Always"" explained about medicines before giving it to them — Staff ""always"" explained",59.0,1609.0
450779,TEXAS HEALTH HARRIS METHODIST HOSPITAL SOUTHWEST F,TARRANT,False,Voluntary non-profit - Private,H_COMP_6_Y_P,"Patients who reported that YES, they were given information about what to do during their recovery at home — Yes, staff ""did"" give patients this information",86.0,1609.0
450779,TEXAS HEALTH HARRIS METHODIST HOSPITAL SOUTHWEST F,TARRANT,False,Voluntary non-profit - Private,H_HSP_RATING_9_10,"Patients who gave their hospital a rating of 9 or 10 on a scale from 0 (lowest) to 10 (highest) — Patients who gave a rating of ""9"" or ""10"" (high)",77.0,1609.0
450779,TEXAS HEALTH HARRIS METHODIST HOSPITAL SOUTHWEST F,TARRANT,False,Voluntary non-profit - Private,H_QUIET_HSP_A_P,"Patients who reported that the area around their room was ""Always"" quiet at night — ""Always"" quiet at night",66.0,1609.0
450779,TEXAS HEALTH HARRIS METHODIST HOSPITAL SOUTHWEST F,TARRANT,False,Voluntary non-profit - Private,H_RECMND_DY,"Patients who reported YES, they would definitely recommend the hospital — ""YES"", patients would definitely recommend the hospital",79.0,1609.0
450351,TEXAS HEALTH HARRIS METHODIST HOSPITAL STEPHENVILL,ERATH,False,Voluntary non-profit - Private,H_CLEAN_HSP_A_P,"Patients who reported that their room and bathroom were ""Always"" clean — Room was ""always"" clean",86.0,190.0
450351,TEXAS HEALTH HARRIS METHODIST HOSPITAL STEPHENVILL,ERATH,False,Voluntary non-profit - Private,H_COMP_1_A_P,"Patients who reported that their nurses ""Always"" communicated well — Nurses ""always"" communicated well",85.0,190.0
450351,TEXAS HEALTH HARRIS METHODIST HOSPITAL STEPHENVILL,ERATH,False,Voluntary non-profit - Private,H_COMP_2_A_P,"Patients who reported that their doctors ""Always"" communicated well — Doctors ""always"" communicated well",83.0,190.0
450351,TEXAS HEALTH HARRIS METHODIST HOSPITAL STEPHENVILL,ERATH,False,Voluntary non-profit - Private,H_COMP_5_A_P,"Patients who reported that staff ""Always"" explained about medicines before giving it to them — Staff ""always"" explained",70.0,190.0
450351,TEXAS HEALTH HARRIS METHODIST HOSPITAL STEPHENVILL,ERATH,False,Voluntary non-profit - Private,H_COMP_6_Y_P,"Patients who reported that YES, they were given information about what to do during their recovery at home — Yes, staff ""did"" give patients this information",90.0,190.0
450351,TEXAS HEALTH HARRIS METHODIST HOSPITAL STEPHENVILL,ERATH,False,Voluntary non-profit - Private,H_HSP_RATING_9_10,"Patients who gave their hospital a rating of 9 or 10 on a scale from 0 (lowest) to 10 (highest) — Patients who gave a rating of ""9"" or ""10"" (high)",79.0,190.0
450351,TEXAS HEALTH HARRIS METHODIST HOSPITAL STEPHENVILL,ERATH,False,Voluntary non-profit - Private,H_QUIET_HSP_A_P,"Patients who reported that the area around their room was ""Always"" quiet at night — ""Always"" quiet at night",71.0,190.0
450351,TEXAS HEALTH HARRIS METHODIST HOSPITAL STEPHENVILL,ERATH,False,Voluntary non-profit - Private,H_RECMND_DY,"Patients who reported YES, they would definitely recommend the hospital — ""YES"", patients would definitely recommend the hospital",78.0,190.0
450639,TEXAS HEALTH HARRIS METHODIST HURST-EULESS-BEDFORD,TARRANT,False,Voluntary non-profit - Private,H_CLEAN_HSP_A_P,"Patients who reported that their room and bathroom were ""Always"" clean — Room was ""always"" clean",72.0,1005.0
450639,TEXAS HEALTH HARRIS METHODIST HURST-EULESS-BEDFORD,TARRANT,False,Voluntary non-profit - Private,H_COMP_1_A_P,"Patients who reported that their nurses ""Always"" communicated well — Nurses ""always"" communicated well",75.0,1005.0
450639,TEXAS HEALTH HARRIS METHODIST HURST-EULESS-BEDFORD,TARRANT,False,Voluntary non-profit - Private,H_COMP_2_A_P,"Patients who reported that their doctors ""Always"" communicated well — Doctors ""always"" communicated well",77.0,1005.0
450639,TEXAS HEALTH HARRIS METHODIST HURST-EULESS-BEDFORD,TARRANT,False,Voluntary non-profit - Private,H_COMP_5_A_P,"Patients who reported that staff ""Always"" explained about medicines before giving it to them — Staff ""always"" explained",57.0,1005.0
450639,TEXAS HEALTH HARRIS METHODIST HURST-EULESS-BEDFORD,TARRANT,False,Voluntary non-profit - Private,H_COMP_6_Y_P,"Patients who reported that YES, they were given information about what to do during their recovery at home — Yes, staff ""did"" give patients this information",90.0,1005.0
450639,TEXAS HEALTH HARRIS METHODIST HURST-EULESS-BEDFORD,TARRANT,False,Voluntary non-profit - Private,H_HSP_RATING_9_10,"Patients who gave their hospital a rating of 9 or 10 on a scale from 0 (lowest) to 10 (highest) — Patients who gave a rating of ""9"" or ""10"" (high)",71.0,1005.0
450639,TEXAS HEALTH HARRIS METHODIST HURST-EULESS-BEDFORD,TARRANT,False,Voluntary non-profit - Private,H_QUIET_HSP_A_P,"Patients who reported that the area around their room was ""Always"" quiet at night — ""Always"" quiet at night",62.0,1005.0
450639,TEXAS HEALTH HARRIS METHODIST HURST-EULESS-BEDFORD,TARRANT,False,Voluntary non-profit - Private,H_RECMND_DY,"Patients who reported YES, they would definitely recommend the hospital — ""YES"", patients would definitely recommend the hospital",74.0,1005.0
670071,TEXAS HEALTH HEART & VASCULAR HOSPITAL ARLINGTON,TARRANT,False,Physician,H_CLEAN_HSP_A_P,"Patients who reported that their room and bathroom were ""Always"" clean — Room was ""always"" clean",80.0,297.0
670071,TEXAS HEALTH HEART & VASCULAR HOSPITAL ARLINGTON,TARRANT,False,Physician,H_COMP_1_A_P,"Patients who reported that their nurses ""Always"" communicated well — Nurses ""always"" communicated well",85.0,297.0
670071,TEXAS HEALTH HEART & VASCULAR HOSPITAL ARLINGTON,TARRANT,False,Physician,H_COMP_2_A_P,"Patients who reported that their doctors ""Always"" communicated well — Doctors ""always"" communicated well",84.0,297.0
670071,TEXAS HEALTH HEART & VASCULAR HOSPITAL ARLINGTON,TARRANT,False,Physician,H_COMP_5_A_P,"Patients who reported that staff ""Always"" explained about medicines before giving it to them — Staff ""always"" explained",67.0,297.0
670071,TEXAS HEALTH HEART & VASCULAR HOSPITAL ARLINGTON,TARRANT,False,Physician,H_COMP_6_Y_P,"Patients who reported that YES, they were given information about what to do during their recovery at home — Yes, staff ""did"" give patients this information",89.0,297.0
670071,TEXAS HEALTH HEART & VASCULAR HOSPITAL ARLINGTON,TARRANT,False,Physician,H_HSP_RATING_9_10,"Patients who gave their hospital a rating of 9 or 10 on a scale from 0 (lowest) to 10 (highest) — Patients who gave a rating of ""9"" or ""10"" (high)",83.0,297.0
670071,TEXAS HEALTH HEART & VASCULAR HOSPITAL ARLINGTON,TARRANT,False,Physician,H_QUIET_HSP_A_P,"Patients who reported that the area around their room was ""Always"" quiet at night — ""Always"" quiet at night",69.0,297.0
670071,TEXAS HEALTH HEART & VASCULAR HOSPITAL ARLINGTON,TARRANT,False,Physician,H_RECMND_DY,"Patients who reported YES, they would definitely recommend the hospital — ""YES"", patients would definitely recommend the hospital",85.0,297.0
670260,TEXAS HEALTH HOSPITAL FRISCO,DENTON,False,Voluntary non-profit - Private,H_CLEAN_HSP_A_P,"Patients who reported that their room and bathroom were ""Always"" clean — Room was ""always"" clean",80.0,746.0
670260,TEXAS HEALTH HOSPITAL FRISCO,DENTON,False,Voluntary non-profit - Private,H_COMP_1_A_P,"Patients who reported that their nurses ""Always"" communicated well — Nurses ""always"" communicated well",77.0,746.0
670260,TEXAS HEALTH HOSPITAL FRISCO,DENTON,False,Voluntary non-profit - Private,H_COMP_2_A_P,"Patients who reported that their doctors ""Always"" communicated well — Doctors ""always"" communicated well",78.0,746.0
670260,TEXAS HEALTH HOSPITAL FRISCO,DENTON,False,Voluntary non-profit - Private,H_COMP_5_A_P,"Patients who reported that staff ""Always"" explained about medicines before giving it to them — Staff ""always"" explained",57.0,746.0
670260,TEXAS HEALTH HOSPITAL FRISCO,DENTON,False,Voluntary non-profit - Private,H_COMP_6_Y_P,"Patients who reported that YES, they were given information about what to do during their recovery at home — Yes, staff ""did"" give patients this information",87.0,746.0
670260,TEXAS HEALTH HOSPITAL FRISCO,DENTON,False,Voluntary non-profit - Private,H_HSP_RATING_9_10,"Patients who gave their hospital a rating of 9 or 10 on a scale from 0 (lowest) to 10 (highest) — Patients who gave a rating of ""9"" or ""10"" (high)",78.0,746.0
670260,TEXAS HEALTH HOSPITAL FRISCO,DENTON,False,Voluntary non-profit - Private,H_QUIET_HSP_A_P,"Patients who reported that the area around their room was ""Always"" quiet at night — ""Always"" quiet at night",73.0,746.0
670260,TEXAS HEALTH HOSPITAL FRISCO,DENTON,False,Voluntary non-profit - Private,H_RECMND_DY,"Patients who reported YES, they would definitely recommend the hospital — ""YES"", patients would definitely recommend the hospital",80.0,746.0
670309,TEXAS HEALTH HOSPITAL MANSFIELD,TARRANT,False,Voluntary non-profit - Private,H_CLEAN_HSP_A_P,"Patients who reported that their room and bathroom were ""Always"" clean — Room was ""always"" clean",82.0,186.0
670309,TEXAS HEALTH HOSPITAL MANSFIELD,TARRANT,False,Voluntary non-profit - Private,H_COMP_1_A_P,"Patients who reported that their nurses ""Always"" communicated well — Nurses ""always"" communicated well",81.0,186.0
670309,TEXAS HEALTH HOSPITAL MANSFIELD,TARRANT,False,Voluntary non-profit - Private,H_COMP_2_A_P,"Patients who reported that their doctors ""Always"" communicated well — Doctors ""always"" communicated well",75.0,186.0
670309,TEXAS HEALTH HOSPITAL MANSFIELD,TARRANT,False,Voluntary non-profit - Private,H_COMP_5_A_P,"Patients who reported that staff ""Always"" explained about medicines before giving it to them — Staff ""always"" explained",63.0,186.0
670309,TEXAS HEALTH HOSPITAL MANSFIELD,TARRANT,False,Voluntary non-profit - Private,H_COMP_6_Y_P,"Patients who reported that YES, they were given information about what to do during their recovery at home — Yes, staff ""did"" give patients this information",87.0,186.0
670309,TEXAS HEALTH HOSPITAL MANSFIELD,TARRANT,False,Voluntary non-profit - Private,H_HSP_RATING_9_10,"Patients who gave their hospital a rating of 9 or 10 on a scale from 0 (lowest) to 10 (highest) — Patients who gave a rating of ""9"" or ""10"" (high)",82.0,186.0
670309,TEXAS HEALTH HOSPITAL MANSFIELD,TARRANT,False,Voluntary non-profit - Private,H_QUIET_HSP_A_P,"Patients who reported that the area around their room was ""Always"" quiet at night — ""Always"" quiet at night",65.0,186.0
670309,TEXAS HEALTH HOSPITAL MANSFIELD,TARRANT,False,Voluntary non-profit - Private,H_RECMND_DY,"Patients who reported YES, they would definitely recommend the hospital — ""YES"", patients would definitely recommend the hospital",80.0,186.0
450677,TEXAS HEALTH HUGULEY HOSPITAL FORT WORTH SOUTH,TARRANT,False,Voluntary non-profit - Private,H_CLEAN_HSP_A_P,"Patients who reported that their room and bathroom were ""Always"" clean — Room was ""always"" clean",79.0,1449.0
450677,TEXAS HEALTH HUGULEY HOSPITAL FORT WORTH SOUTH,TARRANT,False,Voluntary non-profit - Private,H_COMP_1_A_P,"Patients who reported that their nurses ""Always"" communicated well — Nurses ""always"" communicated well",79.0,1449.0
450677,TEXAS HEALTH HUGULEY HOSPITAL FORT WORTH SOUTH,TARRANT,False,Voluntary non-profit - Private,H_COMP_2_A_P,"Patients who reported that their doctors ""Always"" communicated well — Doctors ""always"" communicated well",76.0,1449.0
450677,TEXAS HEALTH HUGULEY HOSPITAL FORT WORTH SOUTH,TARRANT,False,Voluntary non-profit - Private,H_COMP_5_A_P,"Patients who reported that staff ""Always"" explained about medicines before giving it to them — Staff ""always"" explained",59.0,1449.0
450677,TEXAS HEALTH HUGULEY HOSPITAL FORT WORTH SOUTH,TARRANT,False,Voluntary non-profit - Private,H_COMP_6_Y_P,"Patients who reported that YES, they were given information about what to do during their recovery at home — Yes, staff ""did"" give patients this information",86.0,1449.0
450677,TEXAS HEALTH HUGULEY HOSPITAL FORT WORTH SOUTH,TARRANT,False,Voluntary non-profit - Private,H_HSP_RATING_9_10,"Patients who gave their hospital a rating of 9 or 10 on a scale from 0 (lowest) to 10 (highest) — Patients who gave a rating of ""9"" or ""10"" (high)",74.0,1449.0
450677,TEXAS HEALTH HUGULEY HOSPITAL FORT WORTH SOUTH,TARRANT,False,Voluntary non-profit - Private,H_QUIET_HSP_A_P,"Patients who reported that the area around their room was ""Always"" quiet at night — ""Always"" quiet at night",65.0,1449.0
450677,TEXAS HEALTH HUGULEY HOSPITAL FORT WORTH SOUTH,TARRANT,False,Voluntary non-profit - Private,H_RECMND_DY,"Patients who reported YES, they would definitely recommend the hospital — ""YES"", patients would definitely recommend the hospital",73.0,1449.0
450840,TEXAS HEALTH PRESBYTERIAN HOSPITAL ALLEN,COLLIN,False,Voluntary non-profit - Private,H_CLEAN_HSP_A_P,"Patients who reported that their room and bathroom were ""Always"" clean — Room was ""always"" clean",80.0,563.0
450840,TEXAS HEALTH PRESBYTERIAN HOSPITAL ALLEN,COLLIN,False,Voluntary non-profit - Private,H_COMP_1_A_P,"Patients who reported that their nurses ""Always"" communicated well — Nurses ""always"" communicated well",79.0,563.0
450840,TEXAS HEALTH PRESBYTERIAN HOSPITAL ALLEN,COLLIN,False,Voluntary non-profit - Private,H_COMP_2_A_P,"Patients who reported that their doctors ""Always"" communicated well — Doctors ""always"" communicated well",79.0,563.0
450840,TEXAS HEALTH PRESBYTERIAN HOSPITAL ALLEN,COLLIN,False,Voluntary non-profit - Private,H_COMP_5_A_P,"Patients who reported that staff ""Always"" explained about medicines before giving it to them — Staff ""always"" explained",61.0,563.0
450840,TEXAS HEALTH PRESBYTERIAN HOSPITAL ALLEN,COLLIN,False,Voluntary non-profit - Private,H_COMP_6_Y_P,"Patients who reported that YES, they were given information about what to do during their recovery at home — Yes, staff ""did"" give patients this information",87.0,563.0
450840,TEXAS HEALTH PRESBYTERIAN HOSPITAL ALLEN,COLLIN,False,Voluntary non-profit - Private,H_HSP_RATING_9_10,"Patients who gave their hospital a rating of 9 or 10 on a scale from 0 (lowest) to 10 (highest) — Patients who gave a rating of ""9"" or ""10"" (high)",76.0,563.0
450840,TEXAS HEALTH PRESBYTERIAN HOSPITAL ALLEN,COLLIN,False,Voluntary non-profit - Private,H_QUIET_HSP_A_P,"Patients who reported that the area around their room was ""Always"" quiet at night — ""Always"" quiet at night",68.0,563.0
450840,TEXAS HEALTH PRESBYTERIAN HOSPITAL ALLEN,COLLIN,False,Voluntary non-profit - Private,H_RECMND_DY,"Patients who reported YES, they would definitely recommend the hospital — ""YES"", patients would definitely recommend the hospital",77.0,563.0
450462,TEXAS HEALTH PRESBYTERIAN HOSPITAL DALLAS,DALLAS,False,Voluntary non-profit - Private,H_CLEAN_HSP_A_P,"Patients who reported that their room and bathroom were ""Always"" clean — Room was ""always"" clean",69.0,1857.0
450462,TEXAS HEALTH PRESBYTERIAN HOSPITAL DALLAS,DALLAS,False,Voluntary non-profit - Private,H_COMP_1_A_P,"Patients who reported that their nurses ""Always"" communicated well — Nurses ""always"" communicated well",72.0,1857.0
450462,TEXAS HEALTH PRESBYTERIAN HOSPITAL DALLAS,DALLAS,False,Voluntary non-profit - Private,H_COMP_2_A_P,"Patients who reported that their doctors ""Always"" communicated well — Doctors ""always"" communicated well",75.0,1857.0
450462,TEXAS HEALTH PRESBYTERIAN HOSPITAL DALLAS,DALLAS,False,Voluntary non-profit - Private,H_COMP_5_A_P,"Patients who reported that staff ""Always"" explained about medicines before giving it to them — Staff ""always"" explained",55.0,1857.0
450462,TEXAS HEALTH PRESBYTERIAN HOSPITAL DALLAS,DALLAS,False,Voluntary non-profit - Private,H_COMP_6_Y_P,"Patients who reported that YES, they were given information about what to do during their recovery at home — Yes, staff ""did"" give patients this information",84.0,1857.0
450462,TEXAS HEALTH PRESBYTERIAN HOSPITAL DALLAS,DALLAS,False,Voluntary non-profit - Private,H_HSP_RATING_9_10,"Patients who gave their hospital a rating of 9 or 10 on a scale from 0 (lowest) to 10 (highest) — Patients who gave a rating of ""9"" or ""10"" (high)",69.0,1857.0
450462,TEXAS HEALTH PRESBYTERIAN HOSPITAL DALLAS,DALLAS,False,Voluntary non-profit - Private,H_QUIET_HSP_A_P,"Patients who reported that the area around their room was ""Always"" quiet at night — ""Always"" quiet at night",59.0,1857.0
450462,TEXAS HEALTH PRESBYTERIAN HOSPITAL DALLAS,DALLAS,False,Voluntary non-profit - Private,H_RECMND_DY,"Patients who reported YES, they would definitely recommend the hospital — ""YES"", patients would definitely recommend the hospital",72.0,1857.0
450743,TEXAS HEALTH PRESBYTERIAN HOSPITAL DENTON,DENTON,False,Voluntary non-profit - Private,H_CLEAN_HSP_A_P,"Patients who reported that their room and bathroom were ""Always"" clean — Room was ""always"" clean",76.0,1027.0
450743,TEXAS HEALTH PRESBYTERIAN HOSPITAL DENTON,DENTON,False,Voluntary non-profit - Private,H_COMP_1_A_P,"Patients who reported that their nurses ""Always"" communicated well — Nurses ""always"" communicated well",80.0,1027.0
450743,TEXAS HEALTH PRESBYTERIAN HOSPITAL DENTON,DENTON,False,Voluntary non-profit - Private,H_COMP_2_A_P,"Patients who reported that their doctors ""Always"" communicated well — Doctors ""always"" communicated well",77.0,1027.0
450743,TEXAS HEALTH PRESBYTERIAN HOSPITAL DENTON,DENTON,False,Voluntary non-profit - Private,H_COMP_5_A_P,"Patients who reported that staff ""Always"" explained about medicines before giving it to them — Staff ""always"" explained",62.0,1027.0
450743,TEXAS HEALTH PRESBYTERIAN HOSPITAL DENTON,DENTON,False,Voluntary non-profit - Private,H_COMP_6_Y_P,"Patients who reported that YES, they were given information about what to do during their recovery at home — Yes, staff ""did"" give patients this information",88.0,1027.0
450743,TEXAS HEALTH PRESBYTERIAN HOSPITAL DENTON,DENTON,False,Voluntary non-profit - Private,H_HSP_RATING_9_10,"Patients who gave their hospital a rating of 9 or 10 on a scale from 0 (lowest) to 10 (highest) — Patients who gave a rating of ""9"" or ""10"" (high)",78.0,1027.0
450743,TEXAS HEALTH PRESBYTERIAN HOSPITAL DENTON,DENTON,False,Voluntary non-profit - Private,H_QUIET_HSP_A_P,"Patients who reported that the area around their room was ""Always"" quiet at night — ""Always"" quiet at night",63.0,1027.0
450743,TEXAS HEALTH PRESBYTERIAN HOSPITAL DENTON,DENTON,False,Voluntary non-profit - Private,H_RECMND_DY,"Patients who reported YES, they would definitely recommend the hospital — ""YES"", patients would definitely recommend the hospital",79.0,1027.0
670068,TEXAS HEALTH PRESBYTERIAN HOSPITAL FLOWER MOUND,DENTON,False,Proprietary,H_CLEAN_HSP_A_P,"Patients who reported that their room and bathroom were ""Always"" clean — Room was ""always"" clean",83.0,958.0
670068,TEXAS HEALTH PRESBYTERIAN HOSPITAL FLOWER MOUND,DENTON,False,Proprietary,H_COMP_1_A_P,"Patients who reported that their nurses ""Always"" communicated well — Nurses ""always"" communicated well",78.0,958.0
670068,TEXAS HEALTH PRESBYTERIAN HOSPITAL FLOWER MOUND,DENTON,False,Proprietary,H_COMP_2_A_P,"Patients who reported that their doctors ""Always"" communicated well — Doctors ""always"" communicated well",80.0,958.0
670068,TEXAS HEALTH PRESBYTERIAN HOSPITAL FLOWER MOUND,DENTON,False,Proprietary,H_COMP_5_A_P,"Patients who reported that staff ""Always"" explained about medicines before giving it to them — Staff ""always"" explained",61.0,958.0
670068,TEXAS HEALTH PRESBYTERIAN HOSPITAL FLOWER MOUND,DENTON,False,Proprietary,H_COMP_6_Y_P,"Patients who reported that YES, they were given information about what to do during their recovery at home — Yes, staff ""did"" give patients this information",88.0,958.0
670068,TEXAS HEALTH PRESBYTERIAN HOSPITAL FLOWER MOUND,DENTON,False,Proprietary,H_HSP_RATING_9_10,"Patients who gave their hospital a rating of 9 or 10 on a scale from 0 (lowest) to 10 (highest) — Patients who gave a rating of ""9"" or ""10"" (high)",78.0,958.0
670068,TEXAS HEALTH PRESBYTERIAN HOSPITAL FLOWER MOUND,DENTON,False,Proprietary,H_QUIET_HSP_A_P,"Patients who reported that the area around their room was ""Always"" quiet at night — ""Always"" quiet at night",66.0,958.0
670068,TEXAS HEALTH PRESBYTERIAN HOSPITAL FLOWER MOUND,DENTON,False,Proprietary,H_RECMND_DY,"Patients who reported YES, they would definitely recommend the hospital — ""YES"", patients would definitely recommend the hospital",79.0,958.0
450292,TEXAS HEALTH PRESBYTERIAN HOSPITAL KAUFMAN,KAUFMAN,False,Voluntary non-profit - Private,H_CLEAN_HSP_A_P,"Patients who reported that their room and bathroom were ""Always"" clean — Room was ""always"" clean",86.0,141.0
450292,TEXAS HEALTH PRESBYTERIAN HOSPITAL KAUFMAN,KAUFMAN,False,Voluntary non-profit - Private,H_COMP_1_A_P,"Patients who reported that their nurses ""Always"" communicated well — Nurses ""always"" communicated well",86.0,141.0
450292,TEXAS HEALTH PRESBYTERIAN HOSPITAL KAUFMAN,KAUFMAN,False,Voluntary non-profit - Private,H_COMP_2_A_P,"Patients who reported that their doctors ""Always"" communicated well — Doctors ""always"" communicated well",81.0,141.0
450292,TEXAS HEALTH PRESBYTERIAN HOSPITAL KAUFMAN,KAUFMAN,False,Voluntary non-profit - Private,H_COMP_5_A_P,"Patients who reported that staff ""Always"" explained about medicines before giving it to them — Staff ""always"" explained",69.0,141.0
450292,TEXAS HEALTH PRESBYTERIAN HOSPITAL KAUFMAN,KAUFMAN,False,Voluntary non-profit - Private,H_COMP_6_Y_P,"Patients who reported that YES, they were given information about what to do during their recovery at home — Yes, staff ""did"" give patients this information",90.0,141.0
450292,TEXAS HEALTH PRESBYTERIAN HOSPITAL KAUFMAN,KAUFMAN,False,Voluntary non-profit - Private,H_HSP_RATING_9_10,"Patients who gave their hospital a rating of 9 or 10 on a scale from 0 (lowest) to 10 (highest) — Patients who gave a rating of ""9"" or ""10"" (high)",79.0,141.0
450292,TEXAS HEALTH PRESBYTERIAN HOSPITAL KAUFMAN,KAUFMAN,False,Voluntary non-profit - Private,H_QUIET_HSP_A_P,"Patients who reported that the area around their room was ""Always"" quiet at night — ""Always"" quiet at night",79.0,141.0
450292,TEXAS HEALTH PRESBYTERIAN HOSPITAL KAUFMAN,KAUFMAN,False,Voluntary non-profit - Private,H_RECMND_DY,"Patients who reported YES, they would definitely recommend the hospital — ""YES"", patients would definitely recommend the hospital",71.0,141.0
450771,TEXAS HEALTH PRESBYTERIAN HOSPITAL PLANO,COLLIN,False,Voluntary non-profit - Private,H_CLEAN_HSP_A_P,"Patients who reported that their room and bathroom were ""Always"" clean — Room was ""always"" clean",73.0,1447.0
450771,TEXAS HEALTH PRESBYTERIAN HOSPITAL PLANO,COLLIN,False,Voluntary non-profit - Private,H_COMP_1_A_P,"Patients who reported that their nurses ""Always"" communicated well — Nurses ""always"" communicated well",73.0,1447.0
450771,TEXAS HEALTH PRESBYTERIAN HOSPITAL PLANO,COLLIN,False,Voluntary non-profit - Private,H_COMP_2_A_P,"Patients who reported that their doctors ""Always"" communicated well — Doctors ""always"" communicated well",76.0,1447.0
450771,TEXAS HEALTH PRESBYTERIAN HOSPITAL PLANO,COLLIN,False,Voluntary non-profit - Private,H_COMP_5_A_P,"Patients who reported that staff ""Always"" explained about medicines before giving it to them — Staff ""always"" explained",53.0,1447.0
450771,TEXAS HEALTH PRESBYTERIAN HOSPITAL PLANO,COLLIN,False,Voluntary non-profit - Private,H_COMP_6_Y_P,"Patients who reported that YES, they were given information about what to do during their recovery at home — Yes, staff ""did"" give patients this information",84.0,1447.0
450771,TEXAS HEALTH PRESBYTERIAN HOSPITAL PLANO,COLLIN,False,Voluntary non-profit - Private,H_HSP_RATING_9_10,"Patients who gave their hospital a rating of 9 or 10 on a scale from 0 (lowest) to 10 (highest) — Patients who gave a rating of ""9"" or ""10"" (high)",72.0,1447.0
450771,TEXAS HEALTH PRESBYTERIAN HOSPITAL PLANO,COLLIN,False,Voluntary non-profit - Private,H_QUIET_HSP_A_P,"Patients who reported that the area around their room was ""Always"" quiet at night — ""Always"" quiet at night",61.0,1447.0
450771,TEXAS HEALTH PRESBYTERIAN HOSPITAL PLANO,COLLIN,False,Voluntary non-profit - Private,H_RECMND_DY,"Patients who reported YES, they would definitely recommend the hospital — ""YES"", patients would definitely recommend the hospital",72.0,1447.0
670044,TEXAS HEALTH PRESBYTERIAN HOSPITAL ROCKWALL,ROCKWALL,False,Proprietary,H_CLEAN_HSP_A_P,"Patients who reported that their room and bathroom were ""Always"" clean — Room was ""always"" clean",83.0,898.0
670044,TEXAS HEALTH PRESBYTERIAN HOSPITAL ROCKWALL,ROCKWALL,False,Proprietary,H_COMP_1_A_P,"Patients who reported that their nurses ""Always"" communicated well — Nurses ""always"" communicated well",79.0,898.0
670044,TEXAS HEALTH PRESBYTERIAN HOSPITAL ROCKWALL,ROCKWALL,False,Proprietary,H_COMP_2_A_P,"Patients who reported that their doctors ""Always"" communicated well — Doctors ""always"" communicated well",79.0,898.0
670044,TEXAS HEALTH PRESBYTERIAN HOSPITAL ROCKWALL,ROCKWALL,False,Proprietary,H_COMP_5_A_P,"Patients who reported that staff ""Always"" explained about medicines before giving it to them — Staff ""always"" explained",62.0,898.0
670044,TEXAS HEALTH PRESBYTERIAN HOSPITAL ROCKWALL,ROCKWALL,False,Proprietary,H_COMP_6_Y_P,"Patients who reported that YES, they were given information about what to do during their recovery at home — Yes, staff ""did"" give patients this information",88.0,898.0
670044,TEXAS HEALTH PRESBYTERIAN HOSPITAL ROCKWALL,ROCKWALL,False,Proprietary,H_HSP_RATING_9_10,"Patients who gave their hospital a rating of 9 or 10 on a scale from 0 (lowest) to 10 (highest) — Patients who gave a rating of ""9"" or ""10"" (high)",79.0,898.0
670044,TEXAS HEALTH PRESBYTERIAN HOSPITAL ROCKWALL,ROCKWALL,False,Proprietary,H_QUIET_HSP_A_P,"Patients who reported that the area around their room was ""Always"" quiet at night — ""Always"" quiet at night",66.0,898.0
670044,TEXAS HEALTH PRESBYTERIAN HOSPITAL ROCKWALL,ROCKWALL,False,Proprietary,H_RECMND_DY,"Patients who reported YES, they would definitely recommend the hospital — ""YES"", patients would definitely recommend the hospital",79.0,898.0
450889,TEXAS INSTITUTE FOR SURGERY AT PRESBYTERIAN HOSPIT,DALLAS,False,Physician,H_CLEAN_HSP_A_P,"Patients who reported that their room and bathroom were ""Always"" clean — Room was ""always"" clean",84.0,124.0
450889,TEXAS INSTITUTE FOR SURGERY AT PRESBYTERIAN HOSPIT,DALLAS,False,Physician,H_COMP_1_A_P,"Patients who reported that their nurses ""Always"" communicated well — Nurses ""always"" communicated well",89.0,124.0
450889,TEXAS INSTITUTE FOR SURGERY AT PRESBYTERIAN HOSPIT,DALLAS,False,Physician,H_COMP_2_A_P,"Patients who reported that their doctors ""Always"" communicated well — Doctors ""always"" communicated well",86.0,124.0
450889,TEXAS INSTITUTE FOR SURGERY AT PRESBYTERIAN HOSPIT,DALLAS,False,Physician,H_COMP_5_A_P,"Patients who reported that staff ""Always"" explained about medicines before giving it to them — Staff ""always"" explained",66.0,124.0
450889,TEXAS INSTITUTE FOR SURGERY AT PRESBYTERIAN HOSPIT,DALLAS,False,Physician,H_COMP_6_Y_P,"Patients who reported that YES, they were given information about what to do during their recovery at home — Yes, staff ""did"" give patients this information",90.0,124.0
450889,TEXAS INSTITUTE FOR SURGERY AT PRESBYTERIAN HOSPIT,DALLAS,False,Physician,H_HSP_RATING_9_10,"Patients who gave their hospital a rating of 9 or 10 on a scale from 0 (lowest) to 10 (highest) — Patients who gave a rating of ""9"" or ""10"" (high)",87.0,124.0
450889,TEXAS INSTITUTE FOR SURGERY AT PRESBYTERIAN HOSPIT,DALLAS,False,Physician,H_QUIET_HSP_A_P,"Patients who reported that the area around their room was ""Always"" quiet at night — ""Always"" quiet at night",80.0,124.0
450889,TEXAS INSTITUTE FOR SURGERY AT PRESBYTERIAN HOSPIT,DALLAS,False,Physician,H_RECMND_DY,"Patients who reported YES, they would definitely recommend the hospital — ""YES"", patients would definitely recommend the hospital",88.0,124.0
450804,TEXAS ORTHOPEDIC HOSPITAL,HARRIS,True,Voluntary non-profit - Other,H_CLEAN_HSP_A_P,"Patients who reported that their room and bathroom were ""Always"" clean — Room was ""always"" clean",85.0,429.0
450804,TEXAS ORTHOPEDIC HOSPITAL,HARRIS,True,Voluntary non-profit - Other,H_COMP_1_A_P,"Patients who reported that their nurses ""Always"" communicated well — Nurses ""always"" communicated well",81.0,429.0
450804,TEXAS ORTHOPEDIC HOSPITAL,HARRIS,True,Voluntary non-profit - Other,H_COMP_2_A_P,"Patients who reported that their doctors ""Always"" communicated well — Doctors ""always"" communicated well",85.0,429.0
450804,TEXAS ORTHOPEDIC HOSPITAL,HARRIS,True,Voluntary non-profit - Other,H_COMP_5_A_P,"Patients who reported that staff ""Always"" explained about medicines before giving it to them — Staff ""always"" explained",65.0,429.0
450804,TEXAS ORTHOPEDIC HOSPITAL,HARRIS,True,Voluntary non-profit - Other,H_COMP_6_Y_P,"Patients who reported that YES, they were given information about what to do during their recovery at home — Yes, staff ""did"" give patients this information",89.0,429.0
450804,TEXAS ORTHOPEDIC HOSPITAL,HARRIS,True,Voluntary non-profit - Other,H_HSP_RATING_9_10,"Patients who gave their hospital a rating of 9 or 10 on a scale from 0 (lowest) to 10 (highest) — Patients who gave a rating of ""9"" or ""10"" (high)",83.0,429.0
450804,TEXAS ORTHOPEDIC HOSPITAL,HARRIS,True,Voluntary non-profit - Other,H_QUIET_HSP_A_P,"Patients who reported that the area around their room was ""Always"" quiet at night — ""Always"" quiet at night",78.0,429.0
450804,TEXAS ORTHOPEDIC HOSPITAL,HARRIS,True,Voluntary non-profit - Other,H_RECMND_DY,"Patients who reported YES, they would definitely recommend the hospital — ""YES"", patients would definitely recommend the hospital",83.0,429.0
450324,TEXOMA MEDICAL CENTER,GRAYSON,False,Proprietary,H_CLEAN_HSP_A_P,"Patients who reported that their room and bathroom were ""Always"" clean — Room was ""always"" clean",63.0,622.0
450324,TEXOMA MEDICAL CENTER,GRAYSON,False,Proprietary,H_COMP_1_A_P,"Patients who reported that their nurses ""Always"" communicated well — Nurses ""always"" communicated well",80.0,622.0
450324,TEXOMA MEDICAL CENTER,GRAYSON,False,Proprietary,H_COMP_2_A_P,"Patients who reported that their doctors ""Always"" communicated well — Doctors ""always"" communicated well",77.0,622.0
450324,TEXOMA MEDICAL CENTER,GRAYSON,False,Proprietary,H_COMP_5_A_P,"Patients who reported that staff ""Always"" explained about medicines before giving it to them — Staff ""always"" explained",62.0,622.0
450324,TEXOMA MEDICAL CENTER,GRAYSON,False,Proprietary,H_COMP_6_Y_P,"Patients who reported that YES, they were given information about what to do during their recovery at home — Yes, staff ""did"" give patients this information",84.0,622.0
450324,TEXOMA MEDICAL CENTER,GRAYSON,False,Proprietary,H_HSP_RATING_9_10,"Patients who gave their hospital a rating of 9 or 10 on a scale from 0 (lowest) to 10 (highest) — Patients who gave a rating of ""9"" or ""10"" (high)",65.0,622.0
450324,TEXOMA MEDICAL CENTER,GRAYSON,False,Proprietary,H_QUIET_HSP_A_P,"Patients who reported that the area around their room was ""Always"" quiet at night — ""Always"" quiet at night",62.0,622.0
450324,TEXOMA MEDICAL CENTER,GRAYSON,False,Proprietary,H_RECMND_DY,"Patients who reported YES, they would definitely recommend the hospital — ""YES"", patients would definitely recommend the hospital",69.0,622.0
450893,THE HEART HOSPITAL BAYLOR DENTON,DENTON,False,Physician,H_CLEAN_HSP_A_P,"Patients who reported that their room and bathroom were ""Always"" clean — Room was ""always"" clean",79.0,349.0
450893,THE HEART HOSPITAL BAYLOR DENTON,DENTON,False,Physician,H_COMP_1_A_P,"Patients who reported that their nurses ""Always"" communicated well — Nurses ""always"" communicated well",84.0,349.0
450893,THE HEART HOSPITAL BAYLOR DENTON,DENTON,False,Physician,H_COMP_2_A_P,"Patients who reported that their doctors ""Always"" communicated well — Doctors ""always"" communicated well",84.0,349.0
450893,THE HEART HOSPITAL BAYLOR DENTON,DENTON,False,Physician,H_COMP_5_A_P,"Patients who reported that staff ""Always"" explained about medicines before giving it to them — Staff ""always"" explained",64.0,349.0
450893,THE HEART HOSPITAL BAYLOR DENTON,DENTON,False,Physician,H_COMP_6_Y_P,"Patients who reported that YES, they were given information about what to do during their recovery at home — Yes, staff ""did"" give patients this information",92.0,349.0
450893,THE HEART HOSPITAL BAYLOR DENTON,DENTON,False,Physician,H_HSP_RATING_9_10,"Patients who gave their hospital a rating of 9 or 10 on a scale from 0 (lowest) to 10 (highest) — Patients who gave a rating of ""9"" or ""10"" (high)",86.0,349.0
450893,THE HEART HOSPITAL BAYLOR DENTON,DENTON,False,Physician,H_QUIET_HSP_A_P,"Patients who reported that the area around their room was ""Always"" quiet at night — ""Always"" quiet at night",69.0,349.0
450893,THE HEART HOSPITAL BAYLOR DENTON,DENTON,False,Physician,H_RECMND_DY,"Patients who reported YES, they would definitely recommend the hospital — ""YES"", patients would definitely recommend the hospital",86.0,349.0
670006,THE HOSPITAL AT WESTLAKE MEDICAL CENTER,TRAVIS,False,Physician,H_CLEAN_HSP_A_P,"Patients who reported that their room and bathroom were ""Always"" clean — Room was ""always"" clean",72.0,143.0
670006,THE HOSPITAL AT WESTLAKE MEDICAL CENTER,TRAVIS,False,Physician,H_COMP_1_A_P,"Patients who reported that their nurses ""Always"" communicated well — Nurses ""always"" communicated well",74.0,143.0
670006,THE HOSPITAL AT WESTLAKE MEDICAL CENTER,TRAVIS,False,Physician,H_COMP_2_A_P,"Patients who reported that their doctors ""Always"" communicated well — Doctors ""always"" communicated well",77.0,143.0
670006,THE HOSPITAL AT WESTLAKE MEDICAL CENTER,TRAVIS,False,Physician,H_COMP_5_A_P,"Patients who reported that staff ""Always"" explained about medicines before giving it to them — Staff ""always"" explained",67.0,143.0
670006,THE HOSPITAL AT WESTLAKE MEDICAL CENTER,TRAVIS,False,Physician,H_COMP_6_Y_P,"Patients who reported that YES, they were given information about what to do during their recovery at home — Yes, staff ""did"" give patients this information",81.0,143.0
670006,THE HOSPITAL AT WESTLAKE MEDICAL CENTER,TRAVIS,False,Physician,H_HSP_RATING_9_10,"Patients who gave their hospital a rating of 9 or 10 on a scale from 0 (lowest) to 10 (highest) — Patients who gave a rating of ""9"" or ""10"" (high)",62.0,143.0
670006,THE HOSPITAL AT WESTLAKE MEDICAL CENTER,TRAVIS,False,Physician,H_QUIET_HSP_A_P,"Patients who reported that the area around their room was ""Always"" quiet at night — ""Always"" quiet at night",77.0,143.0
670006,THE HOSPITAL AT WESTLAKE MEDICAL CENTER,TRAVIS,False,Physician,H_RECMND_DY,"Patients who reported YES, they would definitely recommend the hospital — ""YES"", patients would definitely recommend the hospital",65.0,143.0
670047,THE HOSPITALS OF PROVIDENCE - EAST CAMPUS,EL PASO,False,Proprietary,H_CLEAN_HSP_A_P,"Patients who reported that their room and bathroom were ""Always"" clean — Room was ""always"" clean",61.0,894.0
670047,THE HOSPITALS OF PROVIDENCE - EAST CAMPUS,EL PASO,False,Proprietary,H_COMP_1_A_P,"Patients who reported that their nurses ""Always"" communicated well — Nurses ""always"" communicated well",70.0,894.0
670047,THE HOSPITALS OF PROVIDENCE - EAST CAMPUS,EL PASO,False,Proprietary,H_COMP_2_A_P,"Patients who reported that their doctors ""Always"" communicated well — Doctors ""always"" communicated well",70.0,894.0
670047,THE HOSPITALS OF PROVIDENCE - EAST CAMPUS,EL PASO,False,Proprietary,H_COMP_5_A_P,"Patients who reported that staff ""Always"" explained about medicines before giving it to them — Staff ""always"" explained",53.0,894.0
670047,THE HOSPITALS OF PROVIDENCE - EAST CAMPUS,EL PASO,False,Proprietary,H_COMP_6_Y_P,"Patients who reported that YES, they were given information about what to do during their recovery at home — Yes, staff ""did"" give patients this information",77.0,894.0
670047,THE HOSPITALS OF PROVIDENCE - EAST CAMPUS,EL PASO,False,Proprietary,H_HSP_RATING_9_10,"Patients who gave their hospital a rating of 9 or 10 on a scale from 0 (lowest) to 10 (highest) — Patients who gave a rating of ""9"" or ""10"" (high)",58.0,894.0
670047,THE HOSPITALS OF PROVIDENCE - EAST CAMPUS,EL PASO,False,Proprietary,H_QUIET_HSP_A_P,"Patients who reported that the area around their room was ""Always"" quiet at night — ""Always"" quiet at night",54.0,894.0
670047,THE HOSPITALS OF PROVIDENCE - EAST CAMPUS,EL PASO,False,Proprietary,H_RECMND_DY,"Patients who reported YES, they would definitely recommend the hospital — ""YES"", patients would definitely recommend the hospital",57.0,894.0
450002,THE HOSPITALS OF PROVIDENCE - MEMORIAL CAMPUS,EL PASO,False,Proprietary,H_CLEAN_HSP_A_P,"Patients who reported that their room and bathroom were ""Always"" clean — Room was ""always"" clean",61.0,541.0
450002,THE HOSPITALS OF PROVIDENCE - MEMORIAL CAMPUS,EL PASO,False,Proprietary,H_COMP_1_A_P,"Patients who reported that their nurses ""Always"" communicated well — Nurses ""always"" communicated well",67.0,541.0
450002,THE HOSPITALS OF PROVIDENCE - MEMORIAL CAMPUS,EL PASO,False,Proprietary,H_COMP_2_A_P,"Patients who reported that their doctors ""Always"" communicated well — Doctors ""always"" communicated well",70.0,541.0
450002,THE HOSPITALS OF PROVIDENCE - MEMORIAL CAMPUS,EL PASO,False,Proprietary,H_COMP_5_A_P,"Patients who reported that staff ""Always"" explained about medicines before giving it to them — Staff ""always"" explained",56.0,541.0
450002,THE HOSPITALS OF PROVIDENCE - MEMORIAL CAMPUS,EL PASO,False,Proprietary,H_COMP_6_Y_P,"Patients who reported that YES, they were given information about what to do during their recovery at home — Yes, staff ""did"" give patients this information",81.0,541.0
450002,THE HOSPITALS OF PROVIDENCE - MEMORIAL CAMPUS,EL PASO,False,Proprietary,H_HSP_RATING_9_10,"Patients who gave their hospital a rating of 9 or 10 on a scale from 0 (lowest) to 10 (highest) — Patients who gave a rating of ""9"" or ""10"" (high)",54.0,541.0
450002,THE HOSPITALS OF PROVIDENCE - MEMORIAL CAMPUS,EL PASO,False,Proprietary,H_QUIET_HSP_A_P,"Patients who reported that the area around their room was ""Always"" quiet at night — ""Always"" quiet at night",52.0,541.0
450002,THE HOSPITALS OF PROVIDENCE - MEMORIAL CAMPUS,EL PASO,False,Proprietary,H_RECMND_DY,"Patients who reported YES, they would definitely recommend the hospital — ""YES"", patients would definitely recommend the hospital",56.0,541.0
670124,THE HOSPITALS OF PROVIDENCE HORIZON CITY CAMPUS,EL PASO,False,Proprietary,H_CLEAN_HSP_A_P,"Patients who reported that their room and bathroom were ""Always"" clean — Room was ""always"" clean",85.0,99.0
670124,THE HOSPITALS OF PROVIDENCE HORIZON CITY CAMPUS,EL PASO,False,Proprietary,H_COMP_1_A_P,"Patients who reported that their nurses ""Always"" communicated well — Nurses ""always"" communicated well",85.0,99.0
670124,THE HOSPITALS OF PROVIDENCE HORIZON CITY CAMPUS,EL PASO,False,Proprietary,H_COMP_2_A_P,"Patients who reported that their doctors ""Always"" communicated well — Doctors ""always"" communicated well",84.0,99.0
670124,THE HOSPITALS OF PROVIDENCE HORIZON CITY CAMPUS,EL PASO,False,Proprietary,H_COMP_5_A_P,"Patients who reported that staff ""Always"" explained about medicines before giving it to them — Staff ""always"" explained",77.0,99.0
670124,THE HOSPITALS OF PROVIDENCE HORIZON CITY CAMPUS,EL PASO,False,Proprietary,H_COMP_6_Y_P,"Patients who reported that YES, they were given information about what to do during their recovery at home — Yes, staff ""did"" give patients this information",89.0,99.0
670124,THE HOSPITALS OF PROVIDENCE HORIZON CITY CAMPUS,EL PASO,False,Proprietary,H_HSP_RATING_9_10,"Patients who gave their hospital a rating of 9 or 10 on a scale from 0 (lowest) to 10 (highest) — Patients who gave a rating of ""9"" or ""10"" (high)",81.0,99.0
670124,THE HOSPITALS OF PROVIDENCE HORIZON CITY CAMPUS,EL PASO,False,Proprietary,H_QUIET_HSP_A_P,"Patients who reported that the area around their room was ""Always"" quiet at night — ""Always"" quiet at night",78.0,99.0
670124,THE HOSPITALS OF PROVIDENCE HORIZON CITY CAMPUS,EL PASO,False,Proprietary,H_RECMND_DY,"Patients who reported YES, they would definitely recommend the hospital — ""YES"", patients would definitely recommend the hospital",86.0,99.0
670120,THE HOSPITALS OF PROVIDENCE TRANSMOUNTAIN CAMPUS,EL PASO,False,Proprietary,H_CLEAN_HSP_A_P,"Patients who reported that their room and bathroom were ""Always"" clean — Room was ""always"" clean",67.0,731.0
670120,THE HOSPITALS OF PROVIDENCE TRANSMOUNTAIN CAMPUS,EL PASO,False,Proprietary,H_COMP_1_A_P,"Patients who reported that their nurses ""Always"" communicated well — Nurses ""always"" communicated well",74.0,731.0
670120,THE HOSPITALS OF PROVIDENCE TRANSMOUNTAIN CAMPUS,EL PASO,False,Proprietary,H_COMP_2_A_P,"Patients who reported that their doctors ""Always"" communicated well — Doctors ""always"" communicated well",74.0,731.0
670120,THE HOSPITALS OF PROVIDENCE TRANSMOUNTAIN CAMPUS,EL PASO,False,Proprietary,H_COMP_5_A_P,"Patients who reported that staff ""Always"" explained about medicines before giving it to them — Staff ""always"" explained",54.0,731.0
670120,THE HOSPITALS OF PROVIDENCE TRANSMOUNTAIN CAMPUS,EL PASO,False,Proprietary,H_COMP_6_Y_P,"Patients who reported that YES, they were given information about what to do during their recovery at home — Yes, staff ""did"" give patients this information",80.0,731.0
670120,THE HOSPITALS OF PROVIDENCE TRANSMOUNTAIN CAMPUS,EL PASO,False,Proprietary,H_HSP_RATING_9_10,"Patients who gave their hospital a rating of 9 or 10 on a scale from 0 (lowest) to 10 (highest) — Patients who gave a rating of ""9"" or ""10"" (high)",66.0,731.0
670120,THE HOSPITALS OF PROVIDENCE TRANSMOUNTAIN CAMPUS,EL PASO,False,Proprietary,H_QUIET_HSP_A_P,"Patients who reported that the area around their room was ""Always"" quiet at night — ""Always"" quiet at night",64.0,731.0
670120,THE HOSPITALS OF PROVIDENCE TRANSMOUNTAIN CAMPUS,EL PASO,False,Proprietary,H_RECMND_DY,"Patients who reported YES, they would definitely recommend the hospital — ""YES"", patients would definitely recommend the hospital",64.0,731.0
450518,THE MEDICAL CENTER OF SOUTHEAST TEXAS,JEFFERSON,False,Physician,H_CLEAN_HSP_A_P,"Patients who reported that their room and bathroom were ""Always"" clean — Room was ""always"" clean",71.0,308.0
450518,THE MEDICAL CENTER OF SOUTHEAST TEXAS,JEFFERSON,False,Physician,H_COMP_1_A_P,"Patients who reported that their nurses ""Always"" communicated well — Nurses ""always"" communicated well",80.0,308.0
450518,THE MEDICAL CENTER OF SOUTHEAST TEXAS,JEFFERSON,False,Physician,H_COMP_2_A_P,"Patients who reported that their doctors ""Always"" communicated well — Doctors ""always"" communicated well",78.0,308.0
450518,THE MEDICAL CENTER OF SOUTHEAST TEXAS,JEFFERSON,False,Physician,H_COMP_5_A_P,"Patients who reported that staff ""Always"" explained about medicines before giving it to them — Staff ""always"" explained",61.0,308.0
450518,THE MEDICAL CENTER OF SOUTHEAST TEXAS,JEFFERSON,False,Physician,H_COMP_6_Y_P,"Patients who reported that YES, they were given information about what to do during their recovery at home — Yes, staff ""did"" give patients this information",84.0,308.0
450518,THE MEDICAL CENTER OF SOUTHEAST TEXAS,JEFFERSON,False,Physician,H_HSP_RATING_9_10,"Patients who gave their hospital a rating of 9 or 10 on a scale from 0 (lowest) to 10 (highest) — Patients who gave a rating of ""9"" or ""10"" (high)",61.0,308.0
450518,THE MEDICAL CENTER OF SOUTHEAST TEXAS,JEFFERSON,False,Physician,H_QUIET_HSP_A_P,"Patients who reported that the area around their room was ""Always"" quiet at night — ""Always"" quiet at night",66.0,308.0
450518,THE MEDICAL CENTER OF SOUTHEAST TEXAS,JEFFERSON,False,Physician,H_RECMND_DY,"Patients who reported YES, they would definitely recommend the hospital — ""YES"", patients would definitely recommend the hospital",53.0,308.0
670267,THE WOODLANDS SPECIALTY HOSPITAL,MONTGOMERY,True,Proprietary,H_CLEAN_HSP_A_P,"Patients who reported that their room and bathroom were ""Always"" clean — Room was ""always"" clean",72.0,55.0
670267,THE WOODLANDS SPECIALTY HOSPITAL,MONTGOMERY,True,Proprietary,H_COMP_1_A_P,"Patients who reported that their nurses ""Always"" communicated well — Nurses ""always"" communicated well",79.0,55.0
670267,THE WOODLANDS SPECIALTY HOSPITAL,MONTGOMERY,True,Proprietary,H_COMP_2_A_P,"Patients who reported that their doctors ""Always"" communicated well — Doctors ""always"" communicated well",83.0,55.0
670267,THE WOODLANDS SPECIALTY HOSPITAL,MONTGOMERY,True,Proprietary,H_COMP_5_A_P,"Patients who reported that staff ""Always"" explained about medicines before giving it to them — Staff ""always"" explained",52.0,55.0
670267,THE WOODLANDS SPECIALTY HOSPITAL,MONTGOMERY,True,Proprietary,H_COMP_6_Y_P,"Patients who reported that YES, they were given information about what to do during their recovery at home — Yes, staff ""did"" give patients this information",90.0,55.0
670267,THE WOODLANDS SPECIALTY HOSPITAL,MONTGOMERY,True,Proprietary,H_HSP_RATING_9_10,"Patients who gave their hospital a rating of 9 or 10 on a scale from 0 (lowest) to 10 (highest) — Patients who gave a rating of ""9"" or ""10"" (high)",66.0,55.0
670267,THE WOODLANDS SPECIALTY HOSPITAL,MONTGOMERY,True,Proprietary,H_QUIET_HSP_A_P,"Patients who reported that the area around their room was ""Always"" quiet at night — ""Always"" quiet at night",78.0,55.0
670267,THE WOODLANDS SPECIALTY HOSPITAL,MONTGOMERY,True,Proprietary,H_RECMND_DY,"Patients who reported YES, they would definitely recommend the hospital — ""YES"", patients would definitely recommend the hospital",55.0,55.0
450080,TITUS REGIONAL MEDICAL CENTER,TITUS,False,Government - Hospital District or Authority,H_CLEAN_HSP_A_P,"Patients who reported that their room and bathroom were ""Always"" clean — Room was ""always"" clean",76.0,437.0
450080,TITUS REGIONAL MEDICAL CENTER,TITUS,False,Government - Hospital District or Authority,H_COMP_1_A_P,"Patients who reported that their nurses ""Always"" communicated well — Nurses ""always"" communicated well",81.0,437.0
450080,TITUS REGIONAL MEDICAL CENTER,TITUS,False,Government - Hospital District or Authority,H_COMP_2_A_P,"Patients who reported that their doctors ""Always"" communicated well — Doctors ""always"" communicated well",81.0,437.0
450080,TITUS REGIONAL MEDICAL CENTER,TITUS,False,Government - Hospital District or Authority,H_COMP_5_A_P,"Patients who reported that staff ""Always"" explained about medicines before giving it to them — Staff ""always"" explained",63.0,437.0
450080,TITUS REGIONAL MEDICAL CENTER,TITUS,False,Government - Hospital District or Authority,H_COMP_6_Y_P,"Patients who reported that YES, they were given information about what to do during their recovery at home — Yes, staff ""did"" give patients this information",85.0,437.0
450080,TITUS REGIONAL MEDICAL CENTER,TITUS,False,Government - Hospital District or Authority,H_HSP_RATING_9_10,"Patients who gave their hospital a rating of 9 or 10 on a scale from 0 (lowest) to 10 (highest) — Patients who gave a rating of ""9"" or ""10"" (high)",68.0,437.0
450080,TITUS REGIONAL MEDICAL CENTER,TITUS,False,Government - Hospital District or Authority,H_QUIET_HSP_A_P,"Patients who reported that the area around their room was ""Always"" quiet at night — ""Always"" quiet at night",67.0,437.0
450080,TITUS REGIONAL MEDICAL CENTER,TITUS,False,Government - Hospital District or Authority,H_RECMND_DY,"Patients who reported YES, they would definitely recommend the hospital — ""YES"", patients would definitely recommend the hospital",71.0,437.0
451370,TMC- BONHAM HOSPITAL,FANNIN,False,Government - Hospital District or Authority,H_CLEAN_HSP_A_P,"Patients who reported that their room and bathroom were ""Always"" clean — Room was ""always"" clean",70.0,43.0
451370,TMC- BONHAM HOSPITAL,FANNIN,False,Government - Hospital District or Authority,H_COMP_1_A_P,"Patients who reported that their nurses ""Always"" communicated well — Nurses ""always"" communicated well",84.0,43.0
451370,TMC- BONHAM HOSPITAL,FANNIN,False,Government - Hospital District or Authority,H_COMP_2_A_P,"Patients who reported that their doctors ""Always"" communicated well — Doctors ""always"" communicated well",76.0,43.0
451370,TMC- BONHAM HOSPITAL,FANNIN,False,Government - Hospital District or Authority,H_COMP_5_A_P,"Patients who reported that staff ""Always"" explained about medicines before giving it to them — Staff ""always"" explained",60.0,43.0
451370,TMC- BONHAM HOSPITAL,FANNIN,False,Government - Hospital District or Authority,H_COMP_6_Y_P,"Patients who reported that YES, they were given information about what to do during their recovery at home — Yes, staff ""did"" give patients this information",87.0,43.0
451370,TMC- BONHAM HOSPITAL,FANNIN,False,Government - Hospital District or Authority,H_HSP_RATING_9_10,"Patients who gave their hospital a rating of 9 or 10 on a scale from 0 (lowest) to 10 (highest) — Patients who gave a rating of ""9"" or ""10"" (high)",73.0,43.0
451370,TMC- BONHAM HOSPITAL,FANNIN,False,Government - Hospital District or Authority,H_QUIET_HSP_A_P,"Patients who reported that the area around their room was ""Always"" quiet at night — ""Always"" quiet at night",68.0,43.0
451370,TMC- BONHAM HOSPITAL,FANNIN,False,Government - Hospital District or Authority,H_RECMND_DY,"Patients who reported YES, they would definitely recommend the hospital — ""YES"", patients would definitely recommend the hospital",73.0,43.0
450774,TOPS SURGICAL SPECIALTY HOSPITAL,HARRIS,True,Physician,H_CLEAN_HSP_A_P,"Patients who reported that their room and bathroom were ""Always"" clean — Room was ""always"" clean",75.0,129.0
450774,TOPS SURGICAL SPECIALTY HOSPITAL,HARRIS,True,Physician,H_COMP_1_A_P,"Patients who reported that their nurses ""Always"" communicated well — Nurses ""always"" communicated well",85.0,129.0
450774,TOPS SURGICAL SPECIALTY HOSPITAL,HARRIS,True,Physician,H_COMP_2_A_P,"Patients who reported that their doctors ""Always"" communicated well — Doctors ""always"" communicated well",78.0,129.0
450774,TOPS SURGICAL SPECIALTY HOSPITAL,HARRIS,True,Physician,H_COMP_5_A_P,"Patients who reported that staff ""Always"" explained about medicines before giving it to them — Staff ""always"" explained",68.0,129.0
450774,TOPS SURGICAL SPECIALTY HOSPITAL,HARRIS,True,Physician,H_COMP_6_Y_P,"Patients who reported that YES, they were given information about what to do during their recovery at home — Yes, staff ""did"" give patients this information",90.0,129.0
450774,TOPS SURGICAL SPECIALTY HOSPITAL,HARRIS,True,Physician,H_HSP_RATING_9_10,"Patients who gave their hospital a rating of 9 or 10 on a scale from 0 (lowest) to 10 (highest) — Patients who gave a rating of ""9"" or ""10"" (high)",79.0,129.0
450774,TOPS SURGICAL SPECIALTY HOSPITAL,HARRIS,True,Physician,H_QUIET_HSP_A_P,"Patients who reported that the area around their room was ""Always"" quiet at night — ""Always"" quiet at night",73.0,129.0
450774,TOPS SURGICAL SPECIALTY HOSPITAL,HARRIS,True,Physician,H_RECMND_DY,"Patients who reported YES, they would definitely recommend the hospital — ""YES"", patients would definitely recommend the hospital",80.0,129.0
670266,TOWNSEN MEMORIAL HOSPITAL,HARRIS,True,Proprietary,H_CLEAN_HSP_A_P,"Patients who reported that their room and bathroom were ""Always"" clean — Room was ""always"" clean",64.0,46.0
670266,TOWNSEN MEMORIAL HOSPITAL,HARRIS,True,Proprietary,H_COMP_1_A_P,"Patients who reported that their nurses ""Always"" communicated well — Nurses ""always"" communicated well",79.0,46.0
670266,TOWNSEN MEMORIAL HOSPITAL,HARRIS,True,Proprietary,H_COMP_2_A_P,"Patients who reported that their doctors ""Always"" communicated well — Doctors ""always"" communicated well",77.0,46.0
670266,TOWNSEN MEMORIAL HOSPITAL,HARRIS,True,Proprietary,H_COMP_5_A_P,"Patients who reported that staff ""Always"" explained about medicines before giving it to them — Staff ""always"" explained",52.0,46.0
670266,TOWNSEN MEMORIAL HOSPITAL,HARRIS,True,Proprietary,H_COMP_6_Y_P,"Patients who reported that YES, they were given information about what to do during their recovery at home — Yes, staff ""did"" give patients this information",84.0,46.0
670266,TOWNSEN MEMORIAL HOSPITAL,HARRIS,True,Proprietary,H_HSP_RATING_9_10,"Patients who gave their hospital a rating of 9 or 10 on a scale from 0 (lowest) to 10 (highest) — Patients who gave a rating of ""9"" or ""10"" (high)",67.0,46.0
670266,TOWNSEN MEMORIAL HOSPITAL,HARRIS,True,Proprietary,H_QUIET_HSP_A_P,"Patients who reported that the area around their room was ""Always"" quiet at night — ""Always"" quiet at night",73.0,46.0
670266,TOWNSEN MEMORIAL HOSPITAL,HARRIS,True,Proprietary,H_RECMND_DY,"Patients who reported YES, they would definitely recommend the hospital — ""YES"", patients would definitely recommend the hospital",61.0,46.0
450460,TYLER COUNTY HOSPITAL,TYLER,False,Government - Hospital District or Authority,H_CLEAN_HSP_A_P,"Patients who reported that their room and bathroom were ""Always"" clean — Room was ""always"" clean",85.0,32.0
450460,TYLER COUNTY HOSPITAL,TYLER,False,Government - Hospital District or Authority,H_COMP_1_A_P,"Patients who reported that their nurses ""Always"" communicated well — Nurses ""always"" communicated well",96.0,32.0
450460,TYLER COUNTY HOSPITAL,TYLER,False,Government - Hospital District or Authority,H_COMP_2_A_P,"Patients who reported that their doctors ""Always"" communicated well — Doctors ""always"" communicated well",84.0,32.0
450460,TYLER COUNTY HOSPITAL,TYLER,False,Government - Hospital District or Authority,H_COMP_5_A_P,"Patients who reported that staff ""Always"" explained about medicines before giving it to them — Staff ""always"" explained",72.0,32.0
450460,TYLER COUNTY HOSPITAL,TYLER,False,Government - Hospital District or Authority,H_COMP_6_Y_P,"Patients who reported that YES, they were given information about what to do during their recovery at home — Yes, staff ""did"" give patients this information",95.0,32.0
450460,TYLER COUNTY HOSPITAL,TYLER,False,Government - Hospital District or Authority,H_HSP_RATING_9_10,"Patients who gave their hospital a rating of 9 or 10 on a scale from 0 (lowest) to 10 (highest) — Patients who gave a rating of ""9"" or ""10"" (high)",87.0,32.0
450460,TYLER COUNTY HOSPITAL,TYLER,False,Government - Hospital District or Authority,H_QUIET_HSP_A_P,"Patients who reported that the area around their room was ""Always"" quiet at night — ""Always"" quiet at night",79.0,32.0
450460,TYLER COUNTY HOSPITAL,TYLER,False,Government - Hospital District or Authority,H_RECMND_DY,"Patients who reported YES, they would definitely recommend the hospital — ""YES"", patients would definitely recommend the hospital",85.0,32.0
450010,UNITED REGIONAL HEALTH CARE SYSTEM,WICHITA,False,Voluntary non-profit - Private,H_CLEAN_HSP_A_P,"Patients who reported that their room and bathroom were ""Always"" clean — Room was ""always"" clean",77.0,488.0
450010,UNITED REGIONAL HEALTH CARE SYSTEM,WICHITA,False,Voluntary non-profit - Private,H_COMP_1_A_P,"Patients who reported that their nurses ""Always"" communicated well — Nurses ""always"" communicated well",79.0,488.0
450010,UNITED REGIONAL HEALTH CARE SYSTEM,WICHITA,False,Voluntary non-profit - Private,H_COMP_2_A_P,"Patients who reported that their doctors ""Always"" communicated well — Doctors ""always"" communicated well",76.0,488.0
450010,UNITED REGIONAL HEALTH CARE SYSTEM,WICHITA,False,Voluntary non-profit - Private,H_COMP_5_A_P,"Patients who reported that staff ""Always"" explained about medicines before giving it to them — Staff ""always"" explained",60.0,488.0
450010,UNITED REGIONAL HEALTH CARE SYSTEM,WICHITA,False,Voluntary non-profit - Private,H_COMP_6_Y_P,"Patients who reported that YES, they were given information about what to do during their recovery at home — Yes, staff ""did"" give patients this information",88.0,488.0
450010,UNITED REGIONAL HEALTH CARE SYSTEM,WICHITA,False,Voluntary non-profit - Private,H_HSP_RATING_9_10,"Patients who gave their hospital a rating of 9 or 10 on a scale from 0 (lowest) to 10 (highest) — Patients who gave a rating of ""9"" or ""10"" (high)",71.0,488.0
450010,UNITED REGIONAL HEALTH CARE SYSTEM,WICHITA,False,Voluntary non-profit - Private,H_QUIET_HSP_A_P,"Patients who reported that the area around their room was ""Always"" quiet at night — ""Always"" quiet at night",65.0,488.0
450010,UNITED REGIONAL HEALTH CARE SYSTEM,WICHITA,False,Voluntary non-profit - Private,H_RECMND_DY,"Patients who reported YES, they would definitely recommend the hospital — ""YES"", patients would definitely recommend the hospital",73.0,488.0
450213,UNIVERSITY HEALTH SYSTEM,BEXAR,False,Government - Hospital District or Authority,H_CLEAN_HSP_A_P,"Patients who reported that their room and bathroom were ""Always"" clean — Room was ""always"" clean",76.0,2347.0
450213,UNIVERSITY HEALTH SYSTEM,BEXAR,False,Government - Hospital District or Authority,H_COMP_1_A_P,"Patients who reported that their nurses ""Always"" communicated well — Nurses ""always"" communicated well",78.0,2347.0
450213,UNIVERSITY HEALTH SYSTEM,BEXAR,False,Government - Hospital District or Authority,H_COMP_2_A_P,"Patients who reported that their doctors ""Always"" communicated well — Doctors ""always"" communicated well",79.0,2347.0
450213,UNIVERSITY HEALTH SYSTEM,BEXAR,False,Government - Hospital District or Authority,H_COMP_5_A_P,"Patients who reported that staff ""Always"" explained about medicines before giving it to them — Staff ""always"" explained",60.0,2347.0
450213,UNIVERSITY HEALTH SYSTEM,BEXAR,False,Government - Hospital District or Authority,H_COMP_6_Y_P,"Patients who reported that YES, they were given information about what to do during their recovery at home — Yes, staff ""did"" give patients this information",85.0,2347.0
450213,UNIVERSITY HEALTH SYSTEM,BEXAR,False,Government - Hospital District or Authority,H_HSP_RATING_9_10,"Patients who gave their hospital a rating of 9 or 10 on a scale from 0 (lowest) to 10 (highest) — Patients who gave a rating of ""9"" or ""10"" (high)",77.0,2347.0
450213,UNIVERSITY HEALTH SYSTEM,BEXAR,False,Government - Hospital District or Authority,H_QUIET_HSP_A_P,"Patients who reported that the area around their room was ""Always"" quiet at night — ""Always"" quiet at night",59.0,2347.0
450213,UNIVERSITY HEALTH SYSTEM,BEXAR,False,Government - Hospital District or Authority,H_RECMND_DY,"Patients who reported YES, they would definitely recommend the hospital — ""YES"", patients would definitely recommend the hospital",78.0,2347.0
450686,UNIVERSITY MEDICAL CENTER,LUBBOCK,False,Government - Hospital District or Authority,H_CLEAN_HSP_A_P,"Patients who reported that their room and bathroom were ""Always"" clean — Room was ""always"" clean",70.0,601.0
450686,UNIVERSITY MEDICAL CENTER,LUBBOCK,False,Government - Hospital District or Authority,H_COMP_1_A_P,"Patients who reported that their nurses ""Always"" communicated well — Nurses ""always"" communicated well",79.0,601.0
450686,UNIVERSITY MEDICAL CENTER,LUBBOCK,False,Government - Hospital District or Authority,H_COMP_2_A_P,"Patients who reported that their doctors ""Always"" communicated well — Doctors ""always"" communicated well",78.0,601.0
450686,UNIVERSITY MEDICAL CENTER,LUBBOCK,False,Government - Hospital District or Authority,H_COMP_5_A_P,"Patients who reported that staff ""Always"" explained about medicines before giving it to them — Staff ""always"" explained",63.0,601.0
450686,UNIVERSITY MEDICAL CENTER,LUBBOCK,False,Government - Hospital District or Authority,H_COMP_6_Y_P,"Patients who reported that YES, they were given information about what to do during their recovery at home — Yes, staff ""did"" give patients this information",86.0,601.0
450686,UNIVERSITY MEDICAL CENTER,LUBBOCK,False,Government - Hospital District or Authority,H_HSP_RATING_9_10,"Patients who gave their hospital a rating of 9 or 10 on a scale from 0 (lowest) to 10 (highest) — Patients who gave a rating of ""9"" or ""10"" (high)",76.0,601.0
450686,UNIVERSITY MEDICAL CENTER,LUBBOCK,False,Government - Hospital District or Authority,H_QUIET_HSP_A_P,"Patients who reported that the area around their room was ""Always"" quiet at night — ""Always"" quiet at night",57.0,601.0
450686,UNIVERSITY MEDICAL CENTER,LUBBOCK,False,Government - Hospital District or Authority,H_RECMND_DY,"Patients who reported YES, they would definitely recommend the hospital — ""YES"", patients would definitely recommend the hospital",78.0,601.0
450024,UNIVERSITY MEDICAL CENTER OF EL PASO,EL PASO,False,Physician,H_CLEAN_HSP_A_P,"Patients who reported that their room and bathroom were ""Always"" clean — Room was ""always"" clean",75.0,2426.0
450024,UNIVERSITY MEDICAL CENTER OF EL PASO,EL PASO,False,Physician,H_COMP_1_A_P,"Patients who reported that their nurses ""Always"" communicated well — Nurses ""always"" communicated well",73.0,2426.0
450024,UNIVERSITY MEDICAL CENTER OF EL PASO,EL PASO,False,Physician,H_COMP_2_A_P,"Patients who reported that their doctors ""Always"" communicated well — Doctors ""always"" communicated well",76.0,2426.0
450024,UNIVERSITY MEDICAL CENTER OF EL PASO,EL PASO,False,Physician,H_COMP_5_A_P,"Patients who reported that staff ""Always"" explained about medicines before giving it to them — Staff ""always"" explained",57.0,2426.0
450024,UNIVERSITY MEDICAL CENTER OF EL PASO,EL PASO,False,Physician,H_COMP_6_Y_P,"Patients who reported that YES, they were given information about what to do during their recovery at home — Yes, staff ""did"" give patients this information",84.0,2426.0
450024,UNIVERSITY MEDICAL CENTER OF EL PASO,EL PASO,False,Physician,H_HSP_RATING_9_10,"Patients who gave their hospital a rating of 9 or 10 on a scale from 0 (lowest) to 10 (highest) — Patients who gave a rating of ""9"" or ""10"" (high)",67.0,2426.0
450024,UNIVERSITY MEDICAL CENTER OF EL PASO,EL PASO,False,Physician,H_QUIET_HSP_A_P,"Patients who reported that the area around their room was ""Always"" quiet at night — ""Always"" quiet at night",55.0,2426.0
450024,UNIVERSITY MEDICAL CENTER OF EL PASO,EL PASO,False,Physician,H_RECMND_DY,"Patients who reported YES, they would definitely recommend the hospital — ""YES"", patients would definitely recommend the hospital",71.0,2426.0
450690,UNIVERSITY OF TEXAS HEALTH SCIENCE CENTER AT TYLER,SMITH,False,Government - State,H_CLEAN_HSP_A_P,"Patients who reported that their room and bathroom were ""Always"" clean — Room was ""always"" clean",76.0,142.0
450690,UNIVERSITY OF TEXAS HEALTH SCIENCE CENTER AT TYLER,SMITH,False,Government - State,H_COMP_1_A_P,"Patients who reported that their nurses ""Always"" communicated well — Nurses ""always"" communicated well",85.0,142.0
450690,UNIVERSITY OF TEXAS HEALTH SCIENCE CENTER AT TYLER,SMITH,False,Government - State,H_COMP_2_A_P,"Patients who reported that their doctors ""Always"" communicated well — Doctors ""always"" communicated well",87.0,142.0
450690,UNIVERSITY OF TEXAS HEALTH SCIENCE CENTER AT TYLER,SMITH,False,Government - State,H_COMP_5_A_P,"Patients who reported that staff ""Always"" explained about medicines before giving it to them — Staff ""always"" explained",68.0,142.0
450690,UNIVERSITY OF TEXAS HEALTH SCIENCE CENTER AT TYLER,SMITH,False,Government - State,H_COMP_6_Y_P,"Patients who reported that YES, they were given information about what to do during their recovery at home — Yes, staff ""did"" give patients this information",95.0,142.0
450690,UNIVERSITY OF TEXAS HEALTH SCIENCE CENTER AT TYLER,SMITH,False,Government - State,H_HSP_RATING_9_10,"Patients who gave their hospital a rating of 9 or 10 on a scale from 0 (lowest) to 10 (highest) — Patients who gave a rating of ""9"" or ""10"" (high)",78.0,142.0
450690,UNIVERSITY OF TEXAS HEALTH SCIENCE CENTER AT TYLER,SMITH,False,Government - State,H_QUIET_HSP_A_P,"Patients who reported that the area around their room was ""Always"" quiet at night — ""Always"" quiet at night",66.0,142.0
450690,UNIVERSITY OF TEXAS HEALTH SCIENCE CENTER AT TYLER,SMITH,False,Government - State,H_RECMND_DY,"Patients who reported YES, they would definitely recommend the hospital — ""YES"", patients would definitely recommend the hospital",81.0,142.0
450018,UNIVERSITY OF TEXAS MEDICAL BRANCH GALVESTON,GALVESTON,True,Government - State,H_CLEAN_HSP_A_P,"Patients who reported that their room and bathroom were ""Always"" clean — Room was ""always"" clean",74.0,1536.0
450018,UNIVERSITY OF TEXAS MEDICAL BRANCH GALVESTON,GALVESTON,True,Government - State,H_COMP_1_A_P,"Patients who reported that their nurses ""Always"" communicated well — Nurses ""always"" communicated well",77.0,1536.0
450018,UNIVERSITY OF TEXAS MEDICAL BRANCH GALVESTON,GALVESTON,True,Government - State,H_COMP_2_A_P,"Patients who reported that their doctors ""Always"" communicated well — Doctors ""always"" communicated well",76.0,1536.0
450018,UNIVERSITY OF TEXAS MEDICAL BRANCH GALVESTON,GALVESTON,True,Government - State,H_COMP_5_A_P,"Patients who reported that staff ""Always"" explained about medicines before giving it to them — Staff ""always"" explained",61.0,1536.0
450018,UNIVERSITY OF TEXAS MEDICAL BRANCH GALVESTON,GALVESTON,True,Government - State,H_COMP_6_Y_P,"Patients who reported that YES, they were given information about what to do during their recovery at home — Yes, staff ""did"" give patients this information",85.0,1536.0
450018,UNIVERSITY OF TEXAS MEDICAL BRANCH GALVESTON,GALVESTON,True,Government - State,H_HSP_RATING_9_10,"Patients who gave their hospital a rating of 9 or 10 on a scale from 0 (lowest) to 10 (highest) — Patients who gave a rating of ""9"" or ""10"" (high)",73.0,1536.0
450018,UNIVERSITY OF TEXAS MEDICAL BRANCH GALVESTON,GALVESTON,True,Government - State,H_QUIET_HSP_A_P,"Patients who reported that the area around their room was ""Always"" quiet at night — ""Always"" quiet at night",65.0,1536.0
450018,UNIVERSITY OF TEXAS MEDICAL BRANCH GALVESTON,GALVESTON,True,Government - State,H_RECMND_DY,"Patients who reported YES, they would definitely recommend the hospital — ""YES"", patients would definitely recommend the hospital",72.0,1536.0
450872,USMD HOSPITAL AT ARLINGTON L P,TARRANT,False,Physician,H_CLEAN_HSP_A_P,"Patients who reported that their room and bathroom were ""Always"" clean — Room was ""always"" clean",75.0,131.0
450872,USMD HOSPITAL AT ARLINGTON L P,TARRANT,False,Physician,H_COMP_1_A_P,"Patients who reported that their nurses ""Always"" communicated well — Nurses ""always"" communicated well",76.0,131.0
450872,USMD HOSPITAL AT ARLINGTON L P,TARRANT,False,Physician,H_COMP_2_A_P,"Patients who reported that their doctors ""Always"" communicated well — Doctors ""always"" communicated well",81.0,131.0
450872,USMD HOSPITAL AT ARLINGTON L P,TARRANT,False,Physician,H_COMP_5_A_P,"Patients who reported that staff ""Always"" explained about medicines before giving it to them — Staff ""always"" explained",62.0,131.0
450872,USMD HOSPITAL AT ARLINGTON L P,TARRANT,False,Physician,H_COMP_6_Y_P,"Patients who reported that YES, they were given information about what to do during their recovery at home — Yes, staff ""did"" give patients this information",79.0,131.0
450872,USMD HOSPITAL AT ARLINGTON L P,TARRANT,False,Physician,H_HSP_RATING_9_10,"Patients who gave their hospital a rating of 9 or 10 on a scale from 0 (lowest) to 10 (highest) — Patients who gave a rating of ""9"" or ""10"" (high)",70.0,131.0
450872,USMD HOSPITAL AT ARLINGTON L P,TARRANT,False,Physician,H_QUIET_HSP_A_P,"Patients who reported that the area around their room was ""Always"" quiet at night — ""Always"" quiet at night",73.0,131.0
450872,USMD HOSPITAL AT ARLINGTON L P,TARRANT,False,Physician,H_RECMND_DY,"Patients who reported YES, they would definitely recommend the hospital — ""YES"", patients would definitely recommend the hospital",68.0,131.0
450389,UT HEALTH EAST TEXAS ATHENS HOSPITAL,HENDERSON,False,Proprietary,H_CLEAN_HSP_A_P,"Patients who reported that their room and bathroom were ""Always"" clean — Room was ""always"" clean",75.0,322.0
450389,UT HEALTH EAST TEXAS ATHENS HOSPITAL,HENDERSON,False,Proprietary,H_COMP_1_A_P,"Patients who reported that their nurses ""Always"" communicated well — Nurses ""always"" communicated well",82.0,322.0
450389,UT HEALTH EAST TEXAS ATHENS HOSPITAL,HENDERSON,False,Proprietary,H_COMP_2_A_P,"Patients who reported that their doctors ""Always"" communicated well — Doctors ""always"" communicated well",84.0,322.0
450389,UT HEALTH EAST TEXAS ATHENS HOSPITAL,HENDERSON,False,Proprietary,H_COMP_5_A_P,"Patients who reported that staff ""Always"" explained about medicines before giving it to them — Staff ""always"" explained",65.0,322.0
450389,UT HEALTH EAST TEXAS ATHENS HOSPITAL,HENDERSON,False,Proprietary,H_COMP_6_Y_P,"Patients who reported that YES, they were given information about what to do during their recovery at home — Yes, staff ""did"" give patients this information",86.0,322.0
450389,UT HEALTH EAST TEXAS ATHENS HOSPITAL,HENDERSON,False,Proprietary,H_HSP_RATING_9_10,"Patients who gave their hospital a rating of 9 or 10 on a scale from 0 (lowest) to 10 (highest) — Patients who gave a rating of ""9"" or ""10"" (high)",72.0,322.0
450389,UT HEALTH EAST TEXAS ATHENS HOSPITAL,HENDERSON,False,Proprietary,H_QUIET_HSP_A_P,"Patients who reported that the area around their room was ""Always"" quiet at night — ""Always"" quiet at night",69.0,322.0
450389,UT HEALTH EAST TEXAS ATHENS HOSPITAL,HENDERSON,False,Proprietary,H_RECMND_DY,"Patients who reported YES, they would definitely recommend the hospital — ""YES"", patients would definitely recommend the hospital",72.0,322.0
450210,UT HEALTH EAST TEXAS CARTHAGE HOSPITAL,PANOLA,False,Proprietary,H_CLEAN_HSP_A_P,"Patients who reported that their room and bathroom were ""Always"" clean — Room was ""always"" clean",88.0,57.0
450210,UT HEALTH EAST TEXAS CARTHAGE HOSPITAL,PANOLA,False,Proprietary,H_COMP_1_A_P,"Patients who reported that their nurses ""Always"" communicated well — Nurses ""always"" communicated well",94.0,57.0
450210,UT HEALTH EAST TEXAS CARTHAGE HOSPITAL,PANOLA,False,Proprietary,H_COMP_2_A_P,"Patients who reported that their doctors ""Always"" communicated well — Doctors ""always"" communicated well",84.0,57.0
450210,UT HEALTH EAST TEXAS CARTHAGE HOSPITAL,PANOLA,False,Proprietary,H_COMP_5_A_P,"Patients who reported that staff ""Always"" explained about medicines before giving it to them — Staff ""always"" explained",75.0,57.0
450210,UT HEALTH EAST TEXAS CARTHAGE HOSPITAL,PANOLA,False,Proprietary,H_COMP_6_Y_P,"Patients who reported that YES, they were given information about what to do during their recovery at home — Yes, staff ""did"" give patients this information",96.0,57.0
450210,UT HEALTH EAST TEXAS CARTHAGE HOSPITAL,PANOLA,False,Proprietary,H_HSP_RATING_9_10,"Patients who gave their hospital a rating of 9 or 10 on a scale from 0 (lowest) to 10 (highest) — Patients who gave a rating of ""9"" or ""10"" (high)",85.0,57.0
450210,UT HEALTH EAST TEXAS CARTHAGE HOSPITAL,PANOLA,False,Proprietary,H_QUIET_HSP_A_P,"Patients who reported that the area around their room was ""Always"" quiet at night — ""Always"" quiet at night",83.0,57.0
450210,UT HEALTH EAST TEXAS CARTHAGE HOSPITAL,PANOLA,False,Proprietary,H_RECMND_DY,"Patients who reported YES, they would definitely recommend the hospital — ""YES"", patients would definitely recommend the hospital",72.0,57.0
450475,UT HEALTH EAST TEXAS HENDERSON HOSPITAL,RUSK,False,Proprietary,H_CLEAN_HSP_A_P,"Patients who reported that their room and bathroom were ""Always"" clean — Room was ""always"" clean",74.0,129.0
450475,UT HEALTH EAST TEXAS HENDERSON HOSPITAL,RUSK,False,Proprietary,H_COMP_1_A_P,"Patients who reported that their nurses ""Always"" communicated well — Nurses ""always"" communicated well",82.0,129.0
450475,UT HEALTH EAST TEXAS HENDERSON HOSPITAL,RUSK,False,Proprietary,H_COMP_2_A_P,"Patients who reported that their doctors ""Always"" communicated well — Doctors ""always"" communicated well",83.0,129.0
450475,UT HEALTH EAST TEXAS HENDERSON HOSPITAL,RUSK,False,Proprietary,H_COMP_5_A_P,"Patients who reported that staff ""Always"" explained about medicines before giving it to them — Staff ""always"" explained",65.0,129.0
450475,UT HEALTH EAST TEXAS HENDERSON HOSPITAL,RUSK,False,Proprietary,H_COMP_6_Y_P,"Patients who reported that YES, they were given information about what to do during their recovery at home — Yes, staff ""did"" give patients this information",88.0,129.0
450475,UT HEALTH EAST TEXAS HENDERSON HOSPITAL,RUSK,False,Proprietary,H_HSP_RATING_9_10,"Patients who gave their hospital a rating of 9 or 10 on a scale from 0 (lowest) to 10 (highest) — Patients who gave a rating of ""9"" or ""10"" (high)",71.0,129.0
450475,UT HEALTH EAST TEXAS HENDERSON HOSPITAL,RUSK,False,Proprietary,H_QUIET_HSP_A_P,"Patients who reported that the area around their room was ""Always"" quiet at night — ""Always"" quiet at night",75.0,129.0
450475,UT HEALTH EAST TEXAS HENDERSON HOSPITAL,RUSK,False,Proprietary,H_RECMND_DY,"Patients who reported YES, they would definitely recommend the hospital — ""YES"", patients would definitely recommend the hospital",70.0,129.0
450194,UT HEALTH EAST TEXAS JACKSONVILLE HOSPITAL,CHEROKEE,False,Proprietary,H_CLEAN_HSP_A_P,"Patients who reported that their room and bathroom were ""Always"" clean — Room was ""always"" clean",73.0,149.0
450194,UT HEALTH EAST TEXAS JACKSONVILLE HOSPITAL,CHEROKEE,False,Proprietary,H_COMP_1_A_P,"Patients who reported that their nurses ""Always"" communicated well — Nurses ""always"" communicated well",82.0,149.0
450194,UT HEALTH EAST TEXAS JACKSONVILLE HOSPITAL,CHEROKEE,False,Proprietary,H_COMP_2_A_P,"Patients who reported that their doctors ""Always"" communicated well — Doctors ""always"" communicated well",88.0,149.0
450194,UT HEALTH EAST TEXAS JACKSONVILLE HOSPITAL,CHEROKEE,False,Proprietary,H_COMP_5_A_P,"Patients who reported that staff ""Always"" explained about medicines before giving it to them — Staff ""always"" explained",73.0,149.0
450194,UT HEALTH EAST TEXAS JACKSONVILLE HOSPITAL,CHEROKEE,False,Proprietary,H_COMP_6_Y_P,"Patients who reported that YES, they were given information about what to do during their recovery at home — Yes, staff ""did"" give patients this information",87.0,149.0
450194,UT HEALTH EAST TEXAS JACKSONVILLE HOSPITAL,CHEROKEE,False,Proprietary,H_HSP_RATING_9_10,"Patients who gave their hospital a rating of 9 or 10 on a scale from 0 (lowest) to 10 (highest) — Patients who gave a rating of ""9"" or ""10"" (high)",75.0,149.0
450194,UT HEALTH EAST TEXAS JACKSONVILLE HOSPITAL,CHEROKEE,False,Proprietary,H_QUIET_HSP_A_P,"Patients who reported that the area around their room was ""Always"" quiet at night — ""Always"" quiet at night",76.0,149.0
450194,UT HEALTH EAST TEXAS JACKSONVILLE HOSPITAL,CHEROKEE,False,Proprietary,H_RECMND_DY,"Patients who reported YES, they would definitely recommend the hospital — ""YES"", patients would definitely recommend the hospital",75.0,149.0
451367,UT HEALTH EAST TEXAS PITTSBURG HOSPITAL,CAMP,False,Proprietary,H_CLEAN_HSP_A_P,"Patients who reported that their room and bathroom were ""Always"" clean — Room was ""always"" clean",84.0,149.0
451367,UT HEALTH EAST TEXAS PITTSBURG HOSPITAL,CAMP,False,Proprietary,H_COMP_1_A_P,"Patients who reported that their nurses ""Always"" communicated well — Nurses ""always"" communicated well",89.0,149.0
451367,UT HEALTH EAST TEXAS PITTSBURG HOSPITAL,CAMP,False,Proprietary,H_COMP_2_A_P,"Patients who reported that their doctors ""Always"" communicated well — Doctors ""always"" communicated well",91.0,149.0
451367,UT HEALTH EAST TEXAS PITTSBURG HOSPITAL,CAMP,False,Proprietary,H_COMP_5_A_P,"Patients who reported that staff ""Always"" explained about medicines before giving it to them — Staff ""always"" explained",73.0,149.0
451367,UT HEALTH EAST TEXAS PITTSBURG HOSPITAL,CAMP,False,Proprietary,H_COMP_6_Y_P,"Patients who reported that YES, they were given information about what to do during their recovery at home — Yes, staff ""did"" give patients this information",92.0,149.0
451367,UT HEALTH EAST TEXAS PITTSBURG HOSPITAL,CAMP,False,Proprietary,H_HSP_RATING_9_10,"Patients who gave their hospital a rating of 9 or 10 on a scale from 0 (lowest) to 10 (highest) — Patients who gave a rating of ""9"" or ""10"" (high)",86.0,149.0
451367,UT HEALTH EAST TEXAS PITTSBURG HOSPITAL,CAMP,False,Proprietary,H_QUIET_HSP_A_P,"Patients who reported that the area around their room was ""Always"" quiet at night — ""Always"" quiet at night",76.0,149.0
451367,UT HEALTH EAST TEXAS PITTSBURG HOSPITAL,CAMP,False,Proprietary,H_RECMND_DY,"Patients who reported YES, they would definitely recommend the hospital — ""YES"", patients would definitely recommend the hospital",88.0,149.0
451380,UT HEALTH EAST TEXAS QUITMAN HOSPITAL,WOOD,False,Voluntary non-profit - Other,H_CLEAN_HSP_A_P,"Patients who reported that their room and bathroom were ""Always"" clean — Room was ""always"" clean",82.0,150.0
451380,UT HEALTH EAST TEXAS QUITMAN HOSPITAL,WOOD,False,Voluntary non-profit - Other,H_COMP_1_A_P,"Patients who reported that their nurses ""Always"" communicated well — Nurses ""always"" communicated well",83.0,150.0
451380,UT HEALTH EAST TEXAS QUITMAN HOSPITAL,WOOD,False,Voluntary non-profit - Other,H_COMP_2_A_P,"Patients who reported that their doctors ""Always"" communicated well — Doctors ""always"" communicated well",85.0,150.0
451380,UT HEALTH EAST TEXAS QUITMAN HOSPITAL,WOOD,False,Voluntary non-profit - Other,H_COMP_5_A_P,"Patients who reported that staff ""Always"" explained about medicines before giving it to them — Staff ""always"" explained",62.0,150.0
451380,UT HEALTH EAST TEXAS QUITMAN HOSPITAL,WOOD,False,Voluntary non-profit - Other,H_COMP_6_Y_P,"Patients who reported that YES, they were given information about what to do during their recovery at home — Yes, staff ""did"" give patients this information",94.0,150.0
451380,UT HEALTH EAST TEXAS QUITMAN HOSPITAL,WOOD,False,Voluntary non-profit - Other,H_HSP_RATING_9_10,"Patients who gave their hospital a rating of 9 or 10 on a scale from 0 (lowest) to 10 (highest) — Patients who gave a rating of ""9"" or ""10"" (high)",81.0,150.0
451380,UT HEALTH EAST TEXAS QUITMAN HOSPITAL,WOOD,False,Voluntary non-profit - Other,H_QUIET_HSP_A_P,"Patients who reported that the area around their room was ""Always"" quiet at night — ""Always"" quiet at night",79.0,150.0
451380,UT HEALTH EAST TEXAS QUITMAN HOSPITAL,WOOD,False,Voluntary non-profit - Other,H_RECMND_DY,"Patients who reported YES, they would definitely recommend the hospital — ""YES"", patients would definitely recommend the hospital",79.0,150.0
450083,UT HEALTH EAST TEXAS TYLER REGIONAL HOSPITAL,SMITH,False,Proprietary,H_CLEAN_HSP_A_P,"Patients who reported that their room and bathroom were ""Always"" clean — Room was ""always"" clean",61.0,1615.0
450083,UT HEALTH EAST TEXAS TYLER REGIONAL HOSPITAL,SMITH,False,Proprietary,H_COMP_1_A_P,"Patients who reported that their nurses ""Always"" communicated well — Nurses ""always"" communicated well",74.0,1615.0
450083,UT HEALTH EAST TEXAS TYLER REGIONAL HOSPITAL,SMITH,False,Proprietary,H_COMP_2_A_P,"Patients who reported that their doctors ""Always"" communicated well — Doctors ""always"" communicated well",73.0,1615.0
450083,UT HEALTH EAST TEXAS TYLER REGIONAL HOSPITAL,SMITH,False,Proprietary,H_COMP_5_A_P,"Patients who reported that staff ""Always"" explained about medicines before giving it to them — Staff ""always"" explained",55.0,1615.0
450083,UT HEALTH EAST TEXAS TYLER REGIONAL HOSPITAL,SMITH,False,Proprietary,H_COMP_6_Y_P,"Patients who reported that YES, they were given information about what to do during their recovery at home — Yes, staff ""did"" give patients this information",84.0,1615.0
450083,UT HEALTH EAST TEXAS TYLER REGIONAL HOSPITAL,SMITH,False,Proprietary,H_HSP_RATING_9_10,"Patients who gave their hospital a rating of 9 or 10 on a scale from 0 (lowest) to 10 (highest) — Patients who gave a rating of ""9"" or ""10"" (high)",65.0,1615.0
450083,UT HEALTH EAST TEXAS TYLER REGIONAL HOSPITAL,SMITH,False,Proprietary,H_QUIET_HSP_A_P,"Patients who reported that the area around their room was ""Always"" quiet at night — ""Always"" quiet at night",55.0,1615.0
450083,UT HEALTH EAST TEXAS TYLER REGIONAL HOSPITAL,SMITH,False,Proprietary,H_RECMND_DY,"Patients who reported YES, they would definitely recommend the hospital — ""YES"", patients would definitely recommend the hospital",67.0,1615.0
450044,UT OF TEXAS  SOUTHWESTERN UNIVERSITY HOSPITAL - WILLIAM P. CLEMENTS JR.,DALLAS,False,Government - State,H_CLEAN_HSP_A_P,"Patients who reported that their room and bathroom were ""Always"" clean — Room was ""always"" clean",70.0,3378.0
450044,UT OF TEXAS  SOUTHWESTERN UNIVERSITY HOSPITAL - WILLIAM P. CLEMENTS JR.,DALLAS,False,Government - State,H_COMP_1_A_P,"Patients who reported that their nurses ""Always"" communicated well — Nurses ""always"" communicated well",81.0,3378.0
450044,UT OF TEXAS  SOUTHWESTERN UNIVERSITY HOSPITAL - WILLIAM P. CLEMENTS JR.,DALLAS,False,Government - State,H_COMP_2_A_P,"Patients who reported that their doctors ""Always"" communicated well — Doctors ""always"" communicated well",83.0,3378.0
450044,UT OF TEXAS  SOUTHWESTERN UNIVERSITY HOSPITAL - WILLIAM P. CLEMENTS JR.,DALLAS,False,Government - State,H_COMP_5_A_P,"Patients who reported that staff ""Always"" explained about medicines before giving it to them — Staff ""always"" explained",64.0,3378.0
450044,UT OF TEXAS  SOUTHWESTERN UNIVERSITY HOSPITAL - WILLIAM P. CLEMENTS JR.,DALLAS,False,Government - State,H_COMP_6_Y_P,"Patients who reported that YES, they were given information about what to do during their recovery at home — Yes, staff ""did"" give patients this information",89.0,3378.0
450044,UT OF TEXAS  SOUTHWESTERN UNIVERSITY HOSPITAL - WILLIAM P. CLEMENTS JR.,DALLAS,False,Government - State,H_HSP_RATING_9_10,"Patients who gave their hospital a rating of 9 or 10 on a scale from 0 (lowest) to 10 (highest) — Patients who gave a rating of ""9"" or ""10"" (high)",83.0,3378.0
450044,UT OF TEXAS  SOUTHWESTERN UNIVERSITY HOSPITAL - WILLIAM P. CLEMENTS JR.,DALLAS,False,Government - State,H_QUIET_HSP_A_P,"Patients who reported that the area around their room was ""Always"" quiet at night — ""Always"" quiet at night",72.0,3378.0
450044,UT OF TEXAS  SOUTHWESTERN UNIVERSITY HOSPITAL - WILLIAM P. CLEMENTS JR.,DALLAS,False,Government - State,H_RECMND_DY,"Patients who reported YES, they would definitely recommend the hospital — ""YES"", patients would definitely recommend the hospital",84.0,3378.0
451387,UVALDE MEMORIAL HOSPITAL,UVALDE,False,Government - Hospital District or Authority,H_CLEAN_HSP_A_P,"Patients who reported that their room and bathroom were ""Always"" clean — Room was ""always"" clean",88.0,172.0
451387,UVALDE MEMORIAL HOSPITAL,UVALDE,False,Government - Hospital District or Authority,H_COMP_1_A_P,"Patients who reported that their nurses ""Always"" communicated well — Nurses ""always"" communicated well",80.0,172.0
451387,UVALDE MEMORIAL HOSPITAL,UVALDE,False,Government - Hospital District or Authority,H_COMP_2_A_P,"Patients who reported that their doctors ""Always"" communicated well — Doctors ""always"" communicated well",81.0,172.0
451387,UVALDE MEMORIAL HOSPITAL,UVALDE,False,Government - Hospital District or Authority,H_COMP_5_A_P,"Patients who reported that staff ""Always"" explained about medicines before giving it to them — Staff ""always"" explained",67.0,172.0
451387,UVALDE MEMORIAL HOSPITAL,UVALDE,False,Government - Hospital District or Authority,H_COMP_6_Y_P,"Patients who reported that YES, they were given information about what to do during their recovery at home — Yes, staff ""did"" give patients this information",90.0,172.0
451387,UVALDE MEMORIAL HOSPITAL,UVALDE,False,Government - Hospital District or Authority,H_HSP_RATING_9_10,"Patients who gave their hospital a rating of 9 or 10 on a scale from 0 (lowest) to 10 (highest) — Patients who gave a rating of ""9"" or ""10"" (high)",75.0,172.0
451387,UVALDE MEMORIAL HOSPITAL,UVALDE,False,Government - Hospital District or Authority,H_QUIET_HSP_A_P,"Patients who reported that the area around their room was ""Always"" quiet at night — ""Always"" quiet at night",73.0,172.0
451387,UVALDE MEMORIAL HOSPITAL,UVALDE,False,Government - Hospital District or Authority,H_RECMND_DY,"Patients who reported YES, they would definitely recommend the hospital — ""YES"", patients would definitely recommend the hospital",75.0,172.0
45060F,VA AMARILLO HEALTHCARE SYSTEM,POTTER,False,Veterans Health Administration,H_CLEAN_HSP_A_P,"Patients who reported that their room and bathroom were ""Always"" clean — Room was ""always"" clean",78.0,481.0
45060F,VA AMARILLO HEALTHCARE SYSTEM,POTTER,False,Veterans Health Administration,H_COMP_1_A_P,"Patients who reported that their nurses ""Always"" communicated well — Nurses ""always"" communicated well",85.0,481.0
45060F,VA AMARILLO HEALTHCARE SYSTEM,POTTER,False,Veterans Health Administration,H_COMP_2_A_P,"Patients who reported that their doctors ""Always"" communicated well — Doctors ""always"" communicated well",82.0,481.0
45060F,VA AMARILLO HEALTHCARE SYSTEM,POTTER,False,Veterans Health Administration,H_COMP_5_A_P,"Patients who reported that staff ""Always"" explained about medicines before giving it to them — Staff ""always"" explained",71.0,481.0
45060F,VA AMARILLO HEALTHCARE SYSTEM,POTTER,False,Veterans Health Administration,H_COMP_6_Y_P,"Patients who reported that YES, they were given information about what to do during their recovery at home — Yes, staff ""did"" give patients this information",89.0,481.0
45060F,VA AMARILLO HEALTHCARE SYSTEM,POTTER,False,Veterans Health Administration,H_HSP_RATING_9_10,"Patients who gave their hospital a rating of 9 or 10 on a scale from 0 (lowest) to 10 (highest) — Patients who gave a rating of ""9"" or ""10"" (high)",80.0,481.0
45060F,VA AMARILLO HEALTHCARE SYSTEM,POTTER,False,Veterans Health Administration,H_QUIET_HSP_A_P,"Patients who reported that the area around their room was ""Always"" quiet at night — ""Always"" quiet at night",65.0,481.0
45060F,VA AMARILLO HEALTHCARE SYSTEM,POTTER,False,Veterans Health Administration,H_RECMND_DY,"Patients who reported YES, they would definitely recommend the hospital — ""YES"", patients would definitely recommend the hospital",81.0,481.0
450154,VAL VERDE REGIONAL MEDICAL CENTER,VAL VERDE,False,Government - Hospital District or Authority,H_CLEAN_HSP_A_P,"Patients who reported that their room and bathroom were ""Always"" clean — Room was ""always"" clean",78.0,103.0
450154,VAL VERDE REGIONAL MEDICAL CENTER,VAL VERDE,False,Government - Hospital District or Authority,H_COMP_1_A_P,"Patients who reported that their nurses ""Always"" communicated well — Nurses ""always"" communicated well",82.0,103.0
450154,VAL VERDE REGIONAL MEDICAL CENTER,VAL VERDE,False,Government - Hospital District or Authority,H_COMP_2_A_P,"Patients who reported that their doctors ""Always"" communicated well — Doctors ""always"" communicated well",81.0,103.0
450154,VAL VERDE REGIONAL MEDICAL CENTER,VAL VERDE,False,Government - Hospital District or Authority,H_COMP_5_A_P,"Patients who reported that staff ""Always"" explained about medicines before giving it to them — Staff ""always"" explained",68.0,103.0
450154,VAL VERDE REGIONAL MEDICAL CENTER,VAL VERDE,False,Government - Hospital District or Authority,H_COMP_6_Y_P,"Patients who reported that YES, they were given information about what to do during their recovery at home — Yes, staff ""did"" give patients this information",85.0,103.0
450154,VAL VERDE REGIONAL MEDICAL CENTER,VAL VERDE,False,Government - Hospital District or Authority,H_HSP_RATING_9_10,"Patients who gave their hospital a rating of 9 or 10 on a scale from 0 (lowest) to 10 (highest) — Patients who gave a rating of ""9"" or ""10"" (high)",59.0,103.0
450154,VAL VERDE REGIONAL MEDICAL CENTER,VAL VERDE,False,Government - Hospital District or Authority,H_QUIET_HSP_A_P,"Patients who reported that the area around their room was ""Always"" quiet at night — ""Always"" quiet at night",59.0,103.0
450154,VAL VERDE REGIONAL MEDICAL CENTER,VAL VERDE,False,Government - Hospital District or Authority,H_RECMND_DY,"Patients who reported YES, they would definitely recommend the hospital — ""YES"", patients would definitely recommend the hospital",54.0,103.0
450028,VALLEY BAPTIST MEDICAL CENTER- BROWNSVILLE,CAMERON,False,Proprietary,H_CLEAN_HSP_A_P,"Patients who reported that their room and bathroom were ""Always"" clean — Room was ""always"" clean",69.0,428.0
450028,VALLEY BAPTIST MEDICAL CENTER- BROWNSVILLE,CAMERON,False,Proprietary,H_COMP_1_A_P,"Patients who reported that their nurses ""Always"" communicated well — Nurses ""always"" communicated well",67.0,428.0
450028,VALLEY BAPTIST MEDICAL CENTER- BROWNSVILLE,CAMERON,False,Proprietary,H_COMP_2_A_P,"Patients who reported that their doctors ""Always"" communicated well — Doctors ""always"" communicated well",70.0,428.0
450028,VALLEY BAPTIST MEDICAL CENTER- BROWNSVILLE,CAMERON,False,Proprietary,H_COMP_5_A_P,"Patients who reported that staff ""Always"" explained about medicines before giving it to them — Staff ""always"" explained",53.0,428.0
450028,VALLEY BAPTIST MEDICAL CENTER- BROWNSVILLE,CAMERON,False,Proprietary,H_COMP_6_Y_P,"Patients who reported that YES, they were given information about what to do during their recovery at home — Yes, staff ""did"" give patients this information",80.0,428.0
450028,VALLEY BAPTIST MEDICAL CENTER- BROWNSVILLE,CAMERON,False,Proprietary,H_HSP_RATING_9_10,"Patients who gave their hospital a rating of 9 or 10 on a scale from 0 (lowest) to 10 (highest) — Patients who gave a rating of ""9"" or ""10"" (high)",57.0,428.0
450028,VALLEY BAPTIST MEDICAL CENTER- BROWNSVILLE,CAMERON,False,Proprietary,H_QUIET_HSP_A_P,"Patients who reported that the area around their room was ""Always"" quiet at night — ""Always"" quiet at night",53.0,428.0
450028,VALLEY BAPTIST MEDICAL CENTER- BROWNSVILLE,CAMERON,False,Proprietary,H_RECMND_DY,"Patients who reported YES, they would definitely recommend the hospital — ""YES"", patients would definitely recommend the hospital",57.0,428.0
450662,VALLEY REGIONAL MEDICAL CENTER,CAMERON,False,Proprietary,H_CLEAN_HSP_A_P,"Patients who reported that their room and bathroom were ""Always"" clean — Room was ""always"" clean",75.0,809.0
450662,VALLEY REGIONAL MEDICAL CENTER,CAMERON,False,Proprietary,H_COMP_1_A_P,"Patients who reported that their nurses ""Always"" communicated well — Nurses ""always"" communicated well",73.0,809.0
450662,VALLEY REGIONAL MEDICAL CENTER,CAMERON,False,Proprietary,H_COMP_2_A_P,"Patients who reported that their doctors ""Always"" communicated well — Doctors ""always"" communicated well",70.0,809.0
450662,VALLEY REGIONAL MEDICAL CENTER,CAMERON,False,Proprietary,H_COMP_5_A_P,"Patients who reported that staff ""Always"" explained about medicines before giving it to them — Staff ""always"" explained",56.0,809.0
450662,VALLEY REGIONAL MEDICAL CENTER,CAMERON,False,Proprietary,H_COMP_6_Y_P,"Patients who reported that YES, they were given information about what to do during their recovery at home — Yes, staff ""did"" give patients this information",79.0,809.0
450662,VALLEY REGIONAL MEDICAL CENTER,CAMERON,False,Proprietary,H_HSP_RATING_9_10,"Patients who gave their hospital a rating of 9 or 10 on a scale from 0 (lowest) to 10 (highest) — Patients who gave a rating of ""9"" or ""10"" (high)",62.0,809.0
450662,VALLEY REGIONAL MEDICAL CENTER,CAMERON,False,Proprietary,H_QUIET_HSP_A_P,"Patients who reported that the area around their room was ""Always"" quiet at night — ""Always"" quiet at night",48.0,809.0
450662,VALLEY REGIONAL MEDICAL CENTER,CAMERON,False,Proprietary,H_RECMND_DY,"Patients who reported YES, they would definitely recommend the hospital — ""YES"", patients would definitely recommend the hospital",65.0,809.0
450033,VHS HARLINGEN HOSPITAL COMPANY LLC,CAMERON,False,Proprietary,H_CLEAN_HSP_A_P,"Patients who reported that their room and bathroom were ""Always"" clean — Room was ""always"" clean",71.0,727.0
450033,VHS HARLINGEN HOSPITAL COMPANY LLC,CAMERON,False,Proprietary,H_COMP_1_A_P,"Patients who reported that their nurses ""Always"" communicated well — Nurses ""always"" communicated well",74.0,727.0
450033,VHS HARLINGEN HOSPITAL COMPANY LLC,CAMERON,False,Proprietary,H_COMP_2_A_P,"Patients who reported that their doctors ""Always"" communicated well — Doctors ""always"" communicated well",74.0,727.0
450033,VHS HARLINGEN HOSPITAL COMPANY LLC,CAMERON,False,Proprietary,H_COMP_5_A_P,"Patients who reported that staff ""Always"" explained about medicines before giving it to them — Staff ""always"" explained",62.0,727.0
450033,VHS HARLINGEN HOSPITAL COMPANY LLC,CAMERON,False,Proprietary,H_COMP_6_Y_P,"Patients who reported that YES, they were given information about what to do during their recovery at home — Yes, staff ""did"" give patients this information",81.0,727.0
450033,VHS HARLINGEN HOSPITAL COMPANY LLC,CAMERON,False,Proprietary,H_HSP_RATING_9_10,"Patients who gave their hospital a rating of 9 or 10 on a scale from 0 (lowest) to 10 (highest) — Patients who gave a rating of ""9"" or ""10"" (high)",63.0,727.0
450033,VHS HARLINGEN HOSPITAL COMPANY LLC,CAMERON,False,Proprietary,H_QUIET_HSP_A_P,"Patients who reported that the area around their room was ""Always"" quiet at night — ""Always"" quiet at night",58.0,727.0
450033,VHS HARLINGEN HOSPITAL COMPANY LLC,CAMERON,False,Proprietary,H_RECMND_DY,"Patients who reported YES, they would definitely recommend the hospital — ""YES"", patients would definitely recommend the hospital",62.0,727.0
451337,W J MANGOLD MEMORIAL HOSPITAL,FLOYD,False,Physician,H_CLEAN_HSP_A_P,"Patients who reported that their room and bathroom were ""Always"" clean — Room was ""always"" clean",97.0,27.0
451337,W J MANGOLD MEMORIAL HOSPITAL,FLOYD,False,Physician,H_COMP_1_A_P,"Patients who reported that their nurses ""Always"" communicated well — Nurses ""always"" communicated well",96.0,27.0
451337,W J MANGOLD MEMORIAL HOSPITAL,FLOYD,False,Physician,H_COMP_2_A_P,"Patients who reported that their doctors ""Always"" communicated well — Doctors ""always"" communicated well",91.0,27.0
451337,W J MANGOLD MEMORIAL HOSPITAL,FLOYD,False,Physician,H_COMP_5_A_P,"Patients who reported that staff ""Always"" explained about medicines before giving it to them — Staff ""always"" explained",72.0,27.0
451337,W J MANGOLD MEMORIAL HOSPITAL,FLOYD,False,Physician,H_COMP_6_Y_P,"Patients who reported that YES, they were given information about what to do during their recovery at home — Yes, staff ""did"" give patients this information",94.0,27.0
451337,W J MANGOLD MEMORIAL HOSPITAL,FLOYD,False,Physician,H_HSP_RATING_9_10,"Patients who gave their hospital a rating of 9 or 10 on a scale from 0 (lowest) to 10 (highest) — Patients who gave a rating of ""9"" or ""10"" (high)",89.0,27.0
451337,W J MANGOLD MEMORIAL HOSPITAL,FLOYD,False,Physician,H_QUIET_HSP_A_P,"Patients who reported that the area around their room was ""Always"" quiet at night — ""Always"" quiet at night",75.0,27.0
451337,W J MANGOLD MEMORIAL HOSPITAL,FLOYD,False,Physician,H_RECMND_DY,"Patients who reported YES, they would definitely recommend the hospital — ""YES"", patients would definitely recommend the hospital",94.0,27.0
451373,WARD MEMORIAL HOSPITAL,WARD,False,Government - Local,H_CLEAN_HSP_A_P,"Patients who reported that their room and bathroom were ""Always"" clean — Room was ""always"" clean",87.0,43.0
451373,WARD MEMORIAL HOSPITAL,WARD,False,Government - Local,H_COMP_1_A_P,"Patients who reported that their nurses ""Always"" communicated well — Nurses ""always"" communicated well",88.0,43.0
451373,WARD MEMORIAL HOSPITAL,WARD,False,Government - Local,H_COMP_2_A_P,"Patients who reported that their doctors ""Always"" communicated well — Doctors ""always"" communicated well",85.0,43.0
451373,WARD MEMORIAL HOSPITAL,WARD,False,Government - Local,H_COMP_5_A_P,"Patients who reported that staff ""Always"" explained about medicines before giving it to them — Staff ""always"" explained",99.0,43.0
451373,WARD MEMORIAL HOSPITAL,WARD,False,Government - Local,H_COMP_6_Y_P,"Patients who reported that YES, they were given information about what to do during their recovery at home — Yes, staff ""did"" give patients this information",93.0,43.0
451373,WARD MEMORIAL HOSPITAL,WARD,False,Government - Local,H_HSP_RATING_9_10,"Patients who gave their hospital a rating of 9 or 10 on a scale from 0 (lowest) to 10 (highest) — Patients who gave a rating of ""9"" or ""10"" (high)",84.0,43.0
451373,WARD MEMORIAL HOSPITAL,WARD,False,Government - Local,H_QUIET_HSP_A_P,"Patients who reported that the area around their room was ""Always"" quiet at night — ""Always"" quiet at night",86.0,43.0
451373,WARD MEMORIAL HOSPITAL,WARD,False,Government - Local,H_RECMND_DY,"Patients who reported YES, they would definitely recommend the hospital — ""YES"", patients would definitely recommend the hospital",88.0,43.0
450584,WILBARGER GENERAL HOSPITAL,WILBARGER,False,Government - Hospital District or Authority,H_CLEAN_HSP_A_P,"Patients who reported that their room and bathroom were ""Always"" clean — Room was ""always"" clean",73.0,98.0
450584,WILBARGER GENERAL HOSPITAL,WILBARGER,False,Government - Hospital District or Authority,H_COMP_1_A_P,"Patients who reported that their nurses ""Always"" communicated well — Nurses ""always"" communicated well",84.0,98.0
450584,WILBARGER GENERAL HOSPITAL,WILBARGER,False,Government - Hospital District or Authority,H_COMP_2_A_P,"Patients who reported that their doctors ""Always"" communicated well — Doctors ""always"" communicated well",87.0,98.0
450584,WILBARGER GENERAL HOSPITAL,WILBARGER,False,Government - Hospital District or Authority,H_COMP_5_A_P,"Patients who reported that staff ""Always"" explained about medicines before giving it to them — Staff ""always"" explained",68.0,98.0
450584,WILBARGER GENERAL HOSPITAL,WILBARGER,False,Government - Hospital District or Authority,H_COMP_6_Y_P,"Patients who reported that YES, they were given information about what to do during their recovery at home — Yes, staff ""did"" give patients this information",95.0,98.0
450584,WILBARGER GENERAL HOSPITAL,WILBARGER,False,Government - Hospital District or Authority,H_HSP_RATING_9_10,"Patients who gave their hospital a rating of 9 or 10 on a scale from 0 (lowest) to 10 (highest) — Patients who gave a rating of ""9"" or ""10"" (high)",72.0,98.0
450584,WILBARGER GENERAL HOSPITAL,WILBARGER,False,Government - Hospital District or Authority,H_QUIET_HSP_A_P,"Patients who reported that the area around their room was ""Always"" quiet at night — ""Always"" quiet at night",65.0,98.0
450584,WILBARGER GENERAL HOSPITAL,WILBARGER,False,Government - Hospital District or Authority,H_RECMND_DY,"Patients who reported YES, they would definitely recommend the hospital — ""YES"", patients would definitely recommend the hospital",67.0,98.0
45068F,William Beaumont AMG (FT Bliss),EL PASO,False,Department of Defense,H_CLEAN_HSP_A_P,"Patients who reported that their room and bathroom were ""Always"" clean — Room was ""always"" clean",86.0,723.0
45068F,William Beaumont AMG (FT Bliss),EL PASO,False,Department of Defense,H_COMP_1_A_P,"Patients who reported that their nurses ""Always"" communicated well — Nurses ""always"" communicated well",88.0,723.0
45068F,William Beaumont AMG (FT Bliss),EL PASO,False,Department of Defense,H_COMP_2_A_P,"Patients who reported that their doctors ""Always"" communicated well — Doctors ""always"" communicated well",88.0,723.0
45068F,William Beaumont AMG (FT Bliss),EL PASO,False,Department of Defense,H_COMP_5_A_P,"Patients who reported that staff ""Always"" explained about medicines before giving it to them — Staff ""always"" explained",70.0,723.0
45068F,William Beaumont AMG (FT Bliss),EL PASO,False,Department of Defense,H_COMP_6_Y_P,"Patients who reported that YES, they were given information about what to do during their recovery at home — Yes, staff ""did"" give patients this information",91.0,723.0
45068F,William Beaumont AMG (FT Bliss),EL PASO,False,Department of Defense,H_HSP_RATING_9_10,"Patients who gave their hospital a rating of 9 or 10 on a scale from 0 (lowest) to 10 (highest) — Patients who gave a rating of ""9"" or ""10"" (high)",84.0,723.0
45068F,William Beaumont AMG (FT Bliss),EL PASO,False,Department of Defense,H_QUIET_HSP_A_P,"Patients who reported that the area around their room was ""Always"" quiet at night — ""Always"" quiet at night",83.0,723.0
45068F,William Beaumont AMG (FT Bliss),EL PASO,False,Department of Defense,H_RECMND_DY,"Patients who reported YES, they would definitely recommend the hospital — ""YES"", patients would definitely recommend the hospital",87.0,723.0
450469,WILSON N JONES REGIONAL MEDICAL CENTER,GRAYSON,False,Proprietary,H_CLEAN_HSP_A_P,"Patients who reported that their room and bathroom were ""Always"" clean — Room was ""always"" clean",74.0,167.0
450469,WILSON N JONES REGIONAL MEDICAL CENTER,GRAYSON,False,Proprietary,H_COMP_1_A_P,"Patients who reported that their nurses ""Always"" communicated well — Nurses ""always"" communicated well",78.0,167.0
450469,WILSON N JONES REGIONAL MEDICAL CENTER,GRAYSON,False,Proprietary,H_COMP_2_A_P,"Patients who reported that their doctors ""Always"" communicated well — Doctors ""always"" communicated well",74.0,167.0
450469,WILSON N JONES REGIONAL MEDICAL CENTER,GRAYSON,False,Proprietary,H_COMP_5_A_P,"Patients who reported that staff ""Always"" explained about medicines before giving it to them — Staff ""always"" explained",65.0,167.0
450469,WILSON N JONES REGIONAL MEDICAL CENTER,GRAYSON,False,Proprietary,H_COMP_6_Y_P,"Patients who reported that YES, they were given information about what to do during their recovery at home — Yes, staff ""did"" give patients this information",83.0,167.0
450469,WILSON N JONES REGIONAL MEDICAL CENTER,GRAYSON,False,Proprietary,H_HSP_RATING_9_10,"Patients who gave their hospital a rating of 9 or 10 on a scale from 0 (lowest) to 10 (highest) — Patients who gave a rating of ""9"" or ""10"" (high)",55.0,167.0
450469,WILSON N JONES REGIONAL MEDICAL CENTER,GRAYSON,False,Proprietary,H_QUIET_HSP_A_P,"Patients who reported that the area around their room was ""Always"" quiet at night — ""Always"" quiet at night",63.0,167.0
450469,WILSON N JONES REGIONAL MEDICAL CENTER,GRAYSON,False,Proprietary,H_RECMND_DY,"Patients who reported YES, they would definitely recommend the hospital — ""YES"", patients would definitely recommend the hospital",62.0,167.0
450674,"WOMANS HOSPITAL OF TEXAS,THE",HARRIS,True,Proprietary,H_CLEAN_HSP_A_P,"Patients who reported that their room and bathroom were ""Always"" clean — Room was ""always"" clean",68.0,920.0
450674,"WOMANS HOSPITAL OF TEXAS,THE",HARRIS,True,Proprietary,H_COMP_1_A_P,"Patients who reported that their nurses ""Always"" communicated well — Nurses ""always"" communicated well",73.0,920.0
450674,"WOMANS HOSPITAL OF TEXAS,THE",HARRIS,True,Proprietary,H_COMP_2_A_P,"Patients who reported that their doctors ""Always"" communicated well — Doctors ""always"" communicated well",77.0,920.0
450674,"WOMANS HOSPITAL OF TEXAS,THE",HARRIS,True,Proprietary,H_COMP_5_A_P,"Patients who reported that staff ""Always"" explained about medicines before giving it to them — Staff ""always"" explained",56.0,920.0
450674,"WOMANS HOSPITAL OF TEXAS,THE",HARRIS,True,Proprietary,H_COMP_6_Y_P,"Patients who reported that YES, they were given information about what to do during their recovery at home — Yes, staff ""did"" give patients this information",79.0,920.0
450674,"WOMANS HOSPITAL OF TEXAS,THE",HARRIS,True,Proprietary,H_HSP_RATING_9_10,"Patients who gave their hospital a rating of 9 or 10 on a scale from 0 (lowest) to 10 (highest) — Patients who gave a rating of ""9"" or ""10"" (high)",67.0,920.0
450674,"WOMANS HOSPITAL OF TEXAS,THE",HARRIS,True,Proprietary,H_QUIET_HSP_A_P,"Patients who reported that the area around their room was ""Always"" quiet at night — ""Always"" quiet at night",57.0,920.0
450674,"WOMANS HOSPITAL OF TEXAS,THE",HARRIS,True,Proprietary,H_RECMND_DY,"Patients who reported YES, they would definitely recommend the hospital — ""YES"", patients would definitely recommend the hospital",69.0,920.0
450484,WOODLAND HEIGHTS MEDICAL CENTER,ANGELINA,False,Proprietary,H_CLEAN_HSP_A_P,"Patients who reported that their room and bathroom were ""Always"" clean — Room was ""always"" clean",56.0,424.0
450484,WOODLAND HEIGHTS MEDICAL CENTER,ANGELINA,False,Proprietary,H_COMP_1_A_P,"Patients who reported that their nurses ""Always"" communicated well — Nurses ""always"" communicated well",73.0,424.0
450484,WOODLAND HEIGHTS MEDICAL CENTER,ANGELINA,False,Proprietary,H_COMP_2_A_P,"Patients who reported that their doctors ""Always"" communicated well — Doctors ""always"" communicated well",73.0,424.0
450484,WOODLAND HEIGHTS MEDICAL CENTER,ANGELINA,False,Proprietary,H_COMP_5_A_P,"Patients who reported that staff ""Always"" explained about medicines before giving it to them — Staff ""always"" explained",61.0,424.0
450484,WOODLAND HEIGHTS MEDICAL CENTER,ANGELINA,False,Proprietary,H_COMP_6_Y_P,"Patients who reported that YES, they were given information about what to do during their recovery at home — Yes, staff ""did"" give patients this information",81.0,424.0
450484,WOODLAND HEIGHTS MEDICAL CENTER,ANGELINA,False,Proprietary,H_HSP_RATING_9_10,"Patients who gave their hospital a rating of 9 or 10 on a scale from 0 (lowest) to 10 (highest) — Patients who gave a rating of ""9"" or ""10"" (high)",64.0,424.0
450484,WOODLAND HEIGHTS MEDICAL CENTER,ANGELINA,False,Proprietary,H_QUIET_HSP_A_P,"Patients who reported that the area around their room was ""Always"" quiet at night — ""Always"" quiet at night",56.0,424.0
450484,WOODLAND HEIGHTS MEDICAL CENTER,ANGELINA,False,Proprietary,H_RECMND_DY,"Patients who reported YES, they would definitely recommend the hospital — ""YES"", patients would definitely recommend the hospital",67.0,424.0
451346,YOAKUM COMMUNITY HOSPITAL,LAVACA,False,Voluntary non-profit - Private,H_CLEAN_HSP_A_P,"Patients who reported that their room and bathroom were ""Always"" clean — Room was ""always"" clean",82.0,68.0
451346,YOAKUM COMMUNITY HOSPITAL,LAVACA,False,Voluntary non-profit - Private,H_COMP_1_A_P,"Patients who reported that their nurses ""Always"" communicated well — Nurses ""always"" communicated well",90.0,68.0
451346,YOAKUM COMMUNITY HOSPITAL,LAVACA,False,Voluntary non-profit - Private,H_COMP_2_A_P,"Patients who reported that their doctors ""Always"" communicated well — Doctors ""always"" communicated well",88.0,68.0
451346,YOAKUM COMMUNITY HOSPITAL,LAVACA,False,Voluntary non-profit - Private,H_COMP_5_A_P,"Patients who reported that staff ""Always"" explained about medicines before giving it to them — Staff ""always"" explained",59.0,68.0
451346,YOAKUM COMMUNITY HOSPITAL,LAVACA,False,Voluntary non-profit - Private,H_COMP_6_Y_P,"Patients who reported that YES, they were given information about what to do during their recovery at home — Yes, staff ""did"" give patients this information",91.0,68.0
451346,YOAKUM COMMUNITY HOSPITAL,LAVACA,False,Voluntary non-profit - Private,H_HSP_RATING_9_10,"Patients who gave their hospital a rating of 9 or 10 on a scale from 0 (lowest) to 10 (highest) — Patients who gave a rating of ""9"" or ""10"" (high)",78.0,68.0
451346,YOAKUM COMMUNITY HOSPITAL,LAVACA,False,Voluntary non-profit - Private,H_QUIET_HSP_A_P,"Patients who reported that the area around their room was ""Always"" quiet at night — ""Always"" quiet at night",63.0,68.0
451346,YOAKUM COMMUNITY HOSPITAL,LAVACA,False,Voluntary non-profit - Private,H_RECMND_DY,"Patients who reported YES, they would definitely recommend the hospital — ""YES"", patients would definitely recommend the hospital",82.0,68.0
451308,YOAKUM COUNTY HOSPITAL,YOAKUM,False,Voluntary non-profit - Other,H_CLEAN_HSP_A_P,"Patients who reported that their room and bathroom were ""Always"" clean — Room was ""always"" clean",78.0,91.0
451308,YOAKUM COUNTY HOSPITAL,YOAKUM,False,Voluntary non-profit - Other,H_COMP_1_A_P,"Patients who reported that their nurses ""Always"" communicated well — Nurses ""always"" communicated well",84.0,91.0
451308,YOAKUM COUNTY HOSPITAL,YOAKUM,False,Voluntary non-profit - Other,H_COMP_2_A_P,"Patients who reported that their doctors ""Always"" communicated well — Doctors ""always"" communicated well",83.0,91.0
451308,YOAKUM COUNTY HOSPITAL,YOAKUM,False,Voluntary non-profit - Other,H_COMP_5_A_P,"Patients who reported that staff ""Always"" explained about medicines before giving it to them — Staff ""always"" explained",73.0,91.0
451308,YOAKUM COUNTY HOSPITAL,YOAKUM,False,Voluntary non-profit - Other,H_COMP_6_Y_P,"Patients who reported that YES, they were given information about what to do during their recovery at home — Yes, staff ""did"" give patients this information",84.0,91.0
451308,YOAKUM COUNTY HOSPITAL,YOAKUM,False,Voluntary non-profit - Other,H_HSP_RATING_9_10,"Patients who gave their hospital a rating of 9 or 10 on a scale from 0 (lowest) to 10 (highest) — Patients who gave a rating of ""9"" or ""10"" (high)",75.0,91.0
451308,YOAKUM COUNTY HOSPITAL,YOAKUM,False,Voluntary non-profit - Other,H_QUIET_HSP_A_P,"Patients who reported that the area around their room was ""Always"" quiet at night — ""Always"" quiet at night",60.0,91.0
451308,YOAKUM COUNTY HOSPITAL,YOAKUM,False,Voluntary non-profit - Other,H_RECMND_DY,"Patients who reported YES, they would definitely recommend the hospital — ""YES"", patients would definitely recommend the hospital",77.0,91.0
